{"ElectionName":"2020 November General","ElectionDate":"2020-11-03T00:00:00","CreateDate":"2020-11-24T11:20:47.0898063-05:00","Locality":{"LocalityName":"ACCOMACK COUNTY","LocalityCode":"001"},"Races":[{"RaceName":"President and Vice President","PrecinctsReporting":17,"PrecinctsParticipating":17,"NumberOfSeats":1,"Candidates":[{"BallotName":"Joseph R. Biden","BallotOrder":1,"Votes":7578,"Percentage":"44.68%","PoliticalParty":"Democratic"},{"BallotName":"Donald J. Trump","BallotOrder":2,"Votes":9172,"Percentage":"54.07%","PoliticalParty":"Republican"},{"BallotName":"Jo Jorgensen","BallotOrder":3,"Votes":188,"Percentage":"1.11%","PoliticalParty":"Libertarian"},{"BallotName":"Write In","BallotOrder":2147483647,"Votes":24,"Percentage":"0.14%","PoliticalParty":"Write-In"}]},{"RaceName":"Member United States Senate","PrecinctsReporting":17,"PrecinctsParticipating":17,"NumberOfSeats":1,"Candidates":[{"BallotName":"Mark R. Warner","BallotOrder":1,"Votes":7939,"Percentage":"47.23%","PoliticalParty":"Democratic"},{"BallotName":"Daniel M. Gade","BallotOrder":2,"Votes":8863,"Percentage":"52.72%","PoliticalParty":"Republican"},{"BallotName":"Write In","BallotOrder":2147483647,"Votes":9,"Percentage":"0.05%","PoliticalParty":"Write-In"}]},{"RaceName":"Member House of Representatives (02)","PrecinctsReporting":17,"PrecinctsParticipating":17,"NumberOfSeats":1,"Candidates":[{"BallotName":"Elaine G. Luria","BallotOrder":1,"Votes":7707,"Percentage":"45.74%","PoliticalParty":"Democratic"},{"BallotName":"Scott W. Taylor","BallotOrder":2,"Votes":8793,"Percentage":"52.18%","PoliticalParty":"Republican"},{"BallotName":"David Bruce Foster","BallotOrder":3,"Votes":342,"Percentage":"2.03%","PoliticalParty":"Independent"},{"BallotName":"Write In","BallotOrder":2147483647,"Votes":8,"Percentage":"0.05%","PoliticalParty":"Write-In"}]},{"RaceName":"Mayor - Accomac (ACCOMAC)","PrecinctsReporting":2,"PrecinctsParticipating":2,"NumberOfSeats":1,"Candidates":[{"BallotName":"Patricia T. \"Pat\" Smith","BallotOrder":1,"Votes":185,"Percentage":"95.85%","PoliticalParty":""},{"BallotName":"Write In","BallotOrder":2147483647,"Votes":8,"Percentage":"4.15%","PoliticalParty":""}]},{"RaceName":"Mayor - Bloxom (BLOXOM)","PrecinctsReporting":2,"PrecinctsParticipating":2,"NumberOfSeats":1,"Candidates":[{"BallotName":"Thomas W. Beasley","BallotOrder":1,"Votes":31,"Percentage":"43.06%","PoliticalParty":""},{"BallotName":"Write In","BallotOrder":2147483647,"Votes":41,"Percentage":"56.94%","PoliticalParty":""}]},{"RaceName":"Mayor - Melfa (MELFA)","PrecinctsReporting":2,"PrecinctsParticipating":2,"NumberOfSeats":1,"Candidates":[{"BallotName":"Charles R. Wilbur","BallotOrder":1,"Votes":179,"Percentage":"95.21%","PoliticalParty":""},{"BallotName":"Write In","BallotOrder":2147483647,"Votes":9,"Percentage":"4.79%","PoliticalParty":""}]},{"RaceName":"Mayor - Onley (ONLEY)","PrecinctsReporting":2,"PrecinctsParticipating":2,"NumberOfSeats":1,"Candidates":[{"BallotName":"Matt D. Hart","BallotOrder":1,"Votes":136,"Percentage":"51.13%","PoliticalParty":""},{"BallotName":"Henry E. \"Ned\" Finney","BallotOrder":2,"Votes":124,"Percentage":"46.62%","PoliticalParty":""},{"BallotName":"Write In","BallotOrder":2147483647,"Votes":6,"Percentage":"2.26%","PoliticalParty":""}]},{"RaceName":"Mayor - Painter (PAINTER)","PrecinctsReporting":2,"PrecinctsParticipating":2,"NumberOfSeats":1,"Candidates":[{"BallotName":"Connie Widgeon Campbell","BallotOrder":1,"Votes":101,"Percentage":"99.02%","PoliticalParty":""},{"BallotName":"Write In","BallotOrder":2147483647,"Votes":1,"Percentage":"0.98%","PoliticalParty":""}]},{"RaceName":"Member Town Council - Accomac (ACCOMAC)","PrecinctsReporting":2,"PrecinctsParticipating":2,"NumberOfSeats":6,"Candidates":[{"BallotName":"Joyce Metcalf Lewis","BallotOrder":1,"Votes":126,"Percentage":"19.97%","PoliticalParty":""},{"BallotName":"Thomas Edward Hines","BallotOrder":2,"Votes":138,"Percentage":"21.87%","PoliticalParty":""},{"BallotName":"Patricia E. Hubbard","BallotOrder":3,"Votes":98,"Percentage":"15.53%","PoliticalParty":""},{"BallotName":"Christopher W. Newman","BallotOrder":4,"Votes":119,"Percentage":"18.86%","PoliticalParty":""},{"BallotName":"Steve R. Troyer","BallotOrder":5,"Votes":107,"Percentage":"16.96%","PoliticalParty":""},{"BallotName":"Dale B. Lawrence","BallotOrder":6,"Votes":9,"Percentage":"1.43%","PoliticalParty":""},{"BallotName":"Write In","BallotOrder":2147483647,"Votes":34,"Percentage":"5.39%","PoliticalParty":""}]},{"RaceName":"Member Town Council - Bloxom (BLOXOM)","PrecinctsReporting":2,"PrecinctsParticipating":2,"NumberOfSeats":6,"Candidates":[{"BallotName":"Samuel H. Bloxom, Jr.","BallotOrder":1,"Votes":82,"Percentage":"26.54%","PoliticalParty":""},{"BallotName":"Louella H. Fox","BallotOrder":2,"Votes":87,"Percentage":"28.16%","PoliticalParty":""},{"BallotName":"Christopher F. Kreisl","BallotOrder":3,"Votes":81,"Percentage":"26.21%","PoliticalParty":""},{"BallotName":"James T. Bagwell II","BallotOrder":4,"Votes":14,"Percentage":"4.53%","PoliticalParty":""},{"BallotName":"Mary E. Jimenez","BallotOrder":5,"Votes":5,"Percentage":"1.62%","PoliticalParty":""},{"BallotName":"Peter G. Bourbeau II","BallotOrder":6,"Votes":3,"Percentage":"0.97%","PoliticalParty":""},{"BallotName":"Write In","BallotOrder":2147483647,"Votes":37,"Percentage":"11.97%","PoliticalParty":""}]},{"RaceName":"Member Town Council - Melfa (MELFA)","PrecinctsReporting":2,"PrecinctsParticipating":2,"NumberOfSeats":6,"Candidates":[{"BallotName":"James R. Wilson","BallotOrder":1,"Votes":172,"Percentage":"43.54%","PoliticalParty":""},{"BallotName":"Brian B. Langley","BallotOrder":2,"Votes":133,"Percentage":"33.67%","PoliticalParty":""},{"BallotName":"Raymond W. Lewis Jr.","BallotOrder":3,"Votes":3,"Percentage":"0.76%","PoliticalParty":""},{"BallotName":"Daniel F. Macca","BallotOrder":4,"Votes":25,"Percentage":"6.33%","PoliticalParty":""},{"BallotName":"Gregory J. Spady","BallotOrder":5,"Votes":21,"Percentage":"5.32%","PoliticalParty":""},{"BallotName":"David A. Peffer","BallotOrder":6,"Votes":14,"Percentage":"3.54%","PoliticalParty":""},{"BallotName":"Write In","BallotOrder":2147483647,"Votes":27,"Percentage":"6.84%","PoliticalParty":""}]},{"RaceName":"Member Town Council - Onley (ONLEY)","PrecinctsReporting":2,"PrecinctsParticipating":2,"NumberOfSeats":6,"Candidates":[{"BallotName":"Brian A. Corbin","BallotOrder":1,"Votes":146,"Percentage":"13.52%","PoliticalParty":""},{"BallotName":"Rose M. Pierson","BallotOrder":2,"Votes":142,"Percentage":"13.15%","PoliticalParty":""},{"BallotName":"William R. \"Bill\" Ferguson","BallotOrder":3,"Votes":159,"Percentage":"14.72%","PoliticalParty":""},{"BallotName":"Susan M. Rillo","BallotOrder":4,"Votes":135,"Percentage":"12.50%","PoliticalParty":""},{"BallotName":"Woody W. Zember","BallotOrder":5,"Votes":161,"Percentage":"14.91%","PoliticalParty":""},{"BallotName":"Billye D. Custis","BallotOrder":6,"Votes":164,"Percentage":"15.19%","PoliticalParty":""},{"BallotName":"Claudia Carpenter Harmon","BallotOrder":7,"Votes":166,"Percentage":"15.37%","PoliticalParty":""},{"BallotName":"Write In","BallotOrder":2147483647,"Votes":7,"Percentage":"0.65%","PoliticalParty":""}]},{"RaceName":"Member Town Council - Painter (PAINTER)","PrecinctsReporting":2,"PrecinctsParticipating":2,"NumberOfSeats":6,"Candidates":[{"BallotName":"James N. Sturgis","BallotOrder":1,"Votes":70,"Percentage":"18.92%","PoliticalParty":""},{"BallotName":"Stephen J. Hearne","BallotOrder":2,"Votes":57,"Percentage":"15.41%","PoliticalParty":""},{"BallotName":"Thomas L. Willett","BallotOrder":3,"Votes":57,"Percentage":"15.41%","PoliticalParty":""},{"BallotName":"Barry Chance Frey","BallotOrder":4,"Votes":52,"Percentage":"14.05%","PoliticalParty":""},{"BallotName":"Kim Randall Savage","BallotOrder":5,"Votes":62,"Percentage":"16.76%","PoliticalParty":""},{"BallotName":"Eric T. Harris","BallotOrder":6,"Votes":64,"Percentage":"17.30%","PoliticalParty":""},{"BallotName":"Write In","BallotOrder":2147483647,"Votes":8,"Percentage":"2.16%","PoliticalParty":""}]},{"RaceName":"Member Town Council - Parksley (PARKSLEY)","PrecinctsReporting":2,"PrecinctsParticipating":2,"NumberOfSeats":1,"Candidates":[{"BallotName":"Henry T. Nicholson Jr.","BallotOrder":1,"Votes":221,"Percentage":"60.05%","PoliticalParty":""},{"BallotName":"Carol E. Matthews","BallotOrder":2,"Votes":99,"Percentage":"26.90%","PoliticalParty":""},{"BallotName":"Michael D. Shreves","BallotOrder":3,"Votes":36,"Percentage":"9.78%","PoliticalParty":""},{"BallotName":"Alexis Komaridis","BallotOrder":4,"Votes":9,"Percentage":"2.45%","PoliticalParty":""},{"BallotName":"Write In","BallotOrder":2147483647,"Votes":3,"Percentage":"0.82%","PoliticalParty":""}]},{"RaceName":"Constitutional Amendment #1","PrecinctsReporting":17,"PrecinctsParticipating":17,"NumberOfSeats":1,"Candidates":[{"BallotName":"Yes","BallotOrder":1,"Votes":10666,"Percentage":"67.06%","PoliticalParty":null},{"BallotName":"No","BallotOrder":2,"Votes":5239,"Percentage":"32.94%","PoliticalParty":null}]},{"RaceName":"Constitutional Amendment #2","PrecinctsReporting":17,"PrecinctsParticipating":17,"NumberOfSeats":1,"Candidates":[{"BallotName":"Yes","BallotOrder":1,"Votes":14653,"Percentage":"89.13%","PoliticalParty":null},{"BallotName":"No","BallotOrder":2,"Votes":1787,"Percentage":"10.87%","PoliticalParty":null}]}]}