{"ElectionName":"2020 November General","ElectionDate":"2020-11-03T00:00:00","CreateDate":"2020-11-24T11:20:47.1088085-05:00","Locality":{"LocalityName":"ALBEMARLE COUNTY","LocalityCode":"003"},"Races":[{"RaceName":"President and Vice President","PrecinctsReporting":31,"PrecinctsParticipating":31,"NumberOfSeats":1,"Candidates":[{"BallotName":"Joseph R. Biden","BallotOrder":1,"Votes":42466,"Percentage":"65.68%","PoliticalParty":"Democratic"},{"BallotName":"Donald J. Trump","BallotOrder":2,"Votes":20804,"Percentage":"32.18%","PoliticalParty":"Republican"},{"BallotName":"Jo Jorgensen","BallotOrder":3,"Votes":1014,"Percentage":"1.57%","PoliticalParty":"Libertarian"},{"BallotName":"Write In","BallotOrder":2147483647,"Votes":373,"Percentage":"0.58%","PoliticalParty":"Write-In"}]},{"RaceName":"Member United States Senate","PrecinctsReporting":31,"PrecinctsParticipating":31,"NumberOfSeats":1,"Candidates":[{"BallotName":"Mark R. Warner","BallotOrder":1,"Votes":42730,"Percentage":"67.31%","PoliticalParty":"Democratic"},{"BallotName":"Daniel M. Gade","BallotOrder":2,"Votes":20700,"Percentage":"32.61%","PoliticalParty":"Republican"},{"BallotName":"Write In","BallotOrder":2147483647,"Votes":55,"Percentage":"0.09%","PoliticalParty":"Write-In"}]},{"RaceName":"Member House of Representatives (05)","PrecinctsReporting":31,"PrecinctsParticipating":31,"NumberOfSeats":1,"Candidates":[{"BallotName":"B. Cameron Webb","BallotOrder":1,"Votes":43361,"Percentage":"68.22%","PoliticalParty":"Democratic"},{"BallotName":"Robert G. \"Bob\" Good","BallotOrder":2,"Votes":20005,"Percentage":"31.47%","PoliticalParty":"Republican"},{"BallotName":"Write In","BallotOrder":2147483647,"Votes":198,"Percentage":"0.31%","PoliticalParty":"Write-In"}]},{"RaceName":"Constitutional Amendment #1","PrecinctsReporting":31,"PrecinctsParticipating":31,"NumberOfSeats":1,"Candidates":[{"BallotName":"Yes","BallotOrder":1,"Votes":44849,"Percentage":"72.94%","PoliticalParty":null},{"BallotName":"No","BallotOrder":2,"Votes":16638,"Percentage":"27.06%","PoliticalParty":null}]},{"RaceName":"Constitutional Amendment #2","PrecinctsReporting":31,"PrecinctsParticipating":31,"NumberOfSeats":1,"Candidates":[{"BallotName":"Yes","BallotOrder":1,"Votes":53304,"Percentage":"84.48%","PoliticalParty":null},{"BallotName":"No","BallotOrder":2,"Votes":9795,"Percentage":"15.52%","PoliticalParty":null}]}]}