{"ElectionName":"2020 November General","ElectionDate":"2020-11-03T00:00:00","CreateDate":"2020-11-24T11:20:47.1258087-05:00","Locality":{"LocalityName":"ALEXANDRIA CITY","LocalityCode":"510"},"Races":[{"RaceName":"President and Vice President","PrecinctsReporting":31,"PrecinctsParticipating":31,"NumberOfSeats":1,"Candidates":[{"BallotName":"Joseph R. Biden","BallotOrder":1,"Votes":66240,"Percentage":"80.28%","PoliticalParty":"Democratic"},{"BallotName":"Donald J. Trump","BallotOrder":2,"Votes":14544,"Percentage":"17.63%","PoliticalParty":"Republican"},{"BallotName":"Jo Jorgensen","BallotOrder":3,"Votes":1022,"Percentage":"1.24%","PoliticalParty":"Libertarian"},{"BallotName":"Write In","BallotOrder":2147483647,"Votes":702,"Percentage":"0.85%","PoliticalParty":"Write-In"}]},{"RaceName":"Member United States Senate","PrecinctsReporting":31,"PrecinctsParticipating":31,"NumberOfSeats":1,"Candidates":[{"BallotName":"Mark R. Warner","BallotOrder":1,"Votes":65071,"Percentage":"79.37%","PoliticalParty":"Democratic"},{"BallotName":"Daniel M. Gade","BallotOrder":2,"Votes":16802,"Percentage":"20.50%","PoliticalParty":"Republican"},{"BallotName":"Write In","BallotOrder":2147483647,"Votes":107,"Percentage":"0.13%","PoliticalParty":"Write-In"}]},{"RaceName":"Member House of Representatives (08)","PrecinctsReporting":31,"PrecinctsParticipating":31,"NumberOfSeats":1,"Candidates":[{"BallotName":"Donald S. Beyer Jr.","BallotOrder":1,"Votes":64007,"Percentage":"78.76%","PoliticalParty":"Democratic"},{"BallotName":"Jeff A. Jordan","BallotOrder":2,"Votes":17034,"Percentage":"20.96%","PoliticalParty":"Republican"},{"BallotName":"Write In","BallotOrder":2147483647,"Votes":223,"Percentage":"0.27%","PoliticalParty":"Write-In"}]},{"RaceName":"Constitutional Amendment #1","PrecinctsReporting":31,"PrecinctsParticipating":31,"NumberOfSeats":1,"Candidates":[{"BallotName":"Yes","BallotOrder":1,"Votes":46623,"Percentage":"60.64%","PoliticalParty":null},{"BallotName":"No","BallotOrder":2,"Votes":30258,"Percentage":"39.36%","PoliticalParty":null}]},{"RaceName":"Constitutional Amendment #2","PrecinctsReporting":31,"PrecinctsParticipating":31,"NumberOfSeats":1,"Candidates":[{"BallotName":"Yes","BallotOrder":1,"Votes":62792,"Percentage":"80.28%","PoliticalParty":null},{"BallotName":"No","BallotOrder":2,"Votes":15427,"Percentage":"19.72%","PoliticalParty":null}]}]}