{"ElectionName":"2020 November General","ElectionDate":"2020-11-03T00:00:00","CreateDate":"2020-11-24T11:20:47.14181-05:00","Locality":{"LocalityName":"ALLEGHANY COUNTY","LocalityCode":"005"},"Races":[{"RaceName":"President and Vice President","PrecinctsReporting":13,"PrecinctsParticipating":13,"NumberOfSeats":1,"Candidates":[{"BallotName":"Joseph R. Biden","BallotOrder":1,"Votes":2243,"Percentage":"27.34%","PoliticalParty":"Democratic"},{"BallotName":"Donald J. Trump","BallotOrder":2,"Votes":5859,"Percentage":"71.43%","PoliticalParty":"Republican"},{"BallotName":"Jo Jorgensen","BallotOrder":3,"Votes":89,"Percentage":"1.08%","PoliticalParty":"Libertarian"},{"BallotName":"Write In","BallotOrder":2147483647,"Votes":12,"Percentage":"0.15%","PoliticalParty":"Write-In"}]},{"RaceName":"Member United States Senate","PrecinctsReporting":13,"PrecinctsParticipating":13,"NumberOfSeats":1,"Candidates":[{"BallotName":"Mark R. Warner","BallotOrder":1,"Votes":2822,"Percentage":"35.30%","PoliticalParty":"Democratic"},{"BallotName":"Daniel M. Gade","BallotOrder":2,"Votes":5159,"Percentage":"64.53%","PoliticalParty":"Republican"},{"BallotName":"Write In","BallotOrder":2147483647,"Votes":14,"Percentage":"0.18%","PoliticalParty":"Write-In"}]},{"RaceName":"Member House of Representatives (09)","PrecinctsReporting":13,"PrecinctsParticipating":13,"NumberOfSeats":1,"Candidates":[{"BallotName":"H. Morgan Griffith","BallotOrder":1,"Votes":6550,"Percentage":"96.47%","PoliticalParty":"Republican"},{"BallotName":"Write In","BallotOrder":2147483647,"Votes":240,"Percentage":"3.53%","PoliticalParty":"Write-In"}]},{"RaceName":"Mayor (IRON GATE)","PrecinctsReporting":2,"PrecinctsParticipating":2,"NumberOfSeats":1,"Candidates":[{"BallotName":"Charles W. \"Chuck\" Unroe","BallotOrder":1,"Votes":154,"Percentage":"96.25%","PoliticalParty":""},{"BallotName":"Write In","BallotOrder":2147483647,"Votes":6,"Percentage":"3.75%","PoliticalParty":""}]},{"RaceName":"Member Town Council - Clifton Forge (CLIFTON FORGE)","PrecinctsReporting":3,"PrecinctsParticipating":3,"NumberOfSeats":2,"Candidates":[{"BallotName":"Oliver F. \"Butch\" Reid, Jr.","BallotOrder":1,"Votes":525,"Percentage":"19.93%","PoliticalParty":""},{"BallotName":"Jeffrey A. Irvine","BallotOrder":2,"Votes":807,"Percentage":"30.64%","PoliticalParty":""},{"BallotName":"David W. Oeltjen","BallotOrder":3,"Votes":550,"Percentage":"20.88%","PoliticalParty":""},{"BallotName":"Carl T. \"Shorty\" Wolfe, Jr.","BallotOrder":4,"Votes":706,"Percentage":"26.80%","PoliticalParty":""},{"BallotName":"Write In","BallotOrder":2147483647,"Votes":46,"Percentage":"1.75%","PoliticalParty":""}]},{"RaceName":"Member Town Council (IRON GATE)","PrecinctsReporting":2,"PrecinctsParticipating":2,"NumberOfSeats":3,"Candidates":[{"BallotName":"James T. Mays, Jr.","BallotOrder":1,"Votes":120,"Percentage":"30.38%","PoliticalParty":""},{"BallotName":"Jennifer A. Nicely","BallotOrder":2,"Votes":136,"Percentage":"34.43%","PoliticalParty":""},{"BallotName":"Ashley C. Prior","BallotOrder":3,"Votes":124,"Percentage":"31.39%","PoliticalParty":""},{"BallotName":"Write In","BallotOrder":2147483647,"Votes":15,"Percentage":"3.80%","PoliticalParty":""}]},{"RaceName":"Constitutional Amendment #1","PrecinctsReporting":13,"PrecinctsParticipating":13,"NumberOfSeats":1,"Candidates":[{"BallotName":"Yes","BallotOrder":1,"Votes":5689,"Percentage":"73.04%","PoliticalParty":null},{"BallotName":"No","BallotOrder":2,"Votes":2100,"Percentage":"26.96%","PoliticalParty":null}]},{"RaceName":"Constitutional Amendment #2","PrecinctsReporting":13,"PrecinctsParticipating":13,"NumberOfSeats":1,"Candidates":[{"BallotName":"Yes","BallotOrder":1,"Votes":7265,"Percentage":"90.50%","PoliticalParty":null},{"BallotName":"No","BallotOrder":2,"Votes":763,"Percentage":"9.50%","PoliticalParty":null}]}]}