{"ElectionName":"2020 November General","ElectionDate":"2020-11-03T00:00:00","CreateDate":"2020-11-24T11:20:47.1578111-05:00","Locality":{"LocalityName":"AMELIA COUNTY","LocalityCode":"007"},"Races":[{"RaceName":"President and Vice President","PrecinctsReporting":6,"PrecinctsParticipating":6,"NumberOfSeats":1,"Candidates":[{"BallotName":"Joseph R. Biden","BallotOrder":1,"Votes":2411,"Percentage":"30.55%","PoliticalParty":"Democratic"},{"BallotName":"Donald J. Trump","BallotOrder":2,"Votes":5390,"Percentage":"68.29%","PoliticalParty":"Republican"},{"BallotName":"Jo Jorgensen","BallotOrder":3,"Votes":80,"Percentage":"1.01%","PoliticalParty":"Libertarian"},{"BallotName":"Write In","BallotOrder":2147483647,"Votes":12,"Percentage":"0.15%","PoliticalParty":"Write-In"}]},{"RaceName":"Member United States Senate","PrecinctsReporting":6,"PrecinctsParticipating":6,"NumberOfSeats":1,"Candidates":[{"BallotName":"Mark R. Warner","BallotOrder":1,"Votes":2559,"Percentage":"32.67%","PoliticalParty":"Democratic"},{"BallotName":"Daniel M. Gade","BallotOrder":2,"Votes":5266,"Percentage":"67.23%","PoliticalParty":"Republican"},{"BallotName":"Write In","BallotOrder":2147483647,"Votes":8,"Percentage":"0.10%","PoliticalParty":"Write-In"}]},{"RaceName":"Member House of Representatives (07)","PrecinctsReporting":6,"PrecinctsParticipating":6,"NumberOfSeats":1,"Candidates":[{"BallotName":"Abigail A. Spanberger","BallotOrder":1,"Votes":2542,"Percentage":"32.49%","PoliticalParty":"Democratic"},{"BallotName":"Nick J. Freitas","BallotOrder":2,"Votes":5272,"Percentage":"67.38%","PoliticalParty":"Republican"},{"BallotName":"Write In","BallotOrder":2147483647,"Votes":10,"Percentage":"0.13%","PoliticalParty":"Write-In"}]},{"RaceName":"Member Board of Supervisors (DISTRICT 1)","PrecinctsReporting":2,"PrecinctsParticipating":2,"NumberOfSeats":1,"Candidates":[{"BallotName":"David Felts Jr.","BallotOrder":1,"Votes":990,"Percentage":"74.05%","PoliticalParty":""},{"BallotName":"Jason A. Baird","BallotOrder":2,"Votes":175,"Percentage":"13.09%","PoliticalParty":""},{"BallotName":"Jeremy S. Snyder","BallotOrder":3,"Votes":171,"Percentage":"12.79%","PoliticalParty":""},{"BallotName":"Write In","BallotOrder":2147483647,"Votes":1,"Percentage":"0.07%","PoliticalParty":""}]},{"RaceName":"Constitutional Amendment #1","PrecinctsReporting":6,"PrecinctsParticipating":6,"NumberOfSeats":1,"Candidates":[{"BallotName":"Yes","BallotOrder":1,"Votes":5390,"Percentage":"72.33%","PoliticalParty":null},{"BallotName":"No","BallotOrder":2,"Votes":2062,"Percentage":"27.67%","PoliticalParty":null}]},{"RaceName":"Constitutional Amendment #2","PrecinctsReporting":6,"PrecinctsParticipating":6,"NumberOfSeats":1,"Candidates":[{"BallotName":"Yes","BallotOrder":1,"Votes":6853,"Percentage":"89.97%","PoliticalParty":null},{"BallotName":"No","BallotOrder":2,"Votes":764,"Percentage":"10.03%","PoliticalParty":null}]}]}