{"ElectionName":"2020 November General","ElectionDate":"2020-11-03T00:00:00","CreateDate":"2020-11-24T11:20:47.172813-05:00","Locality":{"LocalityName":"AMHERST COUNTY","LocalityCode":"009"},"Races":[{"RaceName":"President and Vice President","PrecinctsReporting":12,"PrecinctsParticipating":12,"NumberOfSeats":1,"Candidates":[{"BallotName":"Joseph R. Biden","BallotOrder":1,"Votes":5672,"Percentage":"33.35%","PoliticalParty":"Democratic"},{"BallotName":"Donald J. Trump","BallotOrder":2,"Votes":11041,"Percentage":"64.93%","PoliticalParty":"Republican"},{"BallotName":"Jo Jorgensen","BallotOrder":3,"Votes":251,"Percentage":"1.48%","PoliticalParty":"Libertarian"},{"BallotName":"Write In","BallotOrder":2147483647,"Votes":41,"Percentage":"0.24%","PoliticalParty":"Write-In"}]},{"RaceName":"Member United States Senate","PrecinctsReporting":12,"PrecinctsParticipating":12,"NumberOfSeats":1,"Candidates":[{"BallotName":"Mark R. Warner","BallotOrder":1,"Votes":6273,"Percentage":"37.11%","PoliticalParty":"Democratic"},{"BallotName":"Daniel M. Gade","BallotOrder":2,"Votes":10624,"Percentage":"62.85%","PoliticalParty":"Republican"},{"BallotName":"Write In","BallotOrder":2147483647,"Votes":6,"Percentage":"0.04%","PoliticalParty":"Write-In"}]},{"RaceName":"Member House of Representatives (06)","PrecinctsReporting":12,"PrecinctsParticipating":12,"NumberOfSeats":1,"Candidates":[{"BallotName":"Nicholas A. Betts","BallotOrder":1,"Votes":5110,"Percentage":"30.34%","PoliticalParty":"Democratic"},{"BallotName":"Ben L. Cline","BallotOrder":2,"Votes":11715,"Percentage":"69.57%","PoliticalParty":"Republican"},{"BallotName":"Write In","BallotOrder":2147483647,"Votes":15,"Percentage":"0.09%","PoliticalParty":"Write-In"}]},{"RaceName":"Member Town Council - Amherst (AMHERST)","PrecinctsReporting":2,"PrecinctsParticipating":2,"NumberOfSeats":3,"Candidates":[{"BallotName":"Rachel A. Carton","BallotOrder":1,"Votes":501,"Percentage":"24.19%","PoliticalParty":""},{"BallotName":"R.A. \"Tony\" Robertson","BallotOrder":2,"Votes":433,"Percentage":"20.91%","PoliticalParty":""},{"BallotName":"Sharon W. Turner","BallotOrder":3,"Votes":684,"Percentage":"33.03%","PoliticalParty":""},{"BallotName":"Kenneth G. Bunch","BallotOrder":4,"Votes":436,"Percentage":"21.05%","PoliticalParty":""},{"BallotName":"Write In","BallotOrder":2147483647,"Votes":17,"Percentage":"0.82%","PoliticalParty":""}]},{"RaceName":"Constitutional Amendment #1","PrecinctsReporting":12,"PrecinctsParticipating":12,"NumberOfSeats":1,"Candidates":[{"BallotName":"Yes","BallotOrder":1,"Votes":11976,"Percentage":"73.48%","PoliticalParty":null},{"BallotName":"No","BallotOrder":2,"Votes":4323,"Percentage":"26.52%","PoliticalParty":null}]},{"RaceName":"Constitutional Amendment #2","PrecinctsReporting":12,"PrecinctsParticipating":12,"NumberOfSeats":1,"Candidates":[{"BallotName":"Yes","BallotOrder":1,"Votes":15190,"Percentage":"90.86%","PoliticalParty":null},{"BallotName":"No","BallotOrder":2,"Votes":1528,"Percentage":"9.14%","PoliticalParty":null}]}]}