{"ElectionName":"2020 November General","ElectionDate":"2020-11-03T00:00:00","CreateDate":"2020-11-24T11:20:47.1878134-05:00","Locality":{"LocalityName":"APPOMATTOX COUNTY","LocalityCode":"011"},"Races":[{"RaceName":"President and Vice President","PrecinctsReporting":10,"PrecinctsParticipating":10,"NumberOfSeats":1,"Candidates":[{"BallotName":"Joseph R. Biden","BallotOrder":1,"Votes":2418,"Percentage":"26.09%","PoliticalParty":"Democratic"},{"BallotName":"Donald J. Trump","BallotOrder":2,"Votes":6702,"Percentage":"72.31%","PoliticalParty":"Republican"},{"BallotName":"Jo Jorgensen","BallotOrder":3,"Votes":119,"Percentage":"1.28%","PoliticalParty":"Libertarian"},{"BallotName":"Write In","BallotOrder":2147483647,"Votes":29,"Percentage":"0.31%","PoliticalParty":"Write-In"}]},{"RaceName":"Member United States Senate","PrecinctsReporting":10,"PrecinctsParticipating":10,"NumberOfSeats":1,"Candidates":[{"BallotName":"Mark R. Warner","BallotOrder":1,"Votes":2741,"Percentage":"30.26%","PoliticalParty":"Democratic"},{"BallotName":"Daniel M. Gade","BallotOrder":2,"Votes":6306,"Percentage":"69.63%","PoliticalParty":"Republican"},{"BallotName":"Write In","BallotOrder":2147483647,"Votes":10,"Percentage":"0.11%","PoliticalParty":"Write-In"}]},{"RaceName":"Member House of Representatives (05)","PrecinctsReporting":10,"PrecinctsParticipating":10,"NumberOfSeats":1,"Candidates":[{"BallotName":"B. Cameron Webb","BallotOrder":1,"Votes":2695,"Percentage":"29.59%","PoliticalParty":"Democratic"},{"BallotName":"Robert G. \"Bob\" Good","BallotOrder":2,"Votes":6389,"Percentage":"70.15%","PoliticalParty":"Republican"},{"BallotName":"Write In","BallotOrder":2147483647,"Votes":23,"Percentage":"0.25%","PoliticalParty":"Write-In"}]},{"RaceName":"Constitutional Amendment #1","PrecinctsReporting":10,"PrecinctsParticipating":10,"NumberOfSeats":1,"Candidates":[{"BallotName":"Yes","BallotOrder":1,"Votes":6129,"Percentage":"70.55%","PoliticalParty":null},{"BallotName":"No","BallotOrder":2,"Votes":2558,"Percentage":"29.45%","PoliticalParty":null}]},{"RaceName":"Constitutional Amendment #2","PrecinctsReporting":10,"PrecinctsParticipating":10,"NumberOfSeats":1,"Candidates":[{"BallotName":"Yes","BallotOrder":1,"Votes":8080,"Percentage":"89.76%","PoliticalParty":null},{"BallotName":"No","BallotOrder":2,"Votes":922,"Percentage":"10.24%","PoliticalParty":null}]}]}