{"ElectionName":"2020 November General","ElectionDate":"2020-11-03T00:00:00","CreateDate":"2020-11-24T11:20:47.2038148-05:00","Locality":{"LocalityName":"ARLINGTON COUNTY","LocalityCode":"013"},"Races":[{"RaceName":"President and Vice President","PrecinctsReporting":55,"PrecinctsParticipating":55,"NumberOfSeats":1,"Candidates":[{"BallotName":"Joseph R. Biden","BallotOrder":1,"Votes":105344,"Percentage":"80.60%","PoliticalParty":"Democratic"},{"BallotName":"Donald J. Trump","BallotOrder":2,"Votes":22318,"Percentage":"17.08%","PoliticalParty":"Republican"},{"BallotName":"Jo Jorgensen","BallotOrder":3,"Votes":1836,"Percentage":"1.40%","PoliticalParty":"Libertarian"},{"BallotName":"Write In","BallotOrder":2147483647,"Votes":1201,"Percentage":"0.92%","PoliticalParty":"Write-In"}]},{"RaceName":"Member United States Senate","PrecinctsReporting":55,"PrecinctsParticipating":55,"NumberOfSeats":1,"Candidates":[{"BallotName":"Mark R. Warner","BallotOrder":1,"Votes":102880,"Percentage":"79.37%","PoliticalParty":"Democratic"},{"BallotName":"Daniel M. Gade","BallotOrder":2,"Votes":26590,"Percentage":"20.51%","PoliticalParty":"Republican"},{"BallotName":"Write In","BallotOrder":2147483647,"Votes":154,"Percentage":"0.12%","PoliticalParty":"Write-In"}]},{"RaceName":"Member House of Representatives (08)","PrecinctsReporting":55,"PrecinctsParticipating":55,"NumberOfSeats":1,"Candidates":[{"BallotName":"Donald S. Beyer Jr.","BallotOrder":1,"Votes":101981,"Percentage":"78.95%","PoliticalParty":"Democratic"},{"BallotName":"Jeff A. Jordan","BallotOrder":2,"Votes":26904,"Percentage":"20.83%","PoliticalParty":"Republican"},{"BallotName":"Write In","BallotOrder":2147483647,"Votes":284,"Percentage":"0.22%","PoliticalParty":"Write-In"}]},{"RaceName":"Member County Board (ARLINGTON COUNTY)","PrecinctsReporting":55,"PrecinctsParticipating":55,"NumberOfSeats":1,"Candidates":[{"BallotName":"Libby T. Garvey","BallotOrder":1,"Votes":82007,"Percentage":"71.37%","PoliticalParty":""},{"BallotName":"Audrey R. Clement","BallotOrder":2,"Votes":30843,"Percentage":"26.84%","PoliticalParty":""},{"BallotName":"Write In","BallotOrder":2147483647,"Votes":2050,"Percentage":"1.78%","PoliticalParty":""}]},{"RaceName":"Member School Board (ARLINGTON COUNTY)","PrecinctsReporting":55,"PrecinctsParticipating":55,"NumberOfSeats":2,"Candidates":[{"BallotName":"David Marcus Priddy","BallotOrder":1,"Votes":66815,"Percentage":"35.73%","PoliticalParty":""},{"BallotName":"Cristina I. Diaz-Torres","BallotOrder":2,"Votes":80567,"Percentage":"43.09%","PoliticalParty":""},{"BallotName":"S. Symone Walker","BallotOrder":3,"Votes":36058,"Percentage":"19.28%","PoliticalParty":""},{"BallotName":"Write In","BallotOrder":2147483647,"Votes":3536,"Percentage":"1.89%","PoliticalParty":""}]},{"RaceName":"Constitutional Amendment #1","PrecinctsReporting":55,"PrecinctsParticipating":55,"NumberOfSeats":1,"Candidates":[{"BallotName":"Yes","BallotOrder":1,"Votes":55228,"Percentage":"45.01%","PoliticalParty":null},{"BallotName":"No","BallotOrder":2,"Votes":67484,"Percentage":"54.99%","PoliticalParty":null}]},{"RaceName":"Constitutional Amendment #2","PrecinctsReporting":55,"PrecinctsParticipating":55,"NumberOfSeats":1,"Candidates":[{"BallotName":"Yes","BallotOrder":1,"Votes":101933,"Percentage":"81.47%","PoliticalParty":null},{"BallotName":"No","BallotOrder":2,"Votes":23182,"Percentage":"18.53%","PoliticalParty":null}]},{"RaceName":"Arlington Public Schools (ARLINGTON COUNTY)","PrecinctsReporting":55,"PrecinctsParticipating":55,"NumberOfSeats":1,"Candidates":[{"BallotName":"Yes","BallotOrder":1,"Votes":98756,"Percentage":"79.31%","PoliticalParty":null},{"BallotName":"No","BallotOrder":2,"Votes":25757,"Percentage":"20.69%","PoliticalParty":null}]},{"RaceName":"Community Infrastructure (ARLINGTON COUNTY)","PrecinctsReporting":55,"PrecinctsParticipating":55,"NumberOfSeats":1,"Candidates":[{"BallotName":"Yes","BallotOrder":1,"Votes":91759,"Percentage":"74.20%","PoliticalParty":null},{"BallotName":"No","BallotOrder":2,"Votes":31903,"Percentage":"25.80%","PoliticalParty":null}]},{"RaceName":"Local Parks and Recreation (ARLINGTON COUNTY)","PrecinctsReporting":55,"PrecinctsParticipating":55,"NumberOfSeats":1,"Candidates":[{"BallotName":"Yes","BallotOrder":1,"Votes":101602,"Percentage":"81.37%","PoliticalParty":null},{"BallotName":"No","BallotOrder":2,"Votes":23267,"Percentage":"18.63%","PoliticalParty":null}]},{"RaceName":"Metro and Transportation (ARLINGTON COUNTY)","PrecinctsReporting":55,"PrecinctsParticipating":55,"NumberOfSeats":1,"Candidates":[{"BallotName":"Yes","BallotOrder":1,"Votes":98730,"Percentage":"79.32%","PoliticalParty":null},{"BallotName":"No","BallotOrder":2,"Votes":25740,"Percentage":"20.68%","PoliticalParty":null}]},{"RaceName":"Stormwater (ARLINGTON COUNTY)","PrecinctsReporting":55,"PrecinctsParticipating":55,"NumberOfSeats":1,"Candidates":[{"BallotName":"Yes","BallotOrder":1,"Votes":97847,"Percentage":"79.04%","PoliticalParty":null},{"BallotName":"No","BallotOrder":2,"Votes":25948,"Percentage":"20.96%","PoliticalParty":null}]}]}