{"ElectionName":"2020 November General","ElectionDate":"2020-11-03T00:00:00","CreateDate":"2020-11-24T11:20:47.2208166-05:00","Locality":{"LocalityName":"AUGUSTA COUNTY","LocalityCode":"015"},"Races":[{"RaceName":"President and Vice President","PrecinctsReporting":26,"PrecinctsParticipating":26,"NumberOfSeats":1,"Candidates":[{"BallotName":"Joseph R. Biden","BallotOrder":1,"Votes":10840,"Percentage":"25.64%","PoliticalParty":"Democratic"},{"BallotName":"Donald J. Trump","BallotOrder":2,"Votes":30714,"Percentage":"72.65%","PoliticalParty":"Republican"},{"BallotName":"Jo Jorgensen","BallotOrder":3,"Votes":608,"Percentage":"1.44%","PoliticalParty":"Libertarian"},{"BallotName":"Write In","BallotOrder":2147483647,"Votes":116,"Percentage":"0.27%","PoliticalParty":"Write-In"}]},{"RaceName":"Member United States Senate","PrecinctsReporting":26,"PrecinctsParticipating":26,"NumberOfSeats":1,"Candidates":[{"BallotName":"Mark R. Warner","BallotOrder":1,"Votes":12224,"Percentage":"29.07%","PoliticalParty":"Democratic"},{"BallotName":"Daniel M. Gade","BallotOrder":2,"Votes":29794,"Percentage":"70.86%","PoliticalParty":"Republican"},{"BallotName":"Write In","BallotOrder":2147483647,"Votes":26,"Percentage":"0.06%","PoliticalParty":"Write-In"}]},{"RaceName":"Member House of Representatives (06)","PrecinctsReporting":26,"PrecinctsParticipating":26,"NumberOfSeats":1,"Candidates":[{"BallotName":"Nicholas A. Betts","BallotOrder":1,"Votes":9521,"Percentage":"22.71%","PoliticalParty":"Democratic"},{"BallotName":"Ben L. Cline","BallotOrder":2,"Votes":32375,"Percentage":"77.21%","PoliticalParty":"Republican"},{"BallotName":"Write In","BallotOrder":2147483647,"Votes":33,"Percentage":"0.08%","PoliticalParty":"Write-In"}]},{"RaceName":"Mayor - Grottoes (GROTTOES)","PrecinctsReporting":0,"PrecinctsParticipating":1,"NumberOfSeats":1,"Candidates":[{"BallotName":"Joshua K. Bailey","BallotOrder":1,"Votes":0,"Percentage":"0.00%","PoliticalParty":""},{"BallotName":"Joanne L. \"Jo\" Plaster","BallotOrder":2,"Votes":0,"Percentage":"0.00%","PoliticalParty":""},{"BallotName":"Write In","BallotOrder":2147483647,"Votes":0,"Percentage":"0.00%","PoliticalParty":""}]},{"RaceName":"Member Town Council - Craigsville (CRAIGSVILLE)","PrecinctsReporting":2,"PrecinctsParticipating":2,"NumberOfSeats":3,"Candidates":[{"BallotName":"Cynthia B. Doyle","BallotOrder":1,"Votes":278,"Percentage":"34.49%","PoliticalParty":""},{"BallotName":"Harvey R. Sprouse","BallotOrder":2,"Votes":252,"Percentage":"31.27%","PoliticalParty":""},{"BallotName":"Brad N. Ingram","BallotOrder":3,"Votes":253,"Percentage":"31.39%","PoliticalParty":""},{"BallotName":"Write In","BallotOrder":2147483647,"Votes":23,"Percentage":"2.85%","PoliticalParty":""}]},{"RaceName":"Member Town Council - Grottoes (GROTTOES)","PrecinctsReporting":0,"PrecinctsParticipating":1,"NumberOfSeats":3,"Candidates":[{"BallotName":"Charles K. Lawhorne","BallotOrder":1,"Votes":0,"Percentage":"0.00%","PoliticalParty":""},{"BallotName":"Michael W. Kohl","BallotOrder":2,"Votes":0,"Percentage":"0.00%","PoliticalParty":""},{"BallotName":"Tim Y. Leeth","BallotOrder":3,"Votes":0,"Percentage":"0.00%","PoliticalParty":""},{"BallotName":"Mark Alan Sterling","BallotOrder":4,"Votes":0,"Percentage":"0.00%","PoliticalParty":""},{"BallotName":"Write In","BallotOrder":2147483647,"Votes":0,"Percentage":"0.00%","PoliticalParty":""}]},{"RaceName":"Constitutional Amendment #1","PrecinctsReporting":26,"PrecinctsParticipating":26,"NumberOfSeats":1,"Candidates":[{"BallotName":"Yes","BallotOrder":1,"Votes":27976,"Percentage":"69.61%","PoliticalParty":null},{"BallotName":"No","BallotOrder":2,"Votes":12213,"Percentage":"30.39%","PoliticalParty":null}]},{"RaceName":"Constitutional Amendment #2","PrecinctsReporting":26,"PrecinctsParticipating":26,"NumberOfSeats":1,"Candidates":[{"BallotName":"Yes","BallotOrder":1,"Votes":37531,"Percentage":"90.53%","PoliticalParty":null},{"BallotName":"No","BallotOrder":2,"Votes":3928,"Percentage":"9.47%","PoliticalParty":null}]}]}