{"ElectionName":"2020 November General","ElectionDate":"2020-11-03T00:00:00","CreateDate":"2020-11-24T11:20:47.2368177-05:00","Locality":{"LocalityName":"BATH COUNTY","LocalityCode":"017"},"Races":[{"RaceName":"President and Vice President","PrecinctsReporting":8,"PrecinctsParticipating":8,"NumberOfSeats":1,"Candidates":[{"BallotName":"Joseph R. Biden","BallotOrder":1,"Votes":646,"Percentage":"25.83%","PoliticalParty":"Democratic"},{"BallotName":"Donald J. Trump","BallotOrder":2,"Votes":1834,"Percentage":"73.33%","PoliticalParty":"Republican"},{"BallotName":"Jo Jorgensen","BallotOrder":3,"Votes":16,"Percentage":"0.64%","PoliticalParty":"Libertarian"},{"BallotName":"Write In","BallotOrder":2147483647,"Votes":5,"Percentage":"0.20%","PoliticalParty":"Write-In"}]},{"RaceName":"Member United States Senate","PrecinctsReporting":8,"PrecinctsParticipating":8,"NumberOfSeats":1,"Candidates":[{"BallotName":"Mark R. Warner","BallotOrder":1,"Votes":744,"Percentage":"30.57%","PoliticalParty":"Democratic"},{"BallotName":"Daniel M. Gade","BallotOrder":2,"Votes":1688,"Percentage":"69.35%","PoliticalParty":"Republican"},{"BallotName":"Write In","BallotOrder":2147483647,"Votes":2,"Percentage":"0.08%","PoliticalParty":"Write-In"}]},{"RaceName":"Member House of Representatives (06)","PrecinctsReporting":8,"PrecinctsParticipating":8,"NumberOfSeats":1,"Candidates":[{"BallotName":"Nicholas A. Betts","BallotOrder":1,"Votes":530,"Percentage":"21.91%","PoliticalParty":"Democratic"},{"BallotName":"Ben L. Cline","BallotOrder":2,"Votes":1886,"Percentage":"77.97%","PoliticalParty":"Republican"},{"BallotName":"Write In","BallotOrder":2147483647,"Votes":3,"Percentage":"0.12%","PoliticalParty":"Write-In"}]},{"RaceName":"Constitutional Amendment #1","PrecinctsReporting":8,"PrecinctsParticipating":8,"NumberOfSeats":1,"Candidates":[{"BallotName":"Yes","BallotOrder":1,"Votes":1586,"Percentage":"66.69%","PoliticalParty":null},{"BallotName":"No","BallotOrder":2,"Votes":792,"Percentage":"33.31%","PoliticalParty":null}]},{"RaceName":"Constitutional Amendment #2","PrecinctsReporting":8,"PrecinctsParticipating":8,"NumberOfSeats":1,"Candidates":[{"BallotName":"Yes","BallotOrder":1,"Votes":2213,"Percentage":"90.47%","PoliticalParty":null},{"BallotName":"No","BallotOrder":2,"Votes":233,"Percentage":"9.53%","PoliticalParty":null}]}]}