{"ElectionName":"2020 November General","ElectionDate":"2020-11-03T00:00:00","CreateDate":"2020-11-24T11:20:47.2538185-05:00","Locality":{"LocalityName":"BEDFORD COUNTY","LocalityCode":"019"},"Races":[{"RaceName":"President and Vice President","PrecinctsReporting":33,"PrecinctsParticipating":33,"NumberOfSeats":1,"Candidates":[{"BallotName":"Joseph R. Biden","BallotOrder":1,"Votes":12176,"Percentage":"25.02%","PoliticalParty":"Democratic"},{"BallotName":"Donald J. Trump","BallotOrder":2,"Votes":35600,"Percentage":"73.15%","PoliticalParty":"Republican"},{"BallotName":"Jo Jorgensen","BallotOrder":3,"Votes":708,"Percentage":"1.45%","PoliticalParty":"Libertarian"},{"BallotName":"Write In","BallotOrder":2147483647,"Votes":185,"Percentage":"0.38%","PoliticalParty":"Write-In"}]},{"RaceName":"Member United States Senate","PrecinctsReporting":33,"PrecinctsParticipating":33,"NumberOfSeats":1,"Candidates":[{"BallotName":"Mark R. Warner","BallotOrder":1,"Votes":13872,"Percentage":"28.71%","PoliticalParty":"Democratic"},{"BallotName":"Daniel M. Gade","BallotOrder":2,"Votes":34407,"Percentage":"71.21%","PoliticalParty":"Republican"},{"BallotName":"Write In","BallotOrder":2147483647,"Votes":39,"Percentage":"0.08%","PoliticalParty":"Write-In"}]},{"RaceName":"Member House of Representatives (05)","PrecinctsReporting":20,"PrecinctsParticipating":20,"NumberOfSeats":1,"Candidates":[{"BallotName":"B. Cameron Webb","BallotOrder":1,"Votes":7136,"Percentage":"26.99%","PoliticalParty":"Democratic"},{"BallotName":"Robert G. \"Bob\" Good","BallotOrder":2,"Votes":19240,"Percentage":"72.76%","PoliticalParty":"Republican"},{"BallotName":"Write In","BallotOrder":2147483647,"Votes":66,"Percentage":"0.25%","PoliticalParty":"Write-In"}]},{"RaceName":"Member House of Representatives (06)","PrecinctsReporting":14,"PrecinctsParticipating":14,"NumberOfSeats":1,"Candidates":[{"BallotName":"Nicholas A. Betts","BallotOrder":1,"Votes":5024,"Percentage":"23.10%","PoliticalParty":"Democratic"},{"BallotName":"Ben L. Cline","BallotOrder":2,"Votes":16704,"Percentage":"76.80%","PoliticalParty":"Republican"},{"BallotName":"Write In","BallotOrder":2147483647,"Votes":23,"Percentage":"0.11%","PoliticalParty":"Write-In"}]},{"RaceName":"Clerk of Court (BEDFORD COUNTY)","PrecinctsReporting":33,"PrecinctsParticipating":33,"NumberOfSeats":1,"Candidates":[{"BallotName":"Judy E. Reynolds","BallotOrder":1,"Votes":42081,"Percentage":"98.91%","PoliticalParty":""},{"BallotName":"Write In","BallotOrder":2147483647,"Votes":462,"Percentage":"1.09%","PoliticalParty":""}]},{"RaceName":"Member Town Council - Special (Bedford)","PrecinctsReporting":3,"PrecinctsParticipating":3,"NumberOfSeats":1,"Candidates":[{"BallotName":"Bruce M. Johannessen","BallotOrder":1,"Votes":2429,"Percentage":"98.50%","PoliticalParty":""},{"BallotName":"Write In","BallotOrder":2147483647,"Votes":37,"Percentage":"1.50%","PoliticalParty":""}]},{"RaceName":"Member Town Council (Bedford)","PrecinctsReporting":3,"PrecinctsParticipating":3,"NumberOfSeats":4,"Candidates":[{"BallotName":"Stacey L. Hailey","BallotOrder":1,"Votes":1577,"Percentage":"21.14%","PoliticalParty":""},{"BallotName":"Bruce Erik Hartwick","BallotOrder":2,"Votes":1272,"Percentage":"17.05%","PoliticalParty":""},{"BallotName":"C. G. Stanley, Jr.","BallotOrder":3,"Votes":1716,"Percentage":"23.01%","PoliticalParty":""},{"BallotName":"Timothy W. Black","BallotOrder":4,"Votes":1758,"Percentage":"23.57%","PoliticalParty":""},{"BallotName":"F. Bryan Schley","BallotOrder":5,"Votes":1069,"Percentage":"14.33%","PoliticalParty":""},{"BallotName":"Write In","BallotOrder":2147483647,"Votes":67,"Percentage":"0.90%","PoliticalParty":""}]},{"RaceName":"Constitutional Amendment #1","PrecinctsReporting":33,"PrecinctsParticipating":33,"NumberOfSeats":1,"Candidates":[{"BallotName":"Yes","BallotOrder":1,"Votes":33848,"Percentage":"74.11%","PoliticalParty":null},{"BallotName":"No","BallotOrder":2,"Votes":11825,"Percentage":"25.89%","PoliticalParty":null}]},{"RaceName":"Constitutional Amendment #2","PrecinctsReporting":33,"PrecinctsParticipating":33,"NumberOfSeats":1,"Candidates":[{"BallotName":"Yes","BallotOrder":1,"Votes":42919,"Percentage":"91.19%","PoliticalParty":null},{"BallotName":"No","BallotOrder":2,"Votes":4149,"Percentage":"8.81%","PoliticalParty":null}]}]}