{"ElectionName":"2020 November General","ElectionDate":"2020-11-03T00:00:00","CreateDate":"2020-11-24T11:20:47.2848219-05:00","Locality":{"LocalityName":"BOTETOURT COUNTY","LocalityCode":"023"},"Races":[{"RaceName":"President and Vice President","PrecinctsReporting":11,"PrecinctsParticipating":11,"NumberOfSeats":1,"Candidates":[{"BallotName":"Joseph R. Biden","BallotOrder":1,"Votes":5700,"Percentage":"26.99%","PoliticalParty":"Democratic"},{"BallotName":"Donald J. Trump","BallotOrder":2,"Votes":15099,"Percentage":"71.49%","PoliticalParty":"Republican"},{"BallotName":"Jo Jorgensen","BallotOrder":3,"Votes":264,"Percentage":"1.25%","PoliticalParty":"Libertarian"},{"BallotName":"Write In","BallotOrder":2147483647,"Votes":57,"Percentage":"0.27%","PoliticalParty":"Write-In"}]},{"RaceName":"Member United States Senate","PrecinctsReporting":11,"PrecinctsParticipating":11,"NumberOfSeats":1,"Candidates":[{"BallotName":"Mark R. Warner","BallotOrder":1,"Votes":6512,"Percentage":"31.43%","PoliticalParty":"Democratic"},{"BallotName":"Daniel M. Gade","BallotOrder":2,"Votes":14190,"Percentage":"68.49%","PoliticalParty":"Republican"},{"BallotName":"Write In","BallotOrder":2147483647,"Votes":15,"Percentage":"0.07%","PoliticalParty":"Write-In"}]},{"RaceName":"Member House of Representatives (06)","PrecinctsReporting":11,"PrecinctsParticipating":11,"NumberOfSeats":1,"Candidates":[{"BallotName":"Nicholas A. Betts","BallotOrder":1,"Votes":4812,"Percentage":"23.46%","PoliticalParty":"Democratic"},{"BallotName":"Ben L. Cline","BallotOrder":2,"Votes":15682,"Percentage":"76.44%","PoliticalParty":"Republican"},{"BallotName":"Write In","BallotOrder":2147483647,"Votes":21,"Percentage":"0.10%","PoliticalParty":"Write-In"}]},{"RaceName":"Mayor, Town of Buchanan (BUCHANAN)","PrecinctsReporting":2,"PrecinctsParticipating":2,"NumberOfSeats":1,"Candidates":[{"BallotName":"Craig S. Bryant","BallotOrder":1,"Votes":516,"Percentage":"93.31%","PoliticalParty":""},{"BallotName":"Write In","BallotOrder":2147483647,"Votes":37,"Percentage":"6.69%","PoliticalParty":""}]},{"RaceName":"Mayor, Town of Troutville (TROUTVILLE)","PrecinctsReporting":2,"PrecinctsParticipating":2,"NumberOfSeats":1,"Candidates":[{"BallotName":"W. David Horton","BallotOrder":1,"Votes":214,"Percentage":"93.45%","PoliticalParty":""},{"BallotName":"Write In","BallotOrder":2147483647,"Votes":15,"Percentage":"6.55%","PoliticalParty":""}]},{"RaceName":"Member Town Council, Buchanan (BUCHANAN)","PrecinctsReporting":2,"PrecinctsParticipating":2,"NumberOfSeats":2,"Candidates":[{"BallotName":"James L. \"Jamie\" Manspile","BallotOrder":1,"Votes":350,"Percentage":"38.89%","PoliticalParty":""},{"BallotName":"Gerald \"Chris\" Petty","BallotOrder":2,"Votes":358,"Percentage":"39.78%","PoliticalParty":""},{"BallotName":"Wallace E. Muterspaugh Jr","BallotOrder":3,"Votes":168,"Percentage":"18.67%","PoliticalParty":""},{"BallotName":"Write In","BallotOrder":2147483647,"Votes":24,"Percentage":"2.67%","PoliticalParty":""}]},{"RaceName":"Member Town Council, Fincastle (FINCASTLE)","PrecinctsReporting":2,"PrecinctsParticipating":2,"NumberOfSeats":3,"Candidates":[{"BallotName":"William B. \"Bill\" Gaul","BallotOrder":1,"Votes":224,"Percentage":"33.99%","PoliticalParty":""},{"BallotName":"Philip T. Bartocci","BallotOrder":2,"Votes":120,"Percentage":"18.21%","PoliticalParty":""},{"BallotName":"Tyler D. Flinchum","BallotOrder":3,"Votes":138,"Percentage":"20.94%","PoliticalParty":""},{"BallotName":"John L. Thomas","BallotOrder":4,"Votes":162,"Percentage":"24.58%","PoliticalParty":""},{"BallotName":"Write In","BallotOrder":2147483647,"Votes":15,"Percentage":"2.28%","PoliticalParty":""}]},{"RaceName":"Member Town Council, Troutville (TROUTVILLE)","PrecinctsReporting":2,"PrecinctsParticipating":2,"NumberOfSeats":3,"Candidates":[{"BallotName":"Granville E. Grant","BallotOrder":1,"Votes":141,"Percentage":"31.69%","PoliticalParty":""},{"BallotName":"H. John Cook Jr.","BallotOrder":2,"Votes":129,"Percentage":"28.99%","PoliticalParty":""},{"BallotName":"Jonathan T. Simmons","BallotOrder":3,"Votes":157,"Percentage":"35.28%","PoliticalParty":""},{"BallotName":"Write In","BallotOrder":2147483647,"Votes":18,"Percentage":"4.04%","PoliticalParty":""}]},{"RaceName":"Constitutional Amendment #1","PrecinctsReporting":11,"PrecinctsParticipating":11,"NumberOfSeats":1,"Candidates":[{"BallotName":"Yes","BallotOrder":1,"Votes":14577,"Percentage":"72.32%","PoliticalParty":null},{"BallotName":"No","BallotOrder":2,"Votes":5578,"Percentage":"27.68%","PoliticalParty":null}]},{"RaceName":"Constitutional Amendment #2","PrecinctsReporting":11,"PrecinctsParticipating":11,"NumberOfSeats":1,"Candidates":[{"BallotName":"Yes","BallotOrder":1,"Votes":18695,"Percentage":"90.02%","PoliticalParty":null},{"BallotName":"No","BallotOrder":2,"Votes":2072,"Percentage":"9.98%","PoliticalParty":null}]}]}