{"ElectionName":"2020 November General","ElectionDate":"2020-11-03T00:00:00","CreateDate":"2020-11-24T11:20:47.3018224-05:00","Locality":{"LocalityName":"BRISTOL CITY","LocalityCode":"520"},"Races":[{"RaceName":"President and Vice President","PrecinctsReporting":5,"PrecinctsParticipating":5,"NumberOfSeats":1,"Candidates":[{"BallotName":"Joseph R. Biden","BallotOrder":1,"Votes":2313,"Percentage":"29.63%","PoliticalParty":"Democratic"},{"BallotName":"Donald J. Trump","BallotOrder":2,"Votes":5347,"Percentage":"68.50%","PoliticalParty":"Republican"},{"BallotName":"Jo Jorgensen","BallotOrder":3,"Votes":125,"Percentage":"1.60%","PoliticalParty":"Libertarian"},{"BallotName":"Write In","BallotOrder":2147483647,"Votes":21,"Percentage":"0.27%","PoliticalParty":"Write-In"}]},{"RaceName":"Member United States Senate","PrecinctsReporting":5,"PrecinctsParticipating":5,"NumberOfSeats":1,"Candidates":[{"BallotName":"Mark R. Warner","BallotOrder":1,"Votes":2787,"Percentage":"36.25%","PoliticalParty":"Democratic"},{"BallotName":"Daniel M. Gade","BallotOrder":2,"Votes":4892,"Percentage":"63.63%","PoliticalParty":"Republican"},{"BallotName":"Write In","BallotOrder":2147483647,"Votes":9,"Percentage":"0.12%","PoliticalParty":"Write-In"}]},{"RaceName":"Member House of Representatives (09)","PrecinctsReporting":5,"PrecinctsParticipating":5,"NumberOfSeats":1,"Candidates":[{"BallotName":"H. Morgan Griffith","BallotOrder":1,"Votes":6062,"Percentage":"94.26%","PoliticalParty":"Republican"},{"BallotName":"Write In","BallotOrder":2147483647,"Votes":369,"Percentage":"5.74%","PoliticalParty":"Write-In"}]},{"RaceName":"Constitutional Amendment #1","PrecinctsReporting":5,"PrecinctsParticipating":5,"NumberOfSeats":1,"Candidates":[{"BallotName":"Yes","BallotOrder":1,"Votes":4946,"Percentage":"69.17%","PoliticalParty":null},{"BallotName":"No","BallotOrder":2,"Votes":2204,"Percentage":"30.83%","PoliticalParty":null}]},{"RaceName":"Constitutional Amendment #2","PrecinctsReporting":5,"PrecinctsParticipating":5,"NumberOfSeats":1,"Candidates":[{"BallotName":"Yes","BallotOrder":1,"Votes":6878,"Percentage":"90.05%","PoliticalParty":null},{"BallotName":"No","BallotOrder":2,"Votes":760,"Percentage":"9.95%","PoliticalParty":null}]},{"RaceName":"Casino Gambling (BRISTOL CITY)","PrecinctsReporting":5,"PrecinctsParticipating":5,"NumberOfSeats":1,"Candidates":[{"BallotName":"Yes","BallotOrder":1,"Votes":5490,"Percentage":"71.14%","PoliticalParty":null},{"BallotName":"No","BallotOrder":2,"Votes":2227,"Percentage":"28.86%","PoliticalParty":null}]}]}