{"ElectionName":"2020 November General","ElectionDate":"2020-11-03T00:00:00","CreateDate":"2020-11-24T11:20:47.3178245-05:00","Locality":{"LocalityName":"BRUNSWICK COUNTY","LocalityCode":"025"},"Races":[{"RaceName":"President and Vice President","PrecinctsReporting":14,"PrecinctsParticipating":14,"NumberOfSeats":1,"Candidates":[{"BallotName":"Joseph R. Biden","BallotOrder":1,"Votes":4552,"Percentage":"57.27%","PoliticalParty":"Democratic"},{"BallotName":"Donald J. Trump","BallotOrder":2,"Votes":3357,"Percentage":"42.24%","PoliticalParty":"Republican"},{"BallotName":"Jo Jorgensen","BallotOrder":3,"Votes":34,"Percentage":"0.43%","PoliticalParty":"Libertarian"},{"BallotName":"Write In","BallotOrder":2147483647,"Votes":5,"Percentage":"0.06%","PoliticalParty":"Write-In"}]},{"RaceName":"Member United States Senate","PrecinctsReporting":14,"PrecinctsParticipating":14,"NumberOfSeats":1,"Candidates":[{"BallotName":"Mark R. Warner","BallotOrder":1,"Votes":4727,"Percentage":"59.68%","PoliticalParty":"Democratic"},{"BallotName":"Daniel M. Gade","BallotOrder":2,"Votes":3192,"Percentage":"40.30%","PoliticalParty":"Republican"},{"BallotName":"Write In","BallotOrder":2147483647,"Votes":2,"Percentage":"0.03%","PoliticalParty":"Write-In"}]},{"RaceName":"Member House of Representatives (05)","PrecinctsReporting":14,"PrecinctsParticipating":14,"NumberOfSeats":1,"Candidates":[{"BallotName":"B. Cameron Webb","BallotOrder":1,"Votes":4580,"Percentage":"58.24%","PoliticalParty":"Democratic"},{"BallotName":"Robert G. \"Bob\" Good","BallotOrder":2,"Votes":3279,"Percentage":"41.70%","PoliticalParty":"Republican"},{"BallotName":"Write In","BallotOrder":2147483647,"Votes":5,"Percentage":"0.06%","PoliticalParty":"Write-In"}]},{"RaceName":"Mayor - Alberta (ALBERTA)","PrecinctsReporting":2,"PrecinctsParticipating":2,"NumberOfSeats":1,"Candidates":[{"BallotName":"Curtis D. Williams","BallotOrder":1,"Votes":155,"Percentage":"93.94%","PoliticalParty":""},{"BallotName":"Write In","BallotOrder":2147483647,"Votes":10,"Percentage":"6.06%","PoliticalParty":""}]},{"RaceName":"Member Town Council - Alberta (ALBERTA)","PrecinctsReporting":2,"PrecinctsParticipating":2,"NumberOfSeats":3,"Candidates":[{"BallotName":"William L. Holmes","BallotOrder":1,"Votes":102,"Percentage":"39.08%","PoliticalParty":""},{"BallotName":"Anthony M. Taylor","BallotOrder":2,"Votes":94,"Percentage":"36.02%","PoliticalParty":""},{"BallotName":"Elizabeth A. Crowder","BallotOrder":3,"Votes":18,"Percentage":"6.90%","PoliticalParty":""},{"BallotName":"Write In","BallotOrder":2147483647,"Votes":47,"Percentage":"18.01%","PoliticalParty":""}]},{"RaceName":"Constitutional Amendment #1","PrecinctsReporting":14,"PrecinctsParticipating":14,"NumberOfSeats":1,"Candidates":[{"BallotName":"Yes","BallotOrder":1,"Votes":4785,"Percentage":"63.21%","PoliticalParty":null},{"BallotName":"No","BallotOrder":2,"Votes":2785,"Percentage":"36.79%","PoliticalParty":null}]},{"RaceName":"Constitutional Amendment #2","PrecinctsReporting":14,"PrecinctsParticipating":14,"NumberOfSeats":1,"Candidates":[{"BallotName":"Yes","BallotOrder":1,"Votes":6720,"Percentage":"87.17%","PoliticalParty":null},{"BallotName":"No","BallotOrder":2,"Votes":989,"Percentage":"12.83%","PoliticalParty":null}]}]}