{"ElectionName":"2020 November General","ElectionDate":"2020-11-03T00:00:00","CreateDate":"2020-11-24T11:20:47.3328253-05:00","Locality":{"LocalityName":"BUCHANAN COUNTY","LocalityCode":"027"},"Races":[{"RaceName":"President and Vice President","PrecinctsReporting":18,"PrecinctsParticipating":18,"NumberOfSeats":1,"Candidates":[{"BallotName":"Joseph R. Biden","BallotOrder":1,"Votes":1587,"Percentage":"15.94%","PoliticalParty":"Democratic"},{"BallotName":"Donald J. Trump","BallotOrder":2,"Votes":8311,"Percentage":"83.50%","PoliticalParty":"Republican"},{"BallotName":"Jo Jorgensen","BallotOrder":3,"Votes":44,"Percentage":"0.44%","PoliticalParty":"Libertarian"},{"BallotName":"Write In","BallotOrder":2147483647,"Votes":11,"Percentage":"0.11%","PoliticalParty":"Write-In"}]},{"RaceName":"Member United States Senate","PrecinctsReporting":18,"PrecinctsParticipating":18,"NumberOfSeats":1,"Candidates":[{"BallotName":"Mark R. Warner","BallotOrder":1,"Votes":2522,"Percentage":"25.90%","PoliticalParty":"Democratic"},{"BallotName":"Daniel M. Gade","BallotOrder":2,"Votes":7202,"Percentage":"73.97%","PoliticalParty":"Republican"},{"BallotName":"Write In","BallotOrder":2147483647,"Votes":12,"Percentage":"0.12%","PoliticalParty":"Write-In"}]},{"RaceName":"Member House of Representatives (09)","PrecinctsReporting":18,"PrecinctsParticipating":18,"NumberOfSeats":1,"Candidates":[{"BallotName":"H. Morgan Griffith","BallotOrder":1,"Votes":8255,"Percentage":"97.19%","PoliticalParty":"Republican"},{"BallotName":"Write In","BallotOrder":2147483647,"Votes":239,"Percentage":"2.81%","PoliticalParty":"Write-In"}]},{"RaceName":"Constitutional Amendment #1","PrecinctsReporting":18,"PrecinctsParticipating":18,"NumberOfSeats":1,"Candidates":[{"BallotName":"Yes","BallotOrder":1,"Votes":5770,"Percentage":"68.63%","PoliticalParty":null},{"BallotName":"No","BallotOrder":2,"Votes":2637,"Percentage":"31.37%","PoliticalParty":null}]},{"RaceName":"Constitutional Amendment #2","PrecinctsReporting":18,"PrecinctsParticipating":18,"NumberOfSeats":1,"Candidates":[{"BallotName":"Yes","BallotOrder":1,"Votes":8254,"Percentage":"91.01%","PoliticalParty":null},{"BallotName":"No","BallotOrder":2,"Votes":815,"Percentage":"8.99%","PoliticalParty":null}]}]}