{"ElectionName":"2020 November General","ElectionDate":"2020-11-03T00:00:00","CreateDate":"2020-11-24T11:20:47.3658272-05:00","Locality":{"LocalityName":"BUENA VISTA CITY","LocalityCode":"530"},"Races":[{"RaceName":"President and Vice President","PrecinctsReporting":3,"PrecinctsParticipating":3,"NumberOfSeats":1,"Candidates":[{"BallotName":"Joseph R. Biden","BallotOrder":1,"Votes":825,"Percentage":"29.72%","PoliticalParty":"Democratic"},{"BallotName":"Donald J. Trump","BallotOrder":2,"Votes":1863,"Percentage":"67.11%","PoliticalParty":"Republican"},{"BallotName":"Jo Jorgensen","BallotOrder":3,"Votes":72,"Percentage":"2.59%","PoliticalParty":"Libertarian"},{"BallotName":"Write In","BallotOrder":2147483647,"Votes":16,"Percentage":"0.58%","PoliticalParty":"Write-In"}]},{"RaceName":"Member United States Senate","PrecinctsReporting":3,"PrecinctsParticipating":3,"NumberOfSeats":1,"Candidates":[{"BallotName":"Mark R. Warner","BallotOrder":1,"Votes":1020,"Percentage":"37.13%","PoliticalParty":"Democratic"},{"BallotName":"Daniel M. Gade","BallotOrder":2,"Votes":1724,"Percentage":"62.76%","PoliticalParty":"Republican"},{"BallotName":"Write In","BallotOrder":2147483647,"Votes":3,"Percentage":"0.11%","PoliticalParty":"Write-In"}]},{"RaceName":"Member House of Representatives (06)","PrecinctsReporting":3,"PrecinctsParticipating":3,"NumberOfSeats":1,"Candidates":[{"BallotName":"Nicholas A. Betts","BallotOrder":1,"Votes":683,"Percentage":"24.83%","PoliticalParty":"Democratic"},{"BallotName":"Ben L. Cline","BallotOrder":2,"Votes":2061,"Percentage":"74.92%","PoliticalParty":"Republican"},{"BallotName":"Write In","BallotOrder":2147483647,"Votes":7,"Percentage":"0.25%","PoliticalParty":"Write-In"}]},{"RaceName":"Member School Board - Special (BUENA VISTA CITY)","PrecinctsReporting":3,"PrecinctsParticipating":3,"NumberOfSeats":1,"Candidates":[{"BallotName":"E. A. C. \"Annie\"  Lepere","BallotOrder":1,"Votes":1186,"Percentage":"48.37%","PoliticalParty":""},{"BallotName":"Allen L. \"Mac\" Felts Jr.","BallotOrder":2,"Votes":1240,"Percentage":"50.57%","PoliticalParty":""},{"BallotName":"Write In","BallotOrder":2147483647,"Votes":26,"Percentage":"1.06%","PoliticalParty":""}]},{"RaceName":"Constitutional Amendment #1","PrecinctsReporting":3,"PrecinctsParticipating":3,"NumberOfSeats":1,"Candidates":[{"BallotName":"Yes","BallotOrder":1,"Votes":1944,"Percentage":"74.60%","PoliticalParty":null},{"BallotName":"No","BallotOrder":2,"Votes":662,"Percentage":"25.40%","PoliticalParty":null}]},{"RaceName":"Constitutional Amendment #2","PrecinctsReporting":3,"PrecinctsParticipating":3,"NumberOfSeats":1,"Candidates":[{"BallotName":"Yes","BallotOrder":1,"Votes":2421,"Percentage":"89.90%","PoliticalParty":null},{"BallotName":"No","BallotOrder":2,"Votes":272,"Percentage":"10.10%","PoliticalParty":null}]}]}