{"ElectionName":"2020 November General","ElectionDate":"2020-11-03T00:00:00","CreateDate":"2020-11-24T11:20:47.3818284-05:00","Locality":{"LocalityName":"CAMPBELL COUNTY","LocalityCode":"031"},"Races":[{"RaceName":"President and Vice President","PrecinctsReporting":17,"PrecinctsParticipating":17,"NumberOfSeats":1,"Candidates":[{"BallotName":"Joseph R. Biden","BallotOrder":1,"Votes":8070,"Percentage":"27.00%","PoliticalParty":"Democratic"},{"BallotName":"Donald J. Trump","BallotOrder":2,"Votes":21245,"Percentage":"71.07%","PoliticalParty":"Republican"},{"BallotName":"Jo Jorgensen","BallotOrder":3,"Votes":490,"Percentage":"1.64%","PoliticalParty":"Libertarian"},{"BallotName":"Write In","BallotOrder":2147483647,"Votes":87,"Percentage":"0.29%","PoliticalParty":"Write-In"}]},{"RaceName":"Member United States Senate","PrecinctsReporting":17,"PrecinctsParticipating":17,"NumberOfSeats":1,"Candidates":[{"BallotName":"Mark R. Warner","BallotOrder":1,"Votes":9278,"Percentage":"31.29%","PoliticalParty":"Democratic"},{"BallotName":"Daniel M. Gade","BallotOrder":2,"Votes":20337,"Percentage":"68.60%","PoliticalParty":"Republican"},{"BallotName":"Write In","BallotOrder":2147483647,"Votes":32,"Percentage":"0.11%","PoliticalParty":"Write-In"}]},{"RaceName":"Member House of Representatives (05)","PrecinctsReporting":17,"PrecinctsParticipating":17,"NumberOfSeats":1,"Candidates":[{"BallotName":"B. Cameron Webb","BallotOrder":1,"Votes":9269,"Percentage":"31.32%","PoliticalParty":"Democratic"},{"BallotName":"Robert G. \"Bob\" Good","BallotOrder":2,"Votes":20221,"Percentage":"68.32%","PoliticalParty":"Republican"},{"BallotName":"Write In","BallotOrder":2147483647,"Votes":108,"Percentage":"0.36%","PoliticalParty":"Write-In"}]},{"RaceName":"Mayor - Altavista (ALTAVISTA)","PrecinctsReporting":2,"PrecinctsParticipating":2,"NumberOfSeats":1,"Candidates":[{"BallotName":"Michael E. Mattox","BallotOrder":1,"Votes":1356,"Percentage":"95.09%","PoliticalParty":""},{"BallotName":"Write In","BallotOrder":2147483647,"Votes":70,"Percentage":"4.91%","PoliticalParty":""}]},{"RaceName":"Mayor - Brookneal (BROOKNEAL)","PrecinctsReporting":2,"PrecinctsParticipating":2,"NumberOfSeats":1,"Candidates":[{"BallotName":"James A. \"Champ\" Nowlin","BallotOrder":1,"Votes":399,"Percentage":"95.45%","PoliticalParty":""},{"BallotName":"Write In","BallotOrder":2147483647,"Votes":19,"Percentage":"4.55%","PoliticalParty":""}]},{"RaceName":"Member Town Council - Altavista (ALTAVISTA)","PrecinctsReporting":2,"PrecinctsParticipating":2,"NumberOfSeats":3,"Candidates":[{"BallotName":"J. Scott Lowman","BallotOrder":1,"Votes":817,"Percentage":"28.66%","PoliticalParty":""},{"BallotName":"James H. Higginbotham II","BallotOrder":2,"Votes":840,"Percentage":"29.46%","PoliticalParty":""},{"BallotName":"Tracy A. Emerson","BallotOrder":3,"Votes":1151,"Percentage":"40.37%","PoliticalParty":""},{"BallotName":"Write In","BallotOrder":2147483647,"Votes":43,"Percentage":"1.51%","PoliticalParty":""}]},{"RaceName":"Member Town Council - Brookneal (BROOKNEAL)","PrecinctsReporting":2,"PrecinctsParticipating":2,"NumberOfSeats":3,"Candidates":[{"BallotName":"Joseph B. \"Benny\" David ","BallotOrder":1,"Votes":317,"Percentage":"38.33%","PoliticalParty":""},{"BallotName":"Richard T. Adams Jr.","BallotOrder":2,"Votes":245,"Percentage":"29.63%","PoliticalParty":""},{"BallotName":"Scott V. Fisher","BallotOrder":3,"Votes":232,"Percentage":"28.05%","PoliticalParty":""},{"BallotName":"Write In","BallotOrder":2147483647,"Votes":33,"Percentage":"3.99%","PoliticalParty":""}]},{"RaceName":"Constitutional Amendment #1","PrecinctsReporting":17,"PrecinctsParticipating":17,"NumberOfSeats":1,"Candidates":[{"BallotName":"Yes","BallotOrder":1,"Votes":20676,"Percentage":"72.69%","PoliticalParty":null},{"BallotName":"No","BallotOrder":2,"Votes":7769,"Percentage":"27.31%","PoliticalParty":null}]},{"RaceName":"Constitutional Amendment #2","PrecinctsReporting":17,"PrecinctsParticipating":17,"NumberOfSeats":1,"Candidates":[{"BallotName":"Yes","BallotOrder":1,"Votes":26668,"Percentage":"90.81%","PoliticalParty":null},{"BallotName":"No","BallotOrder":2,"Votes":2700,"Percentage":"9.19%","PoliticalParty":null}]}]}