{"ElectionName":"2020 November General","ElectionDate":"2020-11-03T00:00:00","CreateDate":"2020-11-24T11:20:47.3978295-05:00","Locality":{"LocalityName":"CAROLINE COUNTY","LocalityCode":"033"},"Races":[{"RaceName":"President and Vice President","PrecinctsReporting":13,"PrecinctsParticipating":13,"NumberOfSeats":1,"Candidates":[{"BallotName":"Joseph R. Biden","BallotOrder":1,"Votes":7657,"Percentage":"47.01%","PoliticalParty":"Democratic"},{"BallotName":"Donald J. Trump","BallotOrder":2,"Votes":8336,"Percentage":"51.18%","PoliticalParty":"Republican"},{"BallotName":"Jo Jorgensen","BallotOrder":3,"Votes":259,"Percentage":"1.59%","PoliticalParty":"Libertarian"},{"BallotName":"Write In","BallotOrder":2147483647,"Votes":36,"Percentage":"0.22%","PoliticalParty":"Write-In"}]},{"RaceName":"Member United States Senate","PrecinctsReporting":13,"PrecinctsParticipating":13,"NumberOfSeats":1,"Candidates":[{"BallotName":"Mark R. Warner","BallotOrder":1,"Votes":8124,"Percentage":"50.23%","PoliticalParty":"Democratic"},{"BallotName":"Daniel M. Gade","BallotOrder":2,"Votes":8036,"Percentage":"49.68%","PoliticalParty":"Republican"},{"BallotName":"Write In","BallotOrder":2147483647,"Votes":14,"Percentage":"0.09%","PoliticalParty":"Write-In"}]},{"RaceName":"Member House of Representatives (01)","PrecinctsReporting":13,"PrecinctsParticipating":13,"NumberOfSeats":1,"Candidates":[{"BallotName":"Qasim Rashid","BallotOrder":1,"Votes":6954,"Percentage":"43.55%","PoliticalParty":"Democratic"},{"BallotName":"Robert J. Wittman","BallotOrder":2,"Votes":8992,"Percentage":"56.31%","PoliticalParty":"Republican"},{"BallotName":"Write In","BallotOrder":2147483647,"Votes":22,"Percentage":"0.14%","PoliticalParty":"Write-In"}]},{"RaceName":"Mayor  (BOWLING GREEN)","PrecinctsReporting":2,"PrecinctsParticipating":2,"NumberOfSeats":1,"Candidates":[{"BallotName":"Mark A. Gaines","BallotOrder":1,"Votes":295,"Percentage":"53.25%","PoliticalParty":""},{"BallotName":"Write In","BallotOrder":2147483647,"Votes":259,"Percentage":"46.75%","PoliticalParty":""}]},{"RaceName":"Member Town Council (BOWLING GREEN)","PrecinctsReporting":2,"PrecinctsParticipating":2,"NumberOfSeats":4,"Candidates":[{"BallotName":"Valarie G. Coyle","BallotOrder":1,"Votes":271,"Percentage":"25.14%","PoliticalParty":""},{"BallotName":"Jeff A. Voit","BallotOrder":2,"Votes":237,"Percentage":"21.99%","PoliticalParty":""},{"BallotName":"Jerry D. Covington","BallotOrder":3,"Votes":324,"Percentage":"30.06%","PoliticalParty":""},{"BallotName":"Arthur B. Wholey","BallotOrder":4,"Votes":167,"Percentage":"15.49%","PoliticalParty":""},{"BallotName":"Write In","BallotOrder":2147483647,"Votes":79,"Percentage":"7.33%","PoliticalParty":""}]},{"RaceName":"Member Town Council (PORT ROYAL)","PrecinctsReporting":2,"PrecinctsParticipating":2,"NumberOfSeats":7,"Candidates":[{"BallotName":"Alexander \"Alex\" Long IV","BallotOrder":1,"Votes":59,"Percentage":"23.79%","PoliticalParty":""},{"BallotName":"Gladys M. Fortune","BallotOrder":2,"Votes":54,"Percentage":"21.77%","PoliticalParty":""},{"BallotName":"Donna W. Wilkerson","BallotOrder":3,"Votes":43,"Percentage":"17.34%","PoliticalParty":""},{"BallotName":"Monica G. Chenault","BallotOrder":4,"Votes":20,"Percentage":"8.06%","PoliticalParty":""},{"BallotName":"Angela F. Golden","BallotOrder":5,"Votes":22,"Percentage":"8.87%","PoliticalParty":""},{"BallotName":"Joseph P. Wilkerson Jr.","BallotOrder":6,"Votes":21,"Percentage":"8.47%","PoliticalParty":""},{"BallotName":"Edgar C. Yates","BallotOrder":7,"Votes":16,"Percentage":"6.45%","PoliticalParty":""},{"BallotName":"Write In","BallotOrder":2147483647,"Votes":13,"Percentage":"5.24%","PoliticalParty":""}]},{"RaceName":"Constitutional Amendment #1","PrecinctsReporting":13,"PrecinctsParticipating":13,"NumberOfSeats":1,"Candidates":[{"BallotName":"Yes","BallotOrder":1,"Votes":9965,"Percentage":"66.28%","PoliticalParty":null},{"BallotName":"No","BallotOrder":2,"Votes":5069,"Percentage":"33.72%","PoliticalParty":null}]},{"RaceName":"Constitutional Amendment #2","PrecinctsReporting":13,"PrecinctsParticipating":13,"NumberOfSeats":1,"Candidates":[{"BallotName":"Yes","BallotOrder":1,"Votes":13522,"Percentage":"87.67%","PoliticalParty":null},{"BallotName":"No","BallotOrder":2,"Votes":1901,"Percentage":"12.33%","PoliticalParty":null}]}]}