{"ElectionName":"2020 November General","ElectionDate":"2020-11-03T00:00:00","CreateDate":"2020-11-24T11:20:47.4148309-05:00","Locality":{"LocalityName":"CARROLL COUNTY","LocalityCode":"035"},"Races":[{"RaceName":"President and Vice President","PrecinctsReporting":18,"PrecinctsParticipating":18,"NumberOfSeats":1,"Candidates":[{"BallotName":"Joseph R. Biden","BallotOrder":1,"Votes":2842,"Percentage":"18.16%","PoliticalParty":"Democratic"},{"BallotName":"Donald J. Trump","BallotOrder":2,"Votes":12659,"Percentage":"80.88%","PoliticalParty":"Republican"},{"BallotName":"Jo Jorgensen","BallotOrder":3,"Votes":118,"Percentage":"0.75%","PoliticalParty":"Libertarian"},{"BallotName":"Write In","BallotOrder":2147483647,"Votes":32,"Percentage":"0.20%","PoliticalParty":"Write-In"}]},{"RaceName":"Member United States Senate","PrecinctsReporting":18,"PrecinctsParticipating":18,"NumberOfSeats":1,"Candidates":[{"BallotName":"Mark R. Warner","BallotOrder":1,"Votes":3591,"Percentage":"23.60%","PoliticalParty":"Democratic"},{"BallotName":"Daniel M. Gade","BallotOrder":2,"Votes":11610,"Percentage":"76.31%","PoliticalParty":"Republican"},{"BallotName":"Write In","BallotOrder":2147483647,"Votes":14,"Percentage":"0.09%","PoliticalParty":"Write-In"}]},{"RaceName":"Member House of Representatives (09)","PrecinctsReporting":18,"PrecinctsParticipating":18,"NumberOfSeats":1,"Candidates":[{"BallotName":"H. Morgan Griffith","BallotOrder":1,"Votes":12912,"Percentage":"96.73%","PoliticalParty":"Republican"},{"BallotName":"Write In","BallotOrder":2147483647,"Votes":436,"Percentage":"3.27%","PoliticalParty":"Write-In"}]},{"RaceName":"Constitutional Amendment #1","PrecinctsReporting":18,"PrecinctsParticipating":18,"NumberOfSeats":1,"Candidates":[{"BallotName":"Yes","BallotOrder":1,"Votes":10298,"Percentage":"70.58%","PoliticalParty":null},{"BallotName":"No","BallotOrder":2,"Votes":4293,"Percentage":"29.42%","PoliticalParty":null}]},{"RaceName":"Constitutional Amendment #2","PrecinctsReporting":18,"PrecinctsParticipating":18,"NumberOfSeats":1,"Candidates":[{"BallotName":"Yes","BallotOrder":1,"Votes":13908,"Percentage":"91.37%","PoliticalParty":null},{"BallotName":"No","BallotOrder":2,"Votes":1314,"Percentage":"8.63%","PoliticalParty":null}]}]}