{"ElectionName":"2020 November General","ElectionDate":"2020-11-03T00:00:00","CreateDate":"2020-11-24T11:20:47.4458334-05:00","Locality":{"LocalityName":"CHARLOTTE COUNTY","LocalityCode":"037"},"Races":[{"RaceName":"President and Vice President","PrecinctsReporting":8,"PrecinctsParticipating":8,"NumberOfSeats":1,"Candidates":[{"BallotName":"Joseph R. Biden","BallotOrder":1,"Votes":2317,"Percentage":"37.43%","PoliticalParty":"Democratic"},{"BallotName":"Donald J. Trump","BallotOrder":2,"Votes":3815,"Percentage":"61.62%","PoliticalParty":"Republican"},{"BallotName":"Jo Jorgensen","BallotOrder":3,"Votes":48,"Percentage":"0.78%","PoliticalParty":"Libertarian"},{"BallotName":"Write In","BallotOrder":2147483647,"Votes":11,"Percentage":"0.18%","PoliticalParty":"Write-In"}]},{"RaceName":"Member United States Senate","PrecinctsReporting":8,"PrecinctsParticipating":8,"NumberOfSeats":1,"Candidates":[{"BallotName":"Mark R. Warner","BallotOrder":1,"Votes":2522,"Percentage":"40.95%","PoliticalParty":"Democratic"},{"BallotName":"Daniel M. Gade","BallotOrder":2,"Votes":3633,"Percentage":"59.00%","PoliticalParty":"Republican"},{"BallotName":"Write In","BallotOrder":2147483647,"Votes":3,"Percentage":"0.05%","PoliticalParty":"Write-In"}]},{"RaceName":"Member House of Representatives (05)","PrecinctsReporting":8,"PrecinctsParticipating":8,"NumberOfSeats":1,"Candidates":[{"BallotName":"B. Cameron Webb","BallotOrder":1,"Votes":2457,"Percentage":"39.98%","PoliticalParty":"Democratic"},{"BallotName":"Robert G. \"Bob\" Good","BallotOrder":2,"Votes":3669,"Percentage":"59.71%","PoliticalParty":"Republican"},{"BallotName":"Write In","BallotOrder":2147483647,"Votes":19,"Percentage":"0.31%","PoliticalParty":"Write-In"}]},{"RaceName":"Mayor (KEYSVILLE)","PrecinctsReporting":2,"PrecinctsParticipating":2,"NumberOfSeats":1,"Candidates":[{"BallotName":"Steven L. Morris","BallotOrder":1,"Votes":276,"Percentage":"96.84%","PoliticalParty":""},{"BallotName":"Write In","BallotOrder":2147483647,"Votes":9,"Percentage":"3.16%","PoliticalParty":""}]},{"RaceName":"Mayor (PHENIX)","PrecinctsReporting":2,"PrecinctsParticipating":2,"NumberOfSeats":1,"Candidates":[{"BallotName":"Dean Evans","BallotOrder":1,"Votes":83,"Percentage":"95.40%","PoliticalParty":""},{"BallotName":"Write In","BallotOrder":2147483647,"Votes":4,"Percentage":"4.60%","PoliticalParty":""}]},{"RaceName":"Member Town Council (KEYSVILLE)","PrecinctsReporting":2,"PrecinctsParticipating":2,"NumberOfSeats":3,"Candidates":[{"BallotName":"Daniel T. Cooper","BallotOrder":1,"Votes":175,"Percentage":"31.42%","PoliticalParty":""},{"BallotName":"Anthony V. Ferranto","BallotOrder":2,"Votes":147,"Percentage":"26.39%","PoliticalParty":""},{"BallotName":"Rhonda Locke Benn","BallotOrder":3,"Votes":227,"Percentage":"40.75%","PoliticalParty":""},{"BallotName":"Write In","BallotOrder":2147483647,"Votes":8,"Percentage":"1.44%","PoliticalParty":""}]},{"RaceName":"Member Town Council (PHENIX)","PrecinctsReporting":2,"PrecinctsParticipating":2,"NumberOfSeats":5,"Candidates":[{"BallotName":"Rodney Joe Childress","BallotOrder":1,"Votes":76,"Percentage":"36.89%","PoliticalParty":""},{"BallotName":"Gladys Haskins Reid","BallotOrder":2,"Votes":62,"Percentage":"30.10%","PoliticalParty":""},{"BallotName":"Emily M. Lawhorne","BallotOrder":3,"Votes":22,"Percentage":"10.68%","PoliticalParty":""},{"BallotName":"Amanda R. Letterman","BallotOrder":4,"Votes":17,"Percentage":"8.25%","PoliticalParty":""},{"BallotName":"Curtis D. Moorefield","BallotOrder":5,"Votes":12,"Percentage":"5.83%","PoliticalParty":""},{"BallotName":"Larry E. Wilson","BallotOrder":6,"Votes":6,"Percentage":"2.91%","PoliticalParty":""},{"BallotName":"Write In","BallotOrder":2147483647,"Votes":11,"Percentage":"5.34%","PoliticalParty":""}]},{"RaceName":"Constitutional Amendment #1","PrecinctsReporting":8,"PrecinctsParticipating":8,"NumberOfSeats":1,"Candidates":[{"BallotName":"Yes","BallotOrder":1,"Votes":3712,"Percentage":"62.79%","PoliticalParty":null},{"BallotName":"No","BallotOrder":2,"Votes":2200,"Percentage":"37.21%","PoliticalParty":null}]},{"RaceName":"Constitutional Amendment #2","PrecinctsReporting":8,"PrecinctsParticipating":8,"NumberOfSeats":1,"Candidates":[{"BallotName":"Yes","BallotOrder":1,"Votes":5099,"Percentage":"84.24%","PoliticalParty":null},{"BallotName":"No","BallotOrder":2,"Votes":954,"Percentage":"15.76%","PoliticalParty":null}]},{"RaceName":"Sales Tax (CHARLOTTE COUNTY)","PrecinctsReporting":8,"PrecinctsParticipating":8,"NumberOfSeats":1,"Candidates":[{"BallotName":"Yes","BallotOrder":1,"Votes":3163,"Percentage":"52.23%","PoliticalParty":null},{"BallotName":"No","BallotOrder":2,"Votes":2893,"Percentage":"47.77%","PoliticalParty":null}]}]}