{"ElectionName":"2020 November General","ElectionDate":"2020-11-03T00:00:00","CreateDate":"2020-11-24T11:20:47.4298334-05:00","Locality":{"LocalityName":"CHARLES CITY COUNTY","LocalityCode":"036"},"Races":[{"RaceName":"President and Vice President","PrecinctsReporting":4,"PrecinctsParticipating":4,"NumberOfSeats":1,"Candidates":[{"BallotName":"Joseph R. Biden","BallotOrder":1,"Votes":2624,"Percentage":"59.09%","PoliticalParty":"Democratic"},{"BallotName":"Donald J. Trump","BallotOrder":2,"Votes":1761,"Percentage":"39.65%","PoliticalParty":"Republican"},{"BallotName":"Jo Jorgensen","BallotOrder":3,"Votes":54,"Percentage":"1.22%","PoliticalParty":"Libertarian"},{"BallotName":"Write In","BallotOrder":2147483647,"Votes":2,"Percentage":"0.05%","PoliticalParty":"Write-In"}]},{"RaceName":"Member United States Senate","PrecinctsReporting":4,"PrecinctsParticipating":4,"NumberOfSeats":1,"Candidates":[{"BallotName":"Mark R. Warner","BallotOrder":1,"Votes":2700,"Percentage":"61.29%","PoliticalParty":"Democratic"},{"BallotName":"Daniel M. Gade","BallotOrder":2,"Votes":1704,"Percentage":"38.68%","PoliticalParty":"Republican"},{"BallotName":"Write In","BallotOrder":2147483647,"Votes":1,"Percentage":"0.02%","PoliticalParty":"Write-In"}]},{"RaceName":"Member House of Representatives (04)","PrecinctsReporting":4,"PrecinctsParticipating":4,"NumberOfSeats":1,"Candidates":[{"BallotName":"A. Donald McEachin","BallotOrder":1,"Votes":2640,"Percentage":"60.45%","PoliticalParty":"Democratic"},{"BallotName":"Leon Benjamin Sr.","BallotOrder":2,"Votes":1725,"Percentage":"39.50%","PoliticalParty":"Republican"},{"BallotName":"Write In","BallotOrder":2147483647,"Votes":2,"Percentage":"0.05%","PoliticalParty":"Write-In"}]},{"RaceName":"Constitutional Amendment #1","PrecinctsReporting":4,"PrecinctsParticipating":4,"NumberOfSeats":1,"Candidates":[{"BallotName":"Yes","BallotOrder":1,"Votes":2921,"Percentage":"69.81%","PoliticalParty":null},{"BallotName":"No","BallotOrder":2,"Votes":1263,"Percentage":"30.19%","PoliticalParty":null}]},{"RaceName":"Constitutional Amendment #2","PrecinctsReporting":4,"PrecinctsParticipating":4,"NumberOfSeats":1,"Candidates":[{"BallotName":"Yes","BallotOrder":1,"Votes":3752,"Percentage":"86.89%","PoliticalParty":null},{"BallotName":"No","BallotOrder":2,"Votes":566,"Percentage":"13.11%","PoliticalParty":null}]},{"RaceName":"Removal of Civil War memorials by the Charles City Board of Supervisors (CHARLES CITY COUNTY)","PrecinctsReporting":4,"PrecinctsParticipating":4,"NumberOfSeats":1,"Candidates":[{"BallotName":"Yes","BallotOrder":1,"Votes":1934,"Percentage":"44.90%","PoliticalParty":null},{"BallotName":"No","BallotOrder":2,"Votes":2373,"Percentage":"55.10%","PoliticalParty":null}]}]}