{"ElectionName":"2020 November General","ElectionDate":"2020-11-03T00:00:00","CreateDate":"2020-11-24T11:20:47.494837-05:00","Locality":{"LocalityName":"CHESTERFIELD COUNTY","LocalityCode":"041"},"Races":[{"RaceName":"President and Vice President","PrecinctsReporting":81,"PrecinctsParticipating":81,"NumberOfSeats":1,"Candidates":[{"BallotName":"Joseph R. Biden","BallotOrder":1,"Votes":106935,"Percentage":"52.45%","PoliticalParty":"Democratic"},{"BallotName":"Donald J. Trump","BallotOrder":2,"Votes":93326,"Percentage":"45.77%","PoliticalParty":"Republican"},{"BallotName":"Jo Jorgensen","BallotOrder":3,"Votes":2927,"Percentage":"1.44%","PoliticalParty":"Libertarian"},{"BallotName":"Write In","BallotOrder":2147483647,"Votes":696,"Percentage":"0.34%","PoliticalParty":"Write-In"}]},{"RaceName":"Member United States Senate","PrecinctsReporting":81,"PrecinctsParticipating":81,"NumberOfSeats":1,"Candidates":[{"BallotName":"Mark R. Warner","BallotOrder":1,"Votes":107568,"Percentage":"53.67%","PoliticalParty":"Democratic"},{"BallotName":"Daniel M. Gade","BallotOrder":2,"Votes":92658,"Percentage":"46.23%","PoliticalParty":"Republican"},{"BallotName":"Write In","BallotOrder":2147483647,"Votes":195,"Percentage":"0.10%","PoliticalParty":"Write-In"}]},{"RaceName":"Member House of Representatives (04)","PrecinctsReporting":22,"PrecinctsParticipating":22,"NumberOfSeats":1,"Candidates":[{"BallotName":"A. Donald McEachin","BallotOrder":1,"Votes":26781,"Percentage":"48.76%","PoliticalParty":"Democratic"},{"BallotName":"Leon Benjamin Sr.","BallotOrder":2,"Votes":28064,"Percentage":"51.09%","PoliticalParty":"Republican"},{"BallotName":"Write In","BallotOrder":2147483647,"Votes":82,"Percentage":"0.15%","PoliticalParty":"Write-In"}]},{"RaceName":"Member House of Representatives (07)","PrecinctsReporting":60,"PrecinctsParticipating":60,"NumberOfSeats":1,"Candidates":[{"BallotName":"Abigail A. Spanberger","BallotOrder":1,"Votes":80161,"Percentage":"55.03%","PoliticalParty":"Democratic"},{"BallotName":"Nick J. Freitas","BallotOrder":2,"Votes":65253,"Percentage":"44.79%","PoliticalParty":"Republican"},{"BallotName":"Write In","BallotOrder":2147483647,"Votes":265,"Percentage":"0.18%","PoliticalParty":"Write-In"}]},{"RaceName":"Constitutional Amendment #1","PrecinctsReporting":81,"PrecinctsParticipating":81,"NumberOfSeats":1,"Candidates":[{"BallotName":"Yes","BallotOrder":1,"Votes":140353,"Percentage":"71.62%","PoliticalParty":null},{"BallotName":"No","BallotOrder":2,"Votes":55620,"Percentage":"28.38%","PoliticalParty":null}]},{"RaceName":"Constitutional Amendment #2","PrecinctsReporting":81,"PrecinctsParticipating":81,"NumberOfSeats":1,"Candidates":[{"BallotName":"Yes","BallotOrder":1,"Votes":174625,"Percentage":"87.04%","PoliticalParty":null},{"BallotName":"No","BallotOrder":2,"Votes":25996,"Percentage":"12.96%","PoliticalParty":null}]}]}