{"ElectionName":"2020 November General","ElectionDate":"2020-11-03T00:00:00","CreateDate":"2020-11-24T11:20:47.4788357-05:00","Locality":{"LocalityName":"CHESAPEAKE CITY","LocalityCode":"550"},"Races":[{"RaceName":"President and Vice President","PrecinctsReporting":64,"PrecinctsParticipating":64,"NumberOfSeats":1,"Candidates":[{"BallotName":"Joseph R. Biden","BallotOrder":1,"Votes":66377,"Percentage":"52.22%","PoliticalParty":"Democratic"},{"BallotName":"Donald J. Trump","BallotOrder":2,"Votes":58180,"Percentage":"45.77%","PoliticalParty":"Republican"},{"BallotName":"Jo Jorgensen","BallotOrder":3,"Votes":2098,"Percentage":"1.65%","PoliticalParty":"Libertarian"},{"BallotName":"Write In","BallotOrder":2147483647,"Votes":453,"Percentage":"0.36%","PoliticalParty":"Write-In"}]},{"RaceName":"Member United States Senate","PrecinctsReporting":64,"PrecinctsParticipating":64,"NumberOfSeats":1,"Candidates":[{"BallotName":"Mark R. Warner","BallotOrder":1,"Votes":68129,"Percentage":"53.90%","PoliticalParty":"Democratic"},{"BallotName":"Daniel M. Gade","BallotOrder":2,"Votes":58154,"Percentage":"46.00%","PoliticalParty":"Republican"},{"BallotName":"Write In","BallotOrder":2147483647,"Votes":125,"Percentage":"0.10%","PoliticalParty":"Write-In"}]},{"RaceName":"Member House of Representatives (03)","PrecinctsReporting":31,"PrecinctsParticipating":31,"NumberOfSeats":1,"Candidates":[{"BallotName":"Robert C. \"Bobby\" Scott","BallotOrder":1,"Votes":35042,"Percentage":"63.70%","PoliticalParty":"Democratic"},{"BallotName":"John W. Collick Jr.","BallotOrder":2,"Votes":19860,"Percentage":"36.10%","PoliticalParty":"Republican"},{"BallotName":"Write In","BallotOrder":2147483647,"Votes":106,"Percentage":"0.19%","PoliticalParty":"Write-In"}]},{"RaceName":"Member House of Representatives (04)","PrecinctsReporting":34,"PrecinctsParticipating":34,"NumberOfSeats":1,"Candidates":[{"BallotName":"A. Donald McEachin","BallotOrder":1,"Votes":30515,"Percentage":"43.45%","PoliticalParty":"Democratic"},{"BallotName":"Leon Benjamin Sr.","BallotOrder":2,"Votes":39602,"Percentage":"56.39%","PoliticalParty":"Republican"},{"BallotName":"Write In","BallotOrder":2147483647,"Votes":111,"Percentage":"0.16%","PoliticalParty":"Write-In"}]},{"RaceName":"Constitutional Amendment #1","PrecinctsReporting":64,"PrecinctsParticipating":64,"NumberOfSeats":1,"Candidates":[{"BallotName":"Yes","BallotOrder":1,"Votes":85164,"Percentage":"70.09%","PoliticalParty":null},{"BallotName":"No","BallotOrder":2,"Votes":36345,"Percentage":"29.91%","PoliticalParty":null}]},{"RaceName":"Constitutional Amendment #2","PrecinctsReporting":64,"PrecinctsParticipating":64,"NumberOfSeats":1,"Candidates":[{"BallotName":"Yes","BallotOrder":1,"Votes":106646,"Percentage":"85.63%","PoliticalParty":null},{"BallotName":"No","BallotOrder":2,"Votes":17892,"Percentage":"14.37%","PoliticalParty":null}]}]}