{"ElectionName":"2020 November General","ElectionDate":"2020-11-03T00:00:00","CreateDate":"2020-11-24T11:20:47.5118383-05:00","Locality":{"LocalityName":"CLARKE COUNTY","LocalityCode":"043"},"Races":[{"RaceName":"President and Vice President","PrecinctsReporting":8,"PrecinctsParticipating":8,"NumberOfSeats":1,"Candidates":[{"BallotName":"Joseph R. Biden","BallotOrder":1,"Votes":3920,"Percentage":"41.98%","PoliticalParty":"Democratic"},{"BallotName":"Donald J. Trump","BallotOrder":2,"Votes":5192,"Percentage":"55.61%","PoliticalParty":"Republican"},{"BallotName":"Jo Jorgensen","BallotOrder":3,"Votes":178,"Percentage":"1.91%","PoliticalParty":"Libertarian"},{"BallotName":"Write In","BallotOrder":2147483647,"Votes":47,"Percentage":"0.50%","PoliticalParty":"Write-In"}]},{"RaceName":"Member United States Senate","PrecinctsReporting":8,"PrecinctsParticipating":8,"NumberOfSeats":1,"Candidates":[{"BallotName":"Mark R. Warner","BallotOrder":1,"Votes":4052,"Percentage":"43.69%","PoliticalParty":"Democratic"},{"BallotName":"Daniel M. Gade","BallotOrder":2,"Votes":5214,"Percentage":"56.22%","PoliticalParty":"Republican"},{"BallotName":"Write In","BallotOrder":2147483647,"Votes":8,"Percentage":"0.09%","PoliticalParty":"Write-In"}]},{"RaceName":"Member House of Representatives (10)","PrecinctsReporting":8,"PrecinctsParticipating":8,"NumberOfSeats":1,"Candidates":[{"BallotName":"Jennifer T. Wexton","BallotOrder":1,"Votes":3851,"Percentage":"41.65%","PoliticalParty":"Democratic"},{"BallotName":"Aliscia N. Andrews","BallotOrder":2,"Votes":5387,"Percentage":"58.26%","PoliticalParty":"Republican"},{"BallotName":"Write In","BallotOrder":2147483647,"Votes":9,"Percentage":"0.10%","PoliticalParty":"Write-In"}]},{"RaceName":"Clerk of Court (CLARKE COUNTY)","PrecinctsReporting":8,"PrecinctsParticipating":8,"NumberOfSeats":1,"Candidates":[{"BallotName":"April F. Wilkerson","BallotOrder":1,"Votes":7839,"Percentage":"98.86%","PoliticalParty":""},{"BallotName":"Write In","BallotOrder":2147483647,"Votes":90,"Percentage":"1.14%","PoliticalParty":""}]},{"RaceName":"Member Board of Supervisors (BERRYVILLE DISTRICT)","PrecinctsReporting":2,"PrecinctsParticipating":2,"NumberOfSeats":1,"Candidates":[{"BallotName":"Mark J. Griffin","BallotOrder":1,"Votes":530,"Percentage":"35.24%","PoliticalParty":""},{"BallotName":"Matthew E. \"Matt\" Bass","BallotOrder":2,"Votes":964,"Percentage":"64.10%","PoliticalParty":""},{"BallotName":"Write In","BallotOrder":2147483647,"Votes":10,"Percentage":"0.66%","PoliticalParty":""}]},{"RaceName":"Constitutional Amendment #1","PrecinctsReporting":8,"PrecinctsParticipating":8,"NumberOfSeats":1,"Candidates":[{"BallotName":"Yes","BallotOrder":1,"Votes":5841,"Percentage":"66.54%","PoliticalParty":null},{"BallotName":"No","BallotOrder":2,"Votes":2937,"Percentage":"33.46%","PoliticalParty":null}]},{"RaceName":"Constitutional Amendment #2","PrecinctsReporting":8,"PrecinctsParticipating":8,"NumberOfSeats":1,"Candidates":[{"BallotName":"Yes","BallotOrder":1,"Votes":8030,"Percentage":"88.03%","PoliticalParty":null},{"BallotName":"No","BallotOrder":2,"Votes":1092,"Percentage":"11.97%","PoliticalParty":null}]}]}