{"ElectionName":"2020 November General","ElectionDate":"2020-11-03T00:00:00","CreateDate":"2020-11-24T11:20:47.5278396-05:00","Locality":{"LocalityName":"COLONIAL HEIGHTS CITY","LocalityCode":"570"},"Races":[{"RaceName":"President and Vice President","PrecinctsReporting":6,"PrecinctsParticipating":6,"NumberOfSeats":1,"Candidates":[{"BallotName":"Joseph R. Biden","BallotOrder":1,"Votes":2972,"Percentage":"32.50%","PoliticalParty":"Democratic"},{"BallotName":"Donald J. Trump","BallotOrder":2,"Votes":6007,"Percentage":"65.68%","PoliticalParty":"Republican"},{"BallotName":"Jo Jorgensen","BallotOrder":3,"Votes":135,"Percentage":"1.48%","PoliticalParty":"Libertarian"},{"BallotName":"Write In","BallotOrder":2147483647,"Votes":32,"Percentage":"0.35%","PoliticalParty":"Write-In"}]},{"RaceName":"Member United States Senate","PrecinctsReporting":6,"PrecinctsParticipating":6,"NumberOfSeats":1,"Candidates":[{"BallotName":"Mark R. Warner","BallotOrder":1,"Votes":3143,"Percentage":"35.16%","PoliticalParty":"Democratic"},{"BallotName":"Daniel M. Gade","BallotOrder":2,"Votes":5788,"Percentage":"64.74%","PoliticalParty":"Republican"},{"BallotName":"Write In","BallotOrder":2147483647,"Votes":9,"Percentage":"0.10%","PoliticalParty":"Write-In"}]},{"RaceName":"Member House of Representatives (04)","PrecinctsReporting":6,"PrecinctsParticipating":6,"NumberOfSeats":1,"Candidates":[{"BallotName":"A. Donald McEachin","BallotOrder":1,"Votes":3052,"Percentage":"34.14%","PoliticalParty":"Democratic"},{"BallotName":"Leon Benjamin Sr.","BallotOrder":2,"Votes":5875,"Percentage":"65.72%","PoliticalParty":"Republican"},{"BallotName":"Write In","BallotOrder":2147483647,"Votes":13,"Percentage":"0.15%","PoliticalParty":"Write-In"}]},{"RaceName":"Member City Council (COLONIAL HEIGHTS CITY)","PrecinctsReporting":6,"PrecinctsParticipating":6,"NumberOfSeats":4,"Candidates":[{"BallotName":"Robert W. \"Bobby\" Wade","BallotOrder":1,"Votes":4867,"Percentage":"20.18%","PoliticalParty":""},{"BallotName":"T. Gregory Kochuba","BallotOrder":2,"Votes":5127,"Percentage":"21.26%","PoliticalParty":""},{"BallotName":"Laura F. Poe","BallotOrder":3,"Votes":5340,"Percentage":"22.14%","PoliticalParty":""},{"BallotName":"Dann P. Ferguson","BallotOrder":4,"Votes":3144,"Percentage":"13.04%","PoliticalParty":""},{"BallotName":"Derward F. Rollison","BallotOrder":5,"Votes":1173,"Percentage":"4.86%","PoliticalParty":""},{"BallotName":"Michael A. Cherry","BallotOrder":6,"Votes":4332,"Percentage":"17.96%","PoliticalParty":""},{"BallotName":"Write In","BallotOrder":2147483647,"Votes":136,"Percentage":"0.56%","PoliticalParty":""}]},{"RaceName":"Member School Board (COLONIAL HEIGHTS CITY)","PrecinctsReporting":6,"PrecinctsParticipating":6,"NumberOfSeats":3,"Candidates":[{"BallotName":"Angie K. Woody","BallotOrder":1,"Votes":5597,"Percentage":"35.08%","PoliticalParty":""},{"BallotName":"Lia V. Tremblay","BallotOrder":2,"Votes":4189,"Percentage":"26.26%","PoliticalParty":""},{"BallotName":"Keith R. Kapinskis","BallotOrder":3,"Votes":3506,"Percentage":"21.98%","PoliticalParty":""},{"BallotName":"Alfred G. Collins, IV","BallotOrder":4,"Votes":2532,"Percentage":"15.87%","PoliticalParty":""},{"BallotName":"Write In","BallotOrder":2147483647,"Votes":130,"Percentage":"0.81%","PoliticalParty":""}]},{"RaceName":"Constitutional Amendment #1","PrecinctsReporting":6,"PrecinctsParticipating":6,"NumberOfSeats":1,"Candidates":[{"BallotName":"Yes","BallotOrder":1,"Votes":6246,"Percentage":"73.27%","PoliticalParty":null},{"BallotName":"No","BallotOrder":2,"Votes":2279,"Percentage":"26.73%","PoliticalParty":null}]},{"RaceName":"Constitutional Amendment #2","PrecinctsReporting":6,"PrecinctsParticipating":6,"NumberOfSeats":1,"Candidates":[{"BallotName":"Yes","BallotOrder":1,"Votes":7821,"Percentage":"88.34%","PoliticalParty":null},{"BallotName":"No","BallotOrder":2,"Votes":1032,"Percentage":"11.66%","PoliticalParty":null}]}]}