{"ElectionName":"2020 November General","ElectionDate":"2020-11-03T00:00:00","CreateDate":"2020-11-24T11:20:47.5448408-05:00","Locality":{"LocalityName":"COVINGTON CITY","LocalityCode":"580"},"Races":[{"RaceName":"President and Vice President","PrecinctsReporting":6,"PrecinctsParticipating":6,"NumberOfSeats":1,"Candidates":[{"BallotName":"Joseph R. Biden","BallotOrder":1,"Votes":964,"Percentage":"37.03%","PoliticalParty":"Democratic"},{"BallotName":"Donald J. Trump","BallotOrder":2,"Votes":1580,"Percentage":"60.70%","PoliticalParty":"Republican"},{"BallotName":"Jo Jorgensen","BallotOrder":3,"Votes":50,"Percentage":"1.92%","PoliticalParty":"Libertarian"},{"BallotName":"Write In","BallotOrder":2147483647,"Votes":9,"Percentage":"0.35%","PoliticalParty":"Write-In"}]},{"RaceName":"Member United States Senate","PrecinctsReporting":6,"PrecinctsParticipating":6,"NumberOfSeats":1,"Candidates":[{"BallotName":"Mark R. Warner","BallotOrder":1,"Votes":1157,"Percentage":"45.46%","PoliticalParty":"Democratic"},{"BallotName":"Daniel M. Gade","BallotOrder":2,"Votes":1386,"Percentage":"54.46%","PoliticalParty":"Republican"},{"BallotName":"Write In","BallotOrder":2147483647,"Votes":2,"Percentage":"0.08%","PoliticalParty":"Write-In"}]},{"RaceName":"Member House of Representatives (09)","PrecinctsReporting":6,"PrecinctsParticipating":6,"NumberOfSeats":1,"Candidates":[{"BallotName":"H. Morgan Griffith","BallotOrder":1,"Votes":1956,"Percentage":"96.21%","PoliticalParty":"Republican"},{"BallotName":"Write In","BallotOrder":2147483647,"Votes":77,"Percentage":"3.79%","PoliticalParty":"Write-In"}]},{"RaceName":"Member City Council (DISTRICT 1)","PrecinctsReporting":2,"PrecinctsParticipating":2,"NumberOfSeats":1,"Candidates":[{"BallotName":"Edmond J. \"Eddie Joe\" Entsminger","BallotOrder":1,"Votes":159,"Percentage":"38.04%","PoliticalParty":""},{"BallotName":"William \"Lance\" Carson Jr.","BallotOrder":2,"Votes":257,"Percentage":"61.48%","PoliticalParty":""},{"BallotName":"Write In","BallotOrder":2147483647,"Votes":2,"Percentage":"0.48%","PoliticalParty":""}]},{"RaceName":"Member City Council (DISTRICT 3)","PrecinctsReporting":2,"PrecinctsParticipating":2,"NumberOfSeats":1,"Candidates":[{"BallotName":"Raymond C. Hunter","BallotOrder":1,"Votes":338,"Percentage":"97.13%","PoliticalParty":""},{"BallotName":"Write In","BallotOrder":2147483647,"Votes":10,"Percentage":"2.87%","PoliticalParty":""}]},{"RaceName":"Member City Council (DISTRICT 4)","PrecinctsReporting":2,"PrecinctsParticipating":2,"NumberOfSeats":1,"Candidates":[{"BallotName":"T.H. \" Tom\" Sibold Jr.","BallotOrder":1,"Votes":495,"Percentage":"93.75%","PoliticalParty":""},{"BallotName":"Write In","BallotOrder":2147483647,"Votes":33,"Percentage":"6.25%","PoliticalParty":""}]},{"RaceName":"Member City Council (DISTRICT 5)","PrecinctsReporting":2,"PrecinctsParticipating":2,"NumberOfSeats":1,"Candidates":[{"BallotName":"David S. Crosier","BallotOrder":1,"Votes":470,"Percentage":"92.34%","PoliticalParty":""},{"BallotName":"Write In","BallotOrder":2147483647,"Votes":39,"Percentage":"7.66%","PoliticalParty":""}]},{"RaceName":"Constitutional Amendment #1","PrecinctsReporting":6,"PrecinctsParticipating":6,"NumberOfSeats":1,"Candidates":[{"BallotName":"Yes","BallotOrder":1,"Votes":1826,"Percentage":"74.32%","PoliticalParty":null},{"BallotName":"No","BallotOrder":2,"Votes":631,"Percentage":"25.68%","PoliticalParty":null}]},{"RaceName":"Constitutional Amendment #2","PrecinctsReporting":6,"PrecinctsParticipating":6,"NumberOfSeats":1,"Candidates":[{"BallotName":"Yes","BallotOrder":1,"Votes":2283,"Percentage":"90.24%","PoliticalParty":null},{"BallotName":"No","BallotOrder":2,"Votes":247,"Percentage":"9.76%","PoliticalParty":null}]}]}