{"ElectionName":"2020 November General","ElectionDate":"2020-11-03T00:00:00","CreateDate":"2020-11-24T11:20:47.559842-05:00","Locality":{"LocalityName":"CRAIG COUNTY","LocalityCode":"045"},"Races":[{"RaceName":"President and Vice President","PrecinctsReporting":9,"PrecinctsParticipating":9,"NumberOfSeats":1,"Candidates":[{"BallotName":"Joseph R. Biden","BallotOrder":1,"Votes":587,"Percentage":"18.52%","PoliticalParty":"Democratic"},{"BallotName":"Donald J. Trump","BallotOrder":2,"Votes":2536,"Percentage":"80.03%","PoliticalParty":"Republican"},{"BallotName":"Jo Jorgensen","BallotOrder":3,"Votes":40,"Percentage":"1.26%","PoliticalParty":"Libertarian"},{"BallotName":"Write In","BallotOrder":2147483647,"Votes":6,"Percentage":"0.19%","PoliticalParty":"Write-In"}]},{"RaceName":"Member United States Senate","PrecinctsReporting":9,"PrecinctsParticipating":9,"NumberOfSeats":1,"Candidates":[{"BallotName":"Mark R. Warner","BallotOrder":1,"Votes":757,"Percentage":"24.09%","PoliticalParty":"Democratic"},{"BallotName":"Daniel M. Gade","BallotOrder":2,"Votes":2381,"Percentage":"75.76%","PoliticalParty":"Republican"},{"BallotName":"Write In","BallotOrder":2147483647,"Votes":5,"Percentage":"0.16%","PoliticalParty":"Write-In"}]},{"RaceName":"Member House of Representatives (09)","PrecinctsReporting":9,"PrecinctsParticipating":9,"NumberOfSeats":1,"Candidates":[{"BallotName":"H. Morgan Griffith","BallotOrder":1,"Votes":2765,"Percentage":"96.44%","PoliticalParty":"Republican"},{"BallotName":"Write In","BallotOrder":2147483647,"Votes":102,"Percentage":"3.56%","PoliticalParty":"Write-In"}]},{"RaceName":"Constitutional Amendment #1","PrecinctsReporting":9,"PrecinctsParticipating":9,"NumberOfSeats":1,"Candidates":[{"BallotName":"Yes","BallotOrder":1,"Votes":2462,"Percentage":"81.74%","PoliticalParty":null},{"BallotName":"No","BallotOrder":2,"Votes":550,"Percentage":"18.26%","PoliticalParty":null}]},{"RaceName":"Constitutional Amendment #2","PrecinctsReporting":9,"PrecinctsParticipating":9,"NumberOfSeats":1,"Candidates":[{"BallotName":"Yes","BallotOrder":1,"Votes":2761,"Percentage":"90.29%","PoliticalParty":null},{"BallotName":"No","BallotOrder":2,"Votes":297,"Percentage":"9.71%","PoliticalParty":null}]}]}