{"ElectionName":"2020 November General","ElectionDate":"2020-11-03T00:00:00","CreateDate":"2020-11-24T11:20:47.5758446-05:00","Locality":{"LocalityName":"CULPEPER COUNTY","LocalityCode":"047"},"Races":[{"RaceName":"President and Vice President","PrecinctsReporting":16,"PrecinctsParticipating":16,"NumberOfSeats":1,"Candidates":[{"BallotName":"Joseph R. Biden","BallotOrder":1,"Votes":10617,"Percentage":"39.15%","PoliticalParty":"Democratic"},{"BallotName":"Donald J. Trump","BallotOrder":2,"Votes":16012,"Percentage":"59.05%","PoliticalParty":"Republican"},{"BallotName":"Jo Jorgensen","BallotOrder":3,"Votes":406,"Percentage":"1.50%","PoliticalParty":"Libertarian"},{"BallotName":"Write In","BallotOrder":2147483647,"Votes":81,"Percentage":"0.30%","PoliticalParty":"Write-In"}]},{"RaceName":"Member United States Senate","PrecinctsReporting":16,"PrecinctsParticipating":16,"NumberOfSeats":1,"Candidates":[{"BallotName":"Mark R. Warner","BallotOrder":1,"Votes":11123,"Percentage":"41.61%","PoliticalParty":"Democratic"},{"BallotName":"Daniel M. Gade","BallotOrder":2,"Votes":15590,"Percentage":"58.33%","PoliticalParty":"Republican"},{"BallotName":"Write In","BallotOrder":2147483647,"Votes":16,"Percentage":"0.06%","PoliticalParty":"Write-In"}]},{"RaceName":"Member House of Representatives (07)","PrecinctsReporting":16,"PrecinctsParticipating":16,"NumberOfSeats":1,"Candidates":[{"BallotName":"Abigail A. Spanberger","BallotOrder":1,"Votes":10714,"Percentage":"39.98%","PoliticalParty":"Democratic"},{"BallotName":"Nick J. Freitas","BallotOrder":2,"Votes":16039,"Percentage":"59.85%","PoliticalParty":"Republican"},{"BallotName":"Write In","BallotOrder":2147483647,"Votes":47,"Percentage":"0.18%","PoliticalParty":"Write-In"}]},{"RaceName":"Constitutional Amendment #1","PrecinctsReporting":16,"PrecinctsParticipating":16,"NumberOfSeats":1,"Candidates":[{"BallotName":"Yes","BallotOrder":1,"Votes":16706,"Percentage":"64.64%","PoliticalParty":null},{"BallotName":"No","BallotOrder":2,"Votes":9140,"Percentage":"35.36%","PoliticalParty":null}]},{"RaceName":"Constitutional Amendment #2","PrecinctsReporting":16,"PrecinctsParticipating":16,"NumberOfSeats":1,"Candidates":[{"BallotName":"Yes","BallotOrder":1,"Votes":23358,"Percentage":"87.87%","PoliticalParty":null},{"BallotName":"No","BallotOrder":2,"Votes":3224,"Percentage":"12.13%","PoliticalParty":null}]}]}