{"ElectionName":"2020 November General","ElectionDate":"2020-11-03T00:00:00","CreateDate":"2020-11-24T11:20:47.5918465-05:00","Locality":{"LocalityName":"CUMBERLAND COUNTY","LocalityCode":"049"},"Races":[{"RaceName":"President and Vice President","PrecinctsReporting":6,"PrecinctsParticipating":6,"NumberOfSeats":1,"Candidates":[{"BallotName":"Joseph R. Biden","BallotOrder":1,"Votes":2227,"Percentage":"41.94%","PoliticalParty":"Democratic"},{"BallotName":"Donald J. Trump","BallotOrder":2,"Votes":3019,"Percentage":"56.85%","PoliticalParty":"Republican"},{"BallotName":"Jo Jorgensen","BallotOrder":3,"Votes":53,"Percentage":"1.00%","PoliticalParty":"Libertarian"},{"BallotName":"Write In","BallotOrder":2147483647,"Votes":11,"Percentage":"0.21%","PoliticalParty":"Write-In"}]},{"RaceName":"Member United States Senate","PrecinctsReporting":6,"PrecinctsParticipating":6,"NumberOfSeats":1,"Candidates":[{"BallotName":"Mark R. Warner","BallotOrder":1,"Votes":2317,"Percentage":"43.99%","PoliticalParty":"Democratic"},{"BallotName":"Daniel M. Gade","BallotOrder":2,"Votes":2947,"Percentage":"55.95%","PoliticalParty":"Republican"},{"BallotName":"Write In","BallotOrder":2147483647,"Votes":3,"Percentage":"0.06%","PoliticalParty":"Write-In"}]},{"RaceName":"Member House of Representatives (05)","PrecinctsReporting":6,"PrecinctsParticipating":6,"NumberOfSeats":1,"Candidates":[{"BallotName":"B. Cameron Webb","BallotOrder":1,"Votes":2286,"Percentage":"43.73%","PoliticalParty":"Democratic"},{"BallotName":"Robert G. \"Bob\" Good","BallotOrder":2,"Votes":2932,"Percentage":"56.09%","PoliticalParty":"Republican"},{"BallotName":"Write In","BallotOrder":2147483647,"Votes":9,"Percentage":"0.17%","PoliticalParty":"Write-In"}]},{"RaceName":"Member School Board (CUMBERLAND COUNTY)","PrecinctsReporting":2,"PrecinctsParticipating":2,"NumberOfSeats":1,"Candidates":[{"BallotName":"Leigh E. McCrea","BallotOrder":1,"Votes":0,"Percentage":"0.00%","PoliticalParty":""},{"BallotName":"Write In","BallotOrder":2147483647,"Votes":106,"Percentage":"100.00%","PoliticalParty":""}]},{"RaceName":"Constitutional Amendment #1","PrecinctsReporting":6,"PrecinctsParticipating":6,"NumberOfSeats":1,"Candidates":[{"BallotName":"Yes","BallotOrder":1,"Votes":3463,"Percentage":"70.43%","PoliticalParty":null},{"BallotName":"No","BallotOrder":2,"Votes":1454,"Percentage":"29.57%","PoliticalParty":null}]},{"RaceName":"Constitutional Amendment #2","PrecinctsReporting":6,"PrecinctsParticipating":6,"NumberOfSeats":1,"Candidates":[{"BallotName":"Yes","BallotOrder":1,"Votes":4413,"Percentage":"87.91%","PoliticalParty":null},{"BallotName":"No","BallotOrder":2,"Votes":607,"Percentage":"12.09%","PoliticalParty":null}]}]}