{"ElectionName":"2020 November General","ElectionDate":"2020-11-03T00:00:00","CreateDate":"2020-11-24T11:20:47.6188479-05:00","Locality":{"LocalityName":"DANVILLE CITY","LocalityCode":"590"},"Races":[{"RaceName":"President and Vice President","PrecinctsReporting":17,"PrecinctsParticipating":17,"NumberOfSeats":1,"Candidates":[{"BallotName":"Joseph R. Biden","BallotOrder":1,"Votes":11710,"Percentage":"60.40%","PoliticalParty":"Democratic"},{"BallotName":"Donald J. Trump","BallotOrder":2,"Votes":7428,"Percentage":"38.31%","PoliticalParty":"Republican"},{"BallotName":"Jo Jorgensen","BallotOrder":3,"Votes":195,"Percentage":"1.01%","PoliticalParty":"Libertarian"},{"BallotName":"Write In","BallotOrder":2147483647,"Votes":56,"Percentage":"0.29%","PoliticalParty":"Write-In"}]},{"RaceName":"Member United States Senate","PrecinctsReporting":17,"PrecinctsParticipating":17,"NumberOfSeats":1,"Candidates":[{"BallotName":"Mark R. Warner","BallotOrder":1,"Votes":12519,"Percentage":"65.16%","PoliticalParty":"Democratic"},{"BallotName":"Daniel M. Gade","BallotOrder":2,"Votes":6680,"Percentage":"34.77%","PoliticalParty":"Republican"},{"BallotName":"Write In","BallotOrder":2147483647,"Votes":14,"Percentage":"0.07%","PoliticalParty":"Write-In"}]},{"RaceName":"Member House of Representatives (05)","PrecinctsReporting":17,"PrecinctsParticipating":17,"NumberOfSeats":1,"Candidates":[{"BallotName":"B. Cameron Webb","BallotOrder":1,"Votes":12086,"Percentage":"62.93%","PoliticalParty":"Democratic"},{"BallotName":"Robert G. \"Bob\" Good","BallotOrder":2,"Votes":7085,"Percentage":"36.89%","PoliticalParty":"Republican"},{"BallotName":"Write In","BallotOrder":2147483647,"Votes":35,"Percentage":"0.18%","PoliticalParty":"Write-In"}]},{"RaceName":"Member City Council (DANVILLE CITY)","PrecinctsReporting":17,"PrecinctsParticipating":17,"NumberOfSeats":1,"Candidates":[{"BallotName":"Fred O. Shanks III","BallotOrder":1,"Votes":7018,"Percentage":"38.00%","PoliticalParty":""},{"BallotName":"A. Bryant Hood","BallotOrder":2,"Votes":7163,"Percentage":"38.78%","PoliticalParty":""},{"BallotName":"Petrina A. Carter","BallotOrder":3,"Votes":4185,"Percentage":"22.66%","PoliticalParty":""},{"BallotName":"Write In","BallotOrder":2147483647,"Votes":104,"Percentage":"0.56%","PoliticalParty":""}]},{"RaceName":"Constitutional Amendment #1","PrecinctsReporting":17,"PrecinctsParticipating":17,"NumberOfSeats":1,"Candidates":[{"BallotName":"Yes","BallotOrder":1,"Votes":12286,"Percentage":"68.63%","PoliticalParty":null},{"BallotName":"No","BallotOrder":2,"Votes":5615,"Percentage":"31.37%","PoliticalParty":null}]},{"RaceName":"Constitutional Amendment #2","PrecinctsReporting":17,"PrecinctsParticipating":17,"NumberOfSeats":1,"Candidates":[{"BallotName":"Yes","BallotOrder":1,"Votes":16103,"Percentage":"86.04%","PoliticalParty":null},{"BallotName":"No","BallotOrder":2,"Votes":2612,"Percentage":"13.96%","PoliticalParty":null}]},{"RaceName":"Casino Gaming (DANVILLE CITY)","PrecinctsReporting":17,"PrecinctsParticipating":17,"NumberOfSeats":1,"Candidates":[{"BallotName":"Yes","BallotOrder":1,"Votes":13151,"Percentage":"68.73%","PoliticalParty":null},{"BallotName":"No","BallotOrder":2,"Votes":5983,"Percentage":"31.27%","PoliticalParty":null}]}]}