{"ElectionName":"2020 November General","ElectionDate":"2020-11-03T00:00:00","CreateDate":"2020-11-24T11:20:47.6598495-05:00","Locality":{"LocalityName":"DICKENSON COUNTY","LocalityCode":"051"},"Races":[{"RaceName":"President and Vice President","PrecinctsReporting":11,"PrecinctsParticipating":11,"NumberOfSeats":1,"Candidates":[{"BallotName":"Joseph R. Biden","BallotOrder":1,"Votes":1503,"Percentage":"20.58%","PoliticalParty":"Democratic"},{"BallotName":"Donald J. Trump","BallotOrder":2,"Votes":5748,"Percentage":"78.71%","PoliticalParty":"Republican"},{"BallotName":"Jo Jorgensen","BallotOrder":3,"Votes":44,"Percentage":"0.60%","PoliticalParty":"Libertarian"},{"BallotName":"Write In","BallotOrder":2147483647,"Votes":8,"Percentage":"0.11%","PoliticalParty":"Write-In"}]},{"RaceName":"Member United States Senate","PrecinctsReporting":11,"PrecinctsParticipating":11,"NumberOfSeats":1,"Candidates":[{"BallotName":"Mark R. Warner","BallotOrder":1,"Votes":2052,"Percentage":"28.49%","PoliticalParty":"Democratic"},{"BallotName":"Daniel M. Gade","BallotOrder":2,"Votes":5142,"Percentage":"71.40%","PoliticalParty":"Republican"},{"BallotName":"Write In","BallotOrder":2147483647,"Votes":8,"Percentage":"0.11%","PoliticalParty":"Write-In"}]},{"RaceName":"Member House of Representatives (09)","PrecinctsReporting":11,"PrecinctsParticipating":11,"NumberOfSeats":1,"Candidates":[{"BallotName":"H. Morgan Griffith","BallotOrder":1,"Votes":5802,"Percentage":"95.44%","PoliticalParty":"Republican"},{"BallotName":"Write In","BallotOrder":2147483647,"Votes":277,"Percentage":"4.56%","PoliticalParty":"Write-In"}]},{"RaceName":"Constitutional Amendment #1","PrecinctsReporting":11,"PrecinctsParticipating":11,"NumberOfSeats":1,"Candidates":[{"BallotName":"Yes","BallotOrder":1,"Votes":4104,"Percentage":"65.77%","PoliticalParty":null},{"BallotName":"No","BallotOrder":2,"Votes":2136,"Percentage":"34.23%","PoliticalParty":null}]},{"RaceName":"Constitutional Amendment #2","PrecinctsReporting":11,"PrecinctsParticipating":11,"NumberOfSeats":1,"Candidates":[{"BallotName":"Yes","BallotOrder":1,"Votes":6236,"Percentage":"91.30%","PoliticalParty":null},{"BallotName":"No","BallotOrder":2,"Votes":594,"Percentage":"8.70%","PoliticalParty":null}]}]}