{"ElectionName":"2020 November General","ElectionDate":"2020-11-03T00:00:00","CreateDate":"2020-11-24T11:20:47.6838525-05:00","Locality":{"LocalityName":"DINWIDDIE COUNTY","LocalityCode":"053"},"Races":[{"RaceName":"President and Vice President","PrecinctsReporting":14,"PrecinctsParticipating":14,"NumberOfSeats":1,"Candidates":[{"BallotName":"Joseph R. Biden","BallotOrder":1,"Votes":6224,"Percentage":"41.24%","PoliticalParty":"Democratic"},{"BallotName":"Donald J. Trump","BallotOrder":2,"Votes":8695,"Percentage":"57.61%","PoliticalParty":"Republican"},{"BallotName":"Jo Jorgensen","BallotOrder":3,"Votes":144,"Percentage":"0.95%","PoliticalParty":"Libertarian"},{"BallotName":"Write In","BallotOrder":2147483647,"Votes":29,"Percentage":"0.19%","PoliticalParty":"Write-In"}]},{"RaceName":"Member United States Senate","PrecinctsReporting":14,"PrecinctsParticipating":14,"NumberOfSeats":1,"Candidates":[{"BallotName":"Mark R. Warner","BallotOrder":1,"Votes":6445,"Percentage":"43.34%","PoliticalParty":"Democratic"},{"BallotName":"Daniel M. Gade","BallotOrder":2,"Votes":8414,"Percentage":"56.58%","PoliticalParty":"Republican"},{"BallotName":"Write In","BallotOrder":2147483647,"Votes":13,"Percentage":"0.09%","PoliticalParty":"Write-In"}]},{"RaceName":"Member House of Representatives (04)","PrecinctsReporting":14,"PrecinctsParticipating":14,"NumberOfSeats":1,"Candidates":[{"BallotName":"A. Donald McEachin","BallotOrder":1,"Votes":6288,"Percentage":"42.48%","PoliticalParty":"Democratic"},{"BallotName":"Leon Benjamin Sr.","BallotOrder":2,"Votes":8495,"Percentage":"57.39%","PoliticalParty":"Republican"},{"BallotName":"Write In","BallotOrder":2147483647,"Votes":20,"Percentage":"0.14%","PoliticalParty":"Write-In"}]},{"RaceName":"Mayor (MCKENNEY)","PrecinctsReporting":2,"PrecinctsParticipating":2,"NumberOfSeats":1,"Candidates":[{"BallotName":"John A. Reid","BallotOrder":1,"Votes":33,"Percentage":"25.58%","PoliticalParty":""},{"BallotName":"John T. Owen","BallotOrder":2,"Votes":41,"Percentage":"31.78%","PoliticalParty":""},{"BallotName":"Meagan S. Wall","BallotOrder":3,"Votes":54,"Percentage":"41.86%","PoliticalParty":""},{"BallotName":"Write In","BallotOrder":2147483647,"Votes":1,"Percentage":"0.78%","PoliticalParty":""}]},{"RaceName":"Member Town Council (MCKENNEY)","PrecinctsReporting":2,"PrecinctsParticipating":2,"NumberOfSeats":5,"Candidates":[{"BallotName":"Shirley T. Ruppert","BallotOrder":1,"Votes":85,"Percentage":"19.59%","PoliticalParty":""},{"BallotName":"Becky S. Wallace","BallotOrder":2,"Votes":93,"Percentage":"21.43%","PoliticalParty":""},{"BallotName":"Cheryl A. Epps","BallotOrder":3,"Votes":88,"Percentage":"20.28%","PoliticalParty":""},{"BallotName":"Richard L. Hawthorne","BallotOrder":4,"Votes":71,"Percentage":"16.36%","PoliticalParty":""},{"BallotName":"Charles T. Mansfield","BallotOrder":5,"Votes":87,"Percentage":"20.05%","PoliticalParty":""},{"BallotName":"Write In","BallotOrder":2147483647,"Votes":10,"Percentage":"2.30%","PoliticalParty":""}]},{"RaceName":"Constitutional Amendment #1","PrecinctsReporting":14,"PrecinctsParticipating":14,"NumberOfSeats":1,"Candidates":[{"BallotName":"Yes","BallotOrder":1,"Votes":9451,"Percentage":"65.81%","PoliticalParty":null},{"BallotName":"No","BallotOrder":2,"Votes":4910,"Percentage":"34.19%","PoliticalParty":null}]},{"RaceName":"Constitutional Amendment #2","PrecinctsReporting":14,"PrecinctsParticipating":14,"NumberOfSeats":1,"Candidates":[{"BallotName":"Yes","BallotOrder":1,"Votes":12826,"Percentage":"88.98%","PoliticalParty":null},{"BallotName":"No","BallotOrder":2,"Votes":1588,"Percentage":"11.02%","PoliticalParty":null}]}]}