{"ElectionName":"2020 November General","ElectionDate":"2020-11-03T00:00:00","CreateDate":"2020-11-24T11:20:47.7038529-05:00","Locality":{"LocalityName":"EMPORIA CITY","LocalityCode":"595"},"Races":[{"RaceName":"President and Vice President","PrecinctsReporting":8,"PrecinctsParticipating":8,"NumberOfSeats":1,"Candidates":[{"BallotName":"Joseph R. Biden","BallotOrder":1,"Votes":1612,"Percentage":"67.70%","PoliticalParty":"Democratic"},{"BallotName":"Donald J. Trump","BallotOrder":2,"Votes":754,"Percentage":"31.67%","PoliticalParty":"Republican"},{"BallotName":"Jo Jorgensen","BallotOrder":3,"Votes":13,"Percentage":"0.55%","PoliticalParty":"Libertarian"},{"BallotName":"Write In","BallotOrder":2147483647,"Votes":2,"Percentage":"0.08%","PoliticalParty":"Write-In"}]},{"RaceName":"Member United States Senate","PrecinctsReporting":8,"PrecinctsParticipating":8,"NumberOfSeats":1,"Candidates":[{"BallotName":"Mark R. Warner","BallotOrder":1,"Votes":1618,"Percentage":"69.38%","PoliticalParty":"Democratic"},{"BallotName":"Daniel M. Gade","BallotOrder":2,"Votes":712,"Percentage":"30.53%","PoliticalParty":"Republican"},{"BallotName":"Write In","BallotOrder":2147483647,"Votes":2,"Percentage":"0.09%","PoliticalParty":"Write-In"}]},{"RaceName":"Member House of Representatives (04)","PrecinctsReporting":8,"PrecinctsParticipating":8,"NumberOfSeats":1,"Candidates":[{"BallotName":"A. Donald McEachin","BallotOrder":1,"Votes":1574,"Percentage":"68.32%","PoliticalParty":"Democratic"},{"BallotName":"Leon Benjamin Sr.","BallotOrder":2,"Votes":728,"Percentage":"31.60%","PoliticalParty":"Republican"},{"BallotName":"Write In","BallotOrder":2147483647,"Votes":2,"Percentage":"0.09%","PoliticalParty":"Write-In"}]},{"RaceName":"Mayor (EMPORIA CITY)","PrecinctsReporting":8,"PrecinctsParticipating":8,"NumberOfSeats":1,"Candidates":[{"BallotName":"Carolyn S. Carey","BallotOrder":1,"Votes":1419,"Percentage":"61.08%","PoliticalParty":""},{"BallotName":"Mary L. Person","BallotOrder":2,"Votes":896,"Percentage":"38.57%","PoliticalParty":""},{"BallotName":"Write In","BallotOrder":2147483647,"Votes":8,"Percentage":"0.34%","PoliticalParty":""}]},{"RaceName":"Member City Council (DISTRICT 2)","PrecinctsReporting":2,"PrecinctsParticipating":2,"NumberOfSeats":1,"Candidates":[{"BallotName":"Carol G. Mercer","BallotOrder":1,"Votes":171,"Percentage":"98.28%","PoliticalParty":""},{"BallotName":"Write In","BallotOrder":2147483647,"Votes":3,"Percentage":"1.72%","PoliticalParty":""}]},{"RaceName":"Member City Council (DISTRICT 3)","PrecinctsReporting":2,"PrecinctsParticipating":2,"NumberOfSeats":1,"Candidates":[{"BallotName":"James C. Saunders","BallotOrder":1,"Votes":310,"Percentage":"99.04%","PoliticalParty":""},{"BallotName":"Write In","BallotOrder":2147483647,"Votes":3,"Percentage":"0.96%","PoliticalParty":""}]},{"RaceName":"Member City Council (DISTRICT 6)","PrecinctsReporting":2,"PrecinctsParticipating":2,"NumberOfSeats":1,"Candidates":[{"BallotName":"L. Dale Temple","BallotOrder":1,"Votes":229,"Percentage":"65.99%","PoliticalParty":""},{"BallotName":"Cristobal Nieto","BallotOrder":2,"Votes":117,"Percentage":"33.72%","PoliticalParty":""},{"BallotName":"Write In","BallotOrder":2147483647,"Votes":1,"Percentage":"0.29%","PoliticalParty":""}]},{"RaceName":"Constitutional Amendment #1","PrecinctsReporting":8,"PrecinctsParticipating":8,"NumberOfSeats":1,"Candidates":[{"BallotName":"Yes","BallotOrder":1,"Votes":1590,"Percentage":"70.89%","PoliticalParty":null},{"BallotName":"No","BallotOrder":2,"Votes":653,"Percentage":"29.11%","PoliticalParty":null}]},{"RaceName":"Constitutional Amendment #2","PrecinctsReporting":8,"PrecinctsParticipating":8,"NumberOfSeats":1,"Candidates":[{"BallotName":"Yes","BallotOrder":1,"Votes":1953,"Percentage":"85.10%","PoliticalParty":null},{"BallotName":"No","BallotOrder":2,"Votes":342,"Percentage":"14.90%","PoliticalParty":null}]}]}