{"ElectionName":"2020 November General","ElectionDate":"2020-11-03T00:00:00","CreateDate":"2020-11-24T11:20:47.747856-05:00","Locality":{"LocalityName":"ESSEX COUNTY","LocalityCode":"057"},"Races":[{"RaceName":"President and Vice President","PrecinctsReporting":5,"PrecinctsParticipating":5,"NumberOfSeats":1,"Candidates":[{"BallotName":"Joseph R. Biden","BallotOrder":1,"Votes":3038,"Percentage":"49.17%","PoliticalParty":"Democratic"},{"BallotName":"Donald J. Trump","BallotOrder":2,"Votes":3075,"Percentage":"49.77%","PoliticalParty":"Republican"},{"BallotName":"Jo Jorgensen","BallotOrder":3,"Votes":58,"Percentage":"0.94%","PoliticalParty":"Libertarian"},{"BallotName":"Write In","BallotOrder":2147483647,"Votes":7,"Percentage":"0.11%","PoliticalParty":"Write-In"}]},{"RaceName":"Member United States Senate","PrecinctsReporting":5,"PrecinctsParticipating":5,"NumberOfSeats":1,"Candidates":[{"BallotName":"Mark R. Warner","BallotOrder":1,"Votes":3194,"Percentage":"52.25%","PoliticalParty":"Democratic"},{"BallotName":"Daniel M. Gade","BallotOrder":2,"Votes":2917,"Percentage":"47.72%","PoliticalParty":"Republican"},{"BallotName":"Write In","BallotOrder":2147483647,"Votes":2,"Percentage":"0.03%","PoliticalParty":"Write-In"}]},{"RaceName":"Member House of Representatives (01)","PrecinctsReporting":5,"PrecinctsParticipating":5,"NumberOfSeats":1,"Candidates":[{"BallotName":"Qasim Rashid","BallotOrder":1,"Votes":2704,"Percentage":"44.38%","PoliticalParty":"Democratic"},{"BallotName":"Robert J. Wittman","BallotOrder":2,"Votes":3385,"Percentage":"55.56%","PoliticalParty":"Republican"},{"BallotName":"Write In","BallotOrder":2147483647,"Votes":4,"Percentage":"0.07%","PoliticalParty":"Write-In"}]},{"RaceName":"Constitutional Amendment #1","PrecinctsReporting":5,"PrecinctsParticipating":5,"NumberOfSeats":1,"Candidates":[{"BallotName":"Yes","BallotOrder":1,"Votes":3722,"Percentage":"64.17%","PoliticalParty":null},{"BallotName":"No","BallotOrder":2,"Votes":2078,"Percentage":"35.83%","PoliticalParty":null}]},{"RaceName":"Constitutional Amendment #2","PrecinctsReporting":5,"PrecinctsParticipating":5,"NumberOfSeats":1,"Candidates":[{"BallotName":"Yes","BallotOrder":1,"Votes":5191,"Percentage":"87.01%","PoliticalParty":null},{"BallotName":"No","BallotOrder":2,"Votes":775,"Percentage":"12.99%","PoliticalParty":null}]}]}