{"ElectionName":"2020 November General","ElectionDate":"2020-11-03T00:00:00","CreateDate":"2020-11-24T11:20:47.8388635-05:00","Locality":{"LocalityName":"FAIRFAX COUNTY","LocalityCode":"059"},"Races":[{"RaceName":"President and Vice President","PrecinctsReporting":244,"PrecinctsParticipating":244,"NumberOfSeats":1,"Candidates":[{"BallotName":"Joseph R. Biden","BallotOrder":1,"Votes":419943,"Percentage":"69.89%","PoliticalParty":"Democratic"},{"BallotName":"Donald J. Trump","BallotOrder":2,"Votes":168401,"Percentage":"28.03%","PoliticalParty":"Republican"},{"BallotName":"Jo Jorgensen","BallotOrder":3,"Votes":8014,"Percentage":"1.33%","PoliticalParty":"Libertarian"},{"BallotName":"Write In","BallotOrder":2147483647,"Votes":4465,"Percentage":"0.74%","PoliticalParty":"Write-In"}]},{"RaceName":"Member United States Senate","PrecinctsReporting":244,"PrecinctsParticipating":244,"NumberOfSeats":1,"Candidates":[{"BallotName":"Mark R. Warner","BallotOrder":1,"Votes":415791,"Percentage":"69.89%","PoliticalParty":"Democratic"},{"BallotName":"Daniel M. Gade","BallotOrder":2,"Votes":178395,"Percentage":"29.99%","PoliticalParty":"Republican"},{"BallotName":"Write In","BallotOrder":2147483647,"Votes":736,"Percentage":"0.12%","PoliticalParty":"Write-In"}]},{"RaceName":"Member House of Representatives (08)","PrecinctsReporting":81,"PrecinctsParticipating":81,"NumberOfSeats":1,"Candidates":[{"BallotName":"Donald S. Beyer Jr.","BallotOrder":1,"Votes":128467,"Percentage":"71.94%","PoliticalParty":"Democratic"},{"BallotName":"Jeff A. Jordan","BallotOrder":2,"Votes":49719,"Percentage":"27.84%","PoliticalParty":"Republican"},{"BallotName":"Write In","BallotOrder":2147483647,"Votes":399,"Percentage":"0.22%","PoliticalParty":"Write-In"}]},{"RaceName":"Member House of Representatives (10)","PrecinctsReporting":50,"PrecinctsParticipating":50,"NumberOfSeats":1,"Candidates":[{"BallotName":"Jennifer T. Wexton","BallotOrder":1,"Votes":72352,"Percentage":"60.39%","PoliticalParty":"Democratic"},{"BallotName":"Aliscia N. Andrews","BallotOrder":2,"Votes":47231,"Percentage":"39.42%","PoliticalParty":"Republican"},{"BallotName":"Write In","BallotOrder":2147483647,"Votes":224,"Percentage":"0.19%","PoliticalParty":"Write-In"}]},{"RaceName":"Member House of Representatives (11)","PrecinctsReporting":116,"PrecinctsParticipating":116,"NumberOfSeats":1,"Candidates":[{"BallotName":"Gerald E. \"Gerry\" Connolly","BallotOrder":1,"Votes":205883,"Percentage":"70.49%","PoliticalParty":"Democratic"},{"BallotName":"Manga A. Anantatmula","BallotOrder":2,"Votes":85311,"Percentage":"29.21%","PoliticalParty":"Republican"},{"BallotName":"Write In","BallotOrder":2147483647,"Votes":887,"Percentage":"0.30%","PoliticalParty":"Write-In"}]},{"RaceName":"Mayor (HERNDON)","PrecinctsReporting":4,"PrecinctsParticipating":4,"NumberOfSeats":1,"Candidates":[{"BallotName":"Sheila A. Olem","BallotOrder":1,"Votes":5726,"Percentage":"61.23%","PoliticalParty":""},{"BallotName":"Roland B. Taylor","BallotOrder":2,"Votes":3562,"Percentage":"38.09%","PoliticalParty":""},{"BallotName":"Write In","BallotOrder":2147483647,"Votes":64,"Percentage":"0.68%","PoliticalParty":""}]},{"RaceName":"Member Town Council (HERNDON)","PrecinctsReporting":4,"PrecinctsParticipating":4,"NumberOfSeats":6,"Candidates":[{"BallotName":"Stevan M. Porter","BallotOrder":1,"Votes":4264,"Percentage":"10.73%","PoliticalParty":""},{"BallotName":"Pradip Dhakal","BallotOrder":2,"Votes":5359,"Percentage":"13.48%","PoliticalParty":""},{"BallotName":"Sean M. Regan","BallotOrder":3,"Votes":5205,"Percentage":"13.09%","PoliticalParty":""},{"BallotName":"Naila Alam","BallotOrder":4,"Votes":4914,"Percentage":"12.36%","PoliticalParty":""},{"BallotName":"Cesar A. del Aguila","BallotOrder":5,"Votes":5443,"Percentage":"13.69%","PoliticalParty":""},{"BallotName":"Signe V. Friedrichs","BallotOrder":6,"Votes":4825,"Percentage":"12.14%","PoliticalParty":""},{"BallotName":"Jasbinder Singh","BallotOrder":7,"Votes":4843,"Percentage":"12.18%","PoliticalParty":""},{"BallotName":"Clark A. Hedrick","BallotOrder":8,"Votes":4373,"Percentage":"11.00%","PoliticalParty":""},{"BallotName":"Write In","BallotOrder":2147483647,"Votes":522,"Percentage":"1.31%","PoliticalParty":""}]},{"RaceName":"Constitutional Amendment #1","PrecinctsReporting":244,"PrecinctsParticipating":244,"NumberOfSeats":1,"Candidates":[{"BallotName":"Yes","BallotOrder":1,"Votes":310297,"Percentage":"53.74%","PoliticalParty":null},{"BallotName":"No","BallotOrder":2,"Votes":267127,"Percentage":"46.26%","PoliticalParty":null}]},{"RaceName":"Constitutional Amendment #2","PrecinctsReporting":244,"PrecinctsParticipating":244,"NumberOfSeats":1,"Candidates":[{"BallotName":"Yes","BallotOrder":1,"Votes":486758,"Percentage":"83.65%","PoliticalParty":null},{"BallotName":"No","BallotOrder":2,"Votes":95114,"Percentage":"16.35%","PoliticalParty":null}]},{"RaceName":"Community Health and Human Services Bonds (FAIRFAX COUNTY)","PrecinctsReporting":244,"PrecinctsParticipating":244,"NumberOfSeats":1,"Candidates":[{"BallotName":"Yes","BallotOrder":1,"Votes":420424,"Percentage":"72.34%","PoliticalParty":null},{"BallotName":"No","BallotOrder":2,"Votes":160791,"Percentage":"27.66%","PoliticalParty":null}]},{"RaceName":"Parks and Park Facilities Bonds (FAIRFAX COUNTY)","PrecinctsReporting":244,"PrecinctsParticipating":244,"NumberOfSeats":1,"Candidates":[{"BallotName":"Yes","BallotOrder":1,"Votes":420798,"Percentage":"72.42%","PoliticalParty":null},{"BallotName":"No","BallotOrder":2,"Votes":160285,"Percentage":"27.58%","PoliticalParty":null}]},{"RaceName":"Public Library Bonds (FAIRFAX COUNTY)","PrecinctsReporting":244,"PrecinctsParticipating":244,"NumberOfSeats":1,"Candidates":[{"BallotName":"Yes","BallotOrder":1,"Votes":383834,"Percentage":"66.10%","PoliticalParty":null},{"BallotName":"No","BallotOrder":2,"Votes":196812,"Percentage":"33.90%","PoliticalParty":null}]},{"RaceName":"Transportation Bonds (FAIRFAX COUNTY)","PrecinctsReporting":244,"PrecinctsParticipating":244,"NumberOfSeats":1,"Candidates":[{"BallotName":"Yes","BallotOrder":1,"Votes":392873,"Percentage":"67.62%","PoliticalParty":null},{"BallotName":"No","BallotOrder":2,"Votes":188116,"Percentage":"32.38%","PoliticalParty":null}]}]}