{"ElectionName":"2020 November General","ElectionDate":"2020-11-03T00:00:00","CreateDate":"2020-11-24T11:20:47.7658585-05:00","Locality":{"LocalityName":"FAIRFAX CITY","LocalityCode":"600"},"Races":[{"RaceName":"President and Vice President","PrecinctsReporting":7,"PrecinctsParticipating":7,"NumberOfSeats":1,"Candidates":[{"BallotName":"Joseph R. Biden","BallotOrder":1,"Votes":9174,"Percentage":"68.04%","PoliticalParty":"Democratic"},{"BallotName":"Donald J. Trump","BallotOrder":2,"Votes":4007,"Percentage":"29.72%","PoliticalParty":"Republican"},{"BallotName":"Jo Jorgensen","BallotOrder":3,"Votes":201,"Percentage":"1.49%","PoliticalParty":"Libertarian"},{"BallotName":"Write In","BallotOrder":2147483647,"Votes":101,"Percentage":"0.75%","PoliticalParty":"Write-In"}]},{"RaceName":"Member United States Senate","PrecinctsReporting":7,"PrecinctsParticipating":7,"NumberOfSeats":1,"Candidates":[{"BallotName":"Mark R. Warner","BallotOrder":1,"Votes":9179,"Percentage":"68.88%","PoliticalParty":"Democratic"},{"BallotName":"Daniel M. Gade","BallotOrder":2,"Votes":4134,"Percentage":"31.02%","PoliticalParty":"Republican"},{"BallotName":"Write In","BallotOrder":2147483647,"Votes":14,"Percentage":"0.11%","PoliticalParty":"Write-In"}]},{"RaceName":"Member House of Representatives (11)","PrecinctsReporting":7,"PrecinctsParticipating":7,"NumberOfSeats":1,"Candidates":[{"BallotName":"Gerald E. \"Gerry\" Connolly","BallotOrder":1,"Votes":8972,"Percentage":"68.10%","PoliticalParty":"Democratic"},{"BallotName":"Manga A. Anantatmula","BallotOrder":2,"Votes":4156,"Percentage":"31.55%","PoliticalParty":"Republican"},{"BallotName":"Write In","BallotOrder":2147483647,"Votes":46,"Percentage":"0.35%","PoliticalParty":"Write-In"}]},{"RaceName":"Constitutional Amendment #1","PrecinctsReporting":7,"PrecinctsParticipating":7,"NumberOfSeats":1,"Candidates":[{"BallotName":"Yes","BallotOrder":1,"Votes":8168,"Percentage":"65.28%","PoliticalParty":null},{"BallotName":"No","BallotOrder":2,"Votes":4344,"Percentage":"34.72%","PoliticalParty":null}]},{"RaceName":"Constitutional Amendment #2","PrecinctsReporting":7,"PrecinctsParticipating":7,"NumberOfSeats":1,"Candidates":[{"BallotName":"Yes","BallotOrder":1,"Votes":10457,"Percentage":"81.06%","PoliticalParty":null},{"BallotName":"No","BallotOrder":2,"Votes":2443,"Percentage":"18.94%","PoliticalParty":null}]}]}