{"ElectionName":"2020 November General","ElectionDate":"2020-11-03T00:00:00","CreateDate":"2020-11-24T11:20:47.8898669-05:00","Locality":{"LocalityName":"FALLS CHURCH CITY","LocalityCode":"610"},"Races":[{"RaceName":"President and Vice President","PrecinctsReporting":4,"PrecinctsParticipating":4,"NumberOfSeats":1,"Candidates":[{"BallotName":"Joseph R. Biden","BallotOrder":1,"Votes":7146,"Percentage":"81.03%","PoliticalParty":"Democratic"},{"BallotName":"Donald J. Trump","BallotOrder":2,"Votes":1490,"Percentage":"16.90%","PoliticalParty":"Republican"},{"BallotName":"Jo Jorgensen","BallotOrder":3,"Votes":114,"Percentage":"1.29%","PoliticalParty":"Libertarian"},{"BallotName":"Write In","BallotOrder":2147483647,"Votes":69,"Percentage":"0.78%","PoliticalParty":"Write-In"}]},{"RaceName":"Member United States Senate","PrecinctsReporting":4,"PrecinctsParticipating":4,"NumberOfSeats":1,"Candidates":[{"BallotName":"Mark R. Warner","BallotOrder":1,"Votes":7016,"Percentage":"79.95%","PoliticalParty":"Democratic"},{"BallotName":"Daniel M. Gade","BallotOrder":2,"Votes":1750,"Percentage":"19.94%","PoliticalParty":"Republican"},{"BallotName":"Write In","BallotOrder":2147483647,"Votes":10,"Percentage":"0.11%","PoliticalParty":"Write-In"}]},{"RaceName":"Member House of Representatives (08)","PrecinctsReporting":4,"PrecinctsParticipating":4,"NumberOfSeats":1,"Candidates":[{"BallotName":"Donald S. Beyer Jr.","BallotOrder":1,"Votes":6999,"Percentage":"80.20%","PoliticalParty":"Democratic"},{"BallotName":"Jeff A. Jordan","BallotOrder":2,"Votes":1708,"Percentage":"19.57%","PoliticalParty":"Republican"},{"BallotName":"Write In","BallotOrder":2147483647,"Votes":20,"Percentage":"0.23%","PoliticalParty":"Write-In"}]},{"RaceName":"Member City Council (FALLS CHURCH CITY)","PrecinctsReporting":4,"PrecinctsParticipating":4,"NumberOfSeats":1,"Candidates":[{"BallotName":"Debora \"Debbie\" Schantz-Hiscott","BallotOrder":1,"Votes":4212,"Percentage":"54.00%","PoliticalParty":""},{"BallotName":"Joshua S. Shokoor","BallotOrder":2,"Votes":2423,"Percentage":"31.06%","PoliticalParty":""},{"BallotName":"Simone V. Pass Tucker","BallotOrder":3,"Votes":1032,"Percentage":"13.23%","PoliticalParty":""},{"BallotName":"Write In","BallotOrder":2147483647,"Votes":133,"Percentage":"1.71%","PoliticalParty":""}]},{"RaceName":"Constitutional Amendment #1","PrecinctsReporting":4,"PrecinctsParticipating":4,"NumberOfSeats":1,"Candidates":[{"BallotName":"Yes","BallotOrder":1,"Votes":5471,"Percentage":"66.17%","PoliticalParty":null},{"BallotName":"No","BallotOrder":2,"Votes":2797,"Percentage":"33.83%","PoliticalParty":null}]},{"RaceName":"Constitutional Amendment #2","PrecinctsReporting":4,"PrecinctsParticipating":4,"NumberOfSeats":1,"Candidates":[{"BallotName":"Yes","BallotOrder":1,"Votes":6642,"Percentage":"78.18%","PoliticalParty":null},{"BallotName":"No","BallotOrder":2,"Votes":1854,"Percentage":"21.82%","PoliticalParty":null}]}]}