{"ElectionName":"2020 November General","ElectionDate":"2020-11-03T00:00:00","CreateDate":"2020-11-24T11:20:47.9098692-05:00","Locality":{"LocalityName":"FAUQUIER COUNTY","LocalityCode":"061"},"Races":[{"RaceName":"President and Vice President","PrecinctsReporting":21,"PrecinctsParticipating":21,"NumberOfSeats":1,"Candidates":[{"BallotName":"Joseph R. Biden","BallotOrder":1,"Votes":17565,"Percentage":"40.23%","PoliticalParty":"Democratic"},{"BallotName":"Donald J. Trump","BallotOrder":2,"Votes":25106,"Percentage":"57.50%","PoliticalParty":"Republican"},{"BallotName":"Jo Jorgensen","BallotOrder":3,"Votes":777,"Percentage":"1.78%","PoliticalParty":"Libertarian"},{"BallotName":"Write In","BallotOrder":2147483647,"Votes":213,"Percentage":"0.49%","PoliticalParty":"Write-In"}]},{"RaceName":"Member United States Senate","PrecinctsReporting":21,"PrecinctsParticipating":21,"NumberOfSeats":1,"Candidates":[{"BallotName":"Mark R. Warner","BallotOrder":1,"Votes":17468,"Percentage":"41.15%","PoliticalParty":"Democratic"},{"BallotName":"Daniel M. Gade","BallotOrder":2,"Votes":24937,"Percentage":"58.75%","PoliticalParty":"Republican"},{"BallotName":"Write In","BallotOrder":2147483647,"Votes":41,"Percentage":"0.10%","PoliticalParty":"Write-In"}]},{"RaceName":"Member House of Representatives (01)","PrecinctsReporting":5,"PrecinctsParticipating":5,"NumberOfSeats":1,"Candidates":[{"BallotName":"Qasim Rashid","BallotOrder":1,"Votes":2517,"Percentage":"29.09%","PoliticalParty":"Democratic"},{"BallotName":"Robert J. Wittman","BallotOrder":2,"Votes":6121,"Percentage":"70.75%","PoliticalParty":"Republican"},{"BallotName":"Write In","BallotOrder":2147483647,"Votes":13,"Percentage":"0.15%","PoliticalParty":"Write-In"}]},{"RaceName":"Member House of Representatives (05)","PrecinctsReporting":17,"PrecinctsParticipating":17,"NumberOfSeats":1,"Candidates":[{"BallotName":"B. Cameron Webb","BallotOrder":1,"Votes":14537,"Percentage":"42.11%","PoliticalParty":"Democratic"},{"BallotName":"Robert G. \"Bob\" Good","BallotOrder":2,"Votes":19897,"Percentage":"57.63%","PoliticalParty":"Republican"},{"BallotName":"Write In","BallotOrder":2147483647,"Votes":90,"Percentage":"0.26%","PoliticalParty":"Write-In"}]},{"RaceName":"Constitutional Amendment #1","PrecinctsReporting":21,"PrecinctsParticipating":21,"NumberOfSeats":1,"Candidates":[{"BallotName":"Yes","BallotOrder":1,"Votes":29563,"Percentage":"70.71%","PoliticalParty":null},{"BallotName":"No","BallotOrder":2,"Votes":12246,"Percentage":"29.29%","PoliticalParty":null}]},{"RaceName":"Constitutional Amendment #2","PrecinctsReporting":21,"PrecinctsParticipating":21,"NumberOfSeats":1,"Candidates":[{"BallotName":"Yes","BallotOrder":1,"Votes":38461,"Percentage":"89.38%","PoliticalParty":null},{"BallotName":"No","BallotOrder":2,"Votes":4568,"Percentage":"10.62%","PoliticalParty":null}]}]}