{"ElectionName":"2020 November General","ElectionDate":"2020-11-03T00:00:00","CreateDate":"2020-11-24T11:20:48.0938825-05:00","Locality":{"LocalityName":"FRANKLIN COUNTY","LocalityCode":"067"},"Races":[{"RaceName":"President and Vice President","PrecinctsReporting":24,"PrecinctsParticipating":24,"NumberOfSeats":1,"Candidates":[{"BallotName":"Joseph R. Biden","BallotOrder":1,"Votes":8381,"Percentage":"28.22%","PoliticalParty":"Democratic"},{"BallotName":"Donald J. Trump","BallotOrder":2,"Votes":20895,"Percentage":"70.35%","PoliticalParty":"Republican"},{"BallotName":"Jo Jorgensen","BallotOrder":3,"Votes":354,"Percentage":"1.19%","PoliticalParty":"Libertarian"},{"BallotName":"Write In","BallotOrder":2147483647,"Votes":72,"Percentage":"0.24%","PoliticalParty":"Write-In"}]},{"RaceName":"Member United States Senate","PrecinctsReporting":24,"PrecinctsParticipating":24,"NumberOfSeats":1,"Candidates":[{"BallotName":"Mark R. Warner","BallotOrder":1,"Votes":9907,"Percentage":"33.65%","PoliticalParty":"Democratic"},{"BallotName":"Daniel M. Gade","BallotOrder":2,"Votes":19505,"Percentage":"66.26%","PoliticalParty":"Republican"},{"BallotName":"Write In","BallotOrder":2147483647,"Votes":27,"Percentage":"0.09%","PoliticalParty":"Write-In"}]},{"RaceName":"Member House of Representatives (05)","PrecinctsReporting":24,"PrecinctsParticipating":24,"NumberOfSeats":1,"Candidates":[{"BallotName":"B. Cameron Webb","BallotOrder":1,"Votes":9050,"Percentage":"30.76%","PoliticalParty":"Democratic"},{"BallotName":"Robert G. \"Bob\" Good","BallotOrder":2,"Votes":20318,"Percentage":"69.05%","PoliticalParty":"Republican"},{"BallotName":"Write In","BallotOrder":2147483647,"Votes":56,"Percentage":"0.19%","PoliticalParty":"Write-In"}]},{"RaceName":"Constitutional Amendment #1","PrecinctsReporting":24,"PrecinctsParticipating":24,"NumberOfSeats":1,"Candidates":[{"BallotName":"Yes","BallotOrder":1,"Votes":19486,"Percentage":"69.32%","PoliticalParty":null},{"BallotName":"No","BallotOrder":2,"Votes":8625,"Percentage":"30.68%","PoliticalParty":null}]},{"RaceName":"Constitutional Amendment #2","PrecinctsReporting":24,"PrecinctsParticipating":24,"NumberOfSeats":1,"Candidates":[{"BallotName":"Yes","BallotOrder":1,"Votes":25808,"Percentage":"88.77%","PoliticalParty":null},{"BallotName":"No","BallotOrder":2,"Votes":3265,"Percentage":"11.23%","PoliticalParty":null}]},{"RaceName":"Relocation of Confederate Statue (FRANKLIN COUNTY)","PrecinctsReporting":24,"PrecinctsParticipating":24,"NumberOfSeats":1,"Candidates":[{"BallotName":"Yes","BallotOrder":1,"Votes":9132,"Percentage":"31.42%","PoliticalParty":null},{"BallotName":"No","BallotOrder":2,"Votes":19928,"Percentage":"68.58%","PoliticalParty":null}]}]}