{"ElectionName":"2020 November General","ElectionDate":"2020-11-03T00:00:00","CreateDate":"2020-11-24T11:20:48.1288855-05:00","Locality":{"LocalityName":"FREDERICK COUNTY","LocalityCode":"069"},"Races":[{"RaceName":"President and Vice President","PrecinctsReporting":22,"PrecinctsParticipating":22,"NumberOfSeats":1,"Candidates":[{"BallotName":"Joseph R. Biden","BallotOrder":1,"Votes":17207,"Percentage":"35.33%","PoliticalParty":"Democratic"},{"BallotName":"Donald J. Trump","BallotOrder":2,"Votes":30558,"Percentage":"62.74%","PoliticalParty":"Republican"},{"BallotName":"Jo Jorgensen","BallotOrder":3,"Votes":781,"Percentage":"1.60%","PoliticalParty":"Libertarian"},{"BallotName":"Write In","BallotOrder":2147483647,"Votes":157,"Percentage":"0.32%","PoliticalParty":"Write-In"}]},{"RaceName":"Member United States Senate","PrecinctsReporting":22,"PrecinctsParticipating":22,"NumberOfSeats":1,"Candidates":[{"BallotName":"Mark R. Warner","BallotOrder":1,"Votes":17962,"Percentage":"37.46%","PoliticalParty":"Democratic"},{"BallotName":"Daniel M. Gade","BallotOrder":2,"Votes":29940,"Percentage":"62.45%","PoliticalParty":"Republican"},{"BallotName":"Write In","BallotOrder":2147483647,"Votes":44,"Percentage":"0.09%","PoliticalParty":"Write-In"}]},{"RaceName":"Member House of Representatives (10)","PrecinctsReporting":22,"PrecinctsParticipating":22,"NumberOfSeats":1,"Candidates":[{"BallotName":"Jennifer T. Wexton","BallotOrder":1,"Votes":16935,"Percentage":"35.39%","PoliticalParty":"Democratic"},{"BallotName":"Aliscia N. Andrews","BallotOrder":2,"Votes":30871,"Percentage":"64.51%","PoliticalParty":"Republican"},{"BallotName":"Write In","BallotOrder":2147483647,"Votes":46,"Percentage":"0.10%","PoliticalParty":"Write-In"}]},{"RaceName":"Member House of Delegates (029)","PrecinctsReporting":13,"PrecinctsParticipating":13,"NumberOfSeats":1,"Candidates":[{"BallotName":"Irina B. Khanin","BallotOrder":1,"Votes":8570,"Percentage":"30.55%","PoliticalParty":"Democratic"},{"BallotName":"William D. \"Bill\" Wiley","BallotOrder":2,"Votes":19445,"Percentage":"69.31%","PoliticalParty":"Republican"},{"BallotName":"Write In","BallotOrder":2147483647,"Votes":39,"Percentage":"0.14%","PoliticalParty":"Write-In"}]},{"RaceName":"Member Board of Supervisors (SHAWNEE DISTRICT)","PrecinctsReporting":5,"PrecinctsParticipating":5,"NumberOfSeats":1,"Candidates":[{"BallotName":"Richard D. Kennedy","BallotOrder":1,"Votes":2940,"Percentage":"41.88%","PoliticalParty":""},{"BallotName":"David D. Stegmaier","BallotOrder":2,"Votes":4013,"Percentage":"57.17%","PoliticalParty":""},{"BallotName":"Write In","BallotOrder":2147483647,"Votes":67,"Percentage":"0.95%","PoliticalParty":""}]},{"RaceName":"Mayor (MIDDLETOWN)","PrecinctsReporting":2,"PrecinctsParticipating":2,"NumberOfSeats":1,"Candidates":[{"BallotName":"Charles H. Harbaugh IV","BallotOrder":1,"Votes":600,"Percentage":"98.04%","PoliticalParty":""},{"BallotName":"Write In","BallotOrder":2147483647,"Votes":12,"Percentage":"1.96%","PoliticalParty":""}]},{"RaceName":"Member Town Council (MIDDLETOWN)","PrecinctsReporting":2,"PrecinctsParticipating":2,"NumberOfSeats":3,"Candidates":[{"BallotName":"Shayla S. Rickard","BallotOrder":1,"Votes":351,"Percentage":"30.21%","PoliticalParty":""},{"BallotName":"Stephanie A. Mitchell","BallotOrder":2,"Votes":362,"Percentage":"31.15%","PoliticalParty":""},{"BallotName":"Carolyn S. Aliff","BallotOrder":3,"Votes":323,"Percentage":"27.80%","PoliticalParty":""},{"BallotName":"Diane H. Newman-Frye","BallotOrder":4,"Votes":116,"Percentage":"9.98%","PoliticalParty":""},{"BallotName":"Write In","BallotOrder":2147483647,"Votes":10,"Percentage":"0.86%","PoliticalParty":""}]},{"RaceName":"Member Town Council (STEPHENS CITY)","PrecinctsReporting":2,"PrecinctsParticipating":2,"NumberOfSeats":3,"Candidates":[{"BallotName":"Ronald L. Bowers","BallotOrder":1,"Votes":471,"Percentage":"34.40%","PoliticalParty":""},{"BallotName":"Christine D. Stevens","BallotOrder":2,"Votes":479,"Percentage":"34.99%","PoliticalParty":""},{"BallotName":"Julia L. Young","BallotOrder":3,"Votes":377,"Percentage":"27.54%","PoliticalParty":""},{"BallotName":"Write In","BallotOrder":2147483647,"Votes":42,"Percentage":"3.07%","PoliticalParty":""}]},{"RaceName":"Constitutional Amendment #1","PrecinctsReporting":22,"PrecinctsParticipating":22,"NumberOfSeats":1,"Candidates":[{"BallotName":"Yes","BallotOrder":1,"Votes":32620,"Percentage":"70.82%","PoliticalParty":null},{"BallotName":"No","BallotOrder":2,"Votes":13440,"Percentage":"29.18%","PoliticalParty":null}]},{"RaceName":"Constitutional Amendment #2","PrecinctsReporting":22,"PrecinctsParticipating":22,"NumberOfSeats":1,"Candidates":[{"BallotName":"Yes","BallotOrder":1,"Votes":42470,"Percentage":"89.27%","PoliticalParty":null},{"BallotName":"No","BallotOrder":2,"Votes":5105,"Percentage":"10.73%","PoliticalParty":null}]}]}