{"ElectionName":"2020 November General","ElectionDate":"2020-11-03T00:00:00","CreateDate":"2020-11-24T11:20:48.3189005-05:00","Locality":{"LocalityName":"GILES COUNTY","LocalityCode":"071"},"Races":[{"RaceName":"President and Vice President","PrecinctsReporting":10,"PrecinctsParticipating":10,"NumberOfSeats":1,"Candidates":[{"BallotName":"Joseph R. Biden","BallotOrder":1,"Votes":2156,"Percentage":"23.50%","PoliticalParty":"Democratic"},{"BallotName":"Donald J. Trump","BallotOrder":2,"Votes":6876,"Percentage":"74.93%","PoliticalParty":"Republican"},{"BallotName":"Jo Jorgensen","BallotOrder":3,"Votes":125,"Percentage":"1.36%","PoliticalParty":"Libertarian"},{"BallotName":"Write In","BallotOrder":2147483647,"Votes":19,"Percentage":"0.21%","PoliticalParty":"Write-In"}]},{"RaceName":"Member United States Senate","PrecinctsReporting":10,"PrecinctsParticipating":10,"NumberOfSeats":1,"Candidates":[{"BallotName":"Mark R. Warner","BallotOrder":1,"Votes":2713,"Percentage":"30.06%","PoliticalParty":"Democratic"},{"BallotName":"Daniel M. Gade","BallotOrder":2,"Votes":6306,"Percentage":"69.87%","PoliticalParty":"Republican"},{"BallotName":"Write In","BallotOrder":2147483647,"Votes":6,"Percentage":"0.07%","PoliticalParty":"Write-In"}]},{"RaceName":"Member House of Representatives (09)","PrecinctsReporting":10,"PrecinctsParticipating":10,"NumberOfSeats":1,"Candidates":[{"BallotName":"H. Morgan Griffith","BallotOrder":1,"Votes":7371,"Percentage":"95.58%","PoliticalParty":"Republican"},{"BallotName":"Write In","BallotOrder":2147483647,"Votes":341,"Percentage":"4.42%","PoliticalParty":"Write-In"}]},{"RaceName":"Member School Board (WESTERN DISTRICT)","PrecinctsReporting":4,"PrecinctsParticipating":4,"NumberOfSeats":1,"Candidates":[{"BallotName":"Jason B. Buckland","BallotOrder":1,"Votes":2239,"Percentage":"98.59%","PoliticalParty":""},{"BallotName":"Write In","BallotOrder":2147483647,"Votes":32,"Percentage":"1.41%","PoliticalParty":""}]},{"RaceName":"Mayor (GLEN LYN)","PrecinctsReporting":2,"PrecinctsParticipating":2,"NumberOfSeats":1,"Candidates":[{"BallotName":"J. Howard Spencer","BallotOrder":1,"Votes":34,"Percentage":"97.14%","PoliticalParty":""},{"BallotName":"Write In","BallotOrder":2147483647,"Votes":1,"Percentage":"2.86%","PoliticalParty":""}]},{"RaceName":"Mayor (NARROWS)","PrecinctsReporting":2,"PrecinctsParticipating":2,"NumberOfSeats":1,"Candidates":[{"BallotName":"John G. Davis","BallotOrder":1,"Votes":829,"Percentage":"94.85%","PoliticalParty":""},{"BallotName":"Write In","BallotOrder":2147483647,"Votes":45,"Percentage":"5.15%","PoliticalParty":""}]},{"RaceName":"Member Town Council (GLEN LYN)","PrecinctsReporting":2,"PrecinctsParticipating":2,"NumberOfSeats":5,"Candidates":[{"BallotName":"Rhonda S. Sartin","BallotOrder":1,"Votes":26,"Percentage":"30.95%","PoliticalParty":""},{"BallotName":"Nila J. Spencer","BallotOrder":2,"Votes":24,"Percentage":"28.57%","PoliticalParty":""},{"BallotName":"Shawn D. Farewell","BallotOrder":3,"Votes":26,"Percentage":"30.95%","PoliticalParty":""},{"BallotName":"Rickey L. Crawford","BallotOrder":4,"Votes":4,"Percentage":"4.76%","PoliticalParty":""},{"BallotName":"Catherine J. Morris","BallotOrder":5,"Votes":2,"Percentage":"2.38%","PoliticalParty":""},{"BallotName":"Write In","BallotOrder":2147483647,"Votes":2,"Percentage":"2.38%","PoliticalParty":""}]},{"RaceName":"Member Town Council (NARROWS)","PrecinctsReporting":2,"PrecinctsParticipating":2,"NumberOfSeats":3,"Candidates":[{"BallotName":"Jonathan K. P. Creger","BallotOrder":1,"Votes":401,"Percentage":"19.93%","PoliticalParty":""},{"BallotName":"W. W.  \"George\" Conley","BallotOrder":2,"Votes":426,"Percentage":"21.17%","PoliticalParty":""},{"BallotName":"Sarah Comfort Thwaites","BallotOrder":3,"Votes":521,"Percentage":"25.89%","PoliticalParty":""},{"BallotName":"Sara E. Bowles","BallotOrder":4,"Votes":607,"Percentage":"30.17%","PoliticalParty":""},{"BallotName":"Write In","BallotOrder":2147483647,"Votes":57,"Percentage":"2.83%","PoliticalParty":""}]},{"RaceName":"Constitutional Amendment #1","PrecinctsReporting":10,"PrecinctsParticipating":10,"NumberOfSeats":1,"Candidates":[{"BallotName":"Yes","BallotOrder":1,"Votes":6301,"Percentage":"73.96%","PoliticalParty":null},{"BallotName":"No","BallotOrder":2,"Votes":2218,"Percentage":"26.04%","PoliticalParty":null}]},{"RaceName":"Constitutional Amendment #2","PrecinctsReporting":10,"PrecinctsParticipating":10,"NumberOfSeats":1,"Candidates":[{"BallotName":"Yes","BallotOrder":1,"Votes":8092,"Percentage":"91.07%","PoliticalParty":null},{"BallotName":"No","BallotOrder":2,"Votes":793,"Percentage":"8.93%","PoliticalParty":null}]}]}