{"ElectionName":"2020 November General","ElectionDate":"2020-11-03T00:00:00","CreateDate":"2020-11-24T11:20:48.3409045-05:00","Locality":{"LocalityName":"GLOUCESTER COUNTY","LocalityCode":"073"},"Races":[{"RaceName":"President and Vice President","PrecinctsReporting":12,"PrecinctsParticipating":12,"NumberOfSeats":1,"Candidates":[{"BallotName":"Joseph R. Biden","BallotOrder":1,"Votes":6964,"Percentage":"31.25%","PoliticalParty":"Democratic"},{"BallotName":"Donald J. Trump","BallotOrder":2,"Votes":14875,"Percentage":"66.76%","PoliticalParty":"Republican"},{"BallotName":"Jo Jorgensen","BallotOrder":3,"Votes":389,"Percentage":"1.75%","PoliticalParty":"Libertarian"},{"BallotName":"Write In","BallotOrder":2147483647,"Votes":54,"Percentage":"0.24%","PoliticalParty":"Write-In"}]},{"RaceName":"Member United States Senate","PrecinctsReporting":12,"PrecinctsParticipating":12,"NumberOfSeats":1,"Candidates":[{"BallotName":"Mark R. Warner","BallotOrder":1,"Votes":7521,"Percentage":"33.97%","PoliticalParty":"Democratic"},{"BallotName":"Daniel M. Gade","BallotOrder":2,"Votes":14605,"Percentage":"65.96%","PoliticalParty":"Republican"},{"BallotName":"Write In","BallotOrder":2147483647,"Votes":17,"Percentage":"0.08%","PoliticalParty":"Write-In"}]},{"RaceName":"Member House of Representatives (01)","PrecinctsReporting":12,"PrecinctsParticipating":12,"NumberOfSeats":1,"Candidates":[{"BallotName":"Qasim Rashid","BallotOrder":1,"Votes":5877,"Percentage":"26.76%","PoliticalParty":"Democratic"},{"BallotName":"Robert J. Wittman","BallotOrder":2,"Votes":16059,"Percentage":"73.13%","PoliticalParty":"Republican"},{"BallotName":"Write In","BallotOrder":2147483647,"Votes":24,"Percentage":"0.11%","PoliticalParty":"Write-In"}]},{"RaceName":"Constitutional Amendment #1","PrecinctsReporting":12,"PrecinctsParticipating":12,"NumberOfSeats":1,"Candidates":[{"BallotName":"Yes","BallotOrder":1,"Votes":14300,"Percentage":"66.85%","PoliticalParty":null},{"BallotName":"No","BallotOrder":2,"Votes":7090,"Percentage":"33.15%","PoliticalParty":null}]},{"RaceName":"Constitutional Amendment #2","PrecinctsReporting":12,"PrecinctsParticipating":12,"NumberOfSeats":1,"Candidates":[{"BallotName":"Yes","BallotOrder":1,"Votes":18999,"Percentage":"86.67%","PoliticalParty":null},{"BallotName":"No","BallotOrder":2,"Votes":2923,"Percentage":"13.33%","PoliticalParty":null}]},{"RaceName":"Sales Tax (GLOUCESTER COUNTY)","PrecinctsReporting":12,"PrecinctsParticipating":12,"NumberOfSeats":1,"Candidates":[{"BallotName":"Yes","BallotOrder":1,"Votes":13551,"Percentage":"61.96%","PoliticalParty":null},{"BallotName":"No","BallotOrder":2,"Votes":8320,"Percentage":"38.04%","PoliticalParty":null}]}]}