{"ElectionName":"2020 November General","ElectionDate":"2020-11-03T00:00:00","CreateDate":"2020-11-24T11:20:48.3949066-05:00","Locality":{"LocalityName":"GRAYSON COUNTY","LocalityCode":"077"},"Races":[{"RaceName":"President and Vice President","PrecinctsReporting":16,"PrecinctsParticipating":16,"NumberOfSeats":1,"Candidates":[{"BallotName":"Joseph R. Biden","BallotOrder":1,"Votes":1535,"Percentage":"18.88%","PoliticalParty":"Democratic"},{"BallotName":"Donald J. Trump","BallotOrder":2,"Votes":6529,"Percentage":"80.30%","PoliticalParty":"Republican"},{"BallotName":"Jo Jorgensen","BallotOrder":3,"Votes":56,"Percentage":"0.69%","PoliticalParty":"Libertarian"},{"BallotName":"Write In","BallotOrder":2147483647,"Votes":11,"Percentage":"0.14%","PoliticalParty":"Write-In"}]},{"RaceName":"Member United States Senate","PrecinctsReporting":16,"PrecinctsParticipating":16,"NumberOfSeats":1,"Candidates":[{"BallotName":"Mark R. Warner","BallotOrder":1,"Votes":1946,"Percentage":"24.56%","PoliticalParty":"Democratic"},{"BallotName":"Daniel M. Gade","BallotOrder":2,"Votes":5972,"Percentage":"75.36%","PoliticalParty":"Republican"},{"BallotName":"Write In","BallotOrder":2147483647,"Votes":7,"Percentage":"0.09%","PoliticalParty":"Write-In"}]},{"RaceName":"Member House of Representatives (09)","PrecinctsReporting":16,"PrecinctsParticipating":16,"NumberOfSeats":1,"Candidates":[{"BallotName":"H. Morgan Griffith","BallotOrder":1,"Votes":6556,"Percentage":"97.00%","PoliticalParty":"Republican"},{"BallotName":"Write In","BallotOrder":2147483647,"Votes":203,"Percentage":"3.00%","PoliticalParty":"Write-In"}]},{"RaceName":"Constitutional Amendment #1","PrecinctsReporting":16,"PrecinctsParticipating":16,"NumberOfSeats":1,"Candidates":[{"BallotName":"Yes","BallotOrder":1,"Votes":5704,"Percentage":"75.54%","PoliticalParty":null},{"BallotName":"No","BallotOrder":2,"Votes":1847,"Percentage":"24.46%","PoliticalParty":null}]},{"RaceName":"Constitutional Amendment #2","PrecinctsReporting":16,"PrecinctsParticipating":16,"NumberOfSeats":1,"Candidates":[{"BallotName":"Yes","BallotOrder":1,"Votes":7196,"Percentage":"91.55%","PoliticalParty":null},{"BallotName":"No","BallotOrder":2,"Votes":664,"Percentage":"8.45%","PoliticalParty":null}]}]}