{"ElectionName":"2020 November General","ElectionDate":"2020-11-03T00:00:00","CreateDate":"2020-11-24T11:20:48.4589125-05:00","Locality":{"LocalityName":"GREENSVILLE COUNTY","LocalityCode":"081"},"Races":[{"RaceName":"President and Vice President","PrecinctsReporting":10,"PrecinctsParticipating":10,"NumberOfSeats":1,"Candidates":[{"BallotName":"Joseph R. Biden","BallotOrder":1,"Votes":2627,"Percentage":"57.43%","PoliticalParty":"Democratic"},{"BallotName":"Donald J. Trump","BallotOrder":2,"Votes":1914,"Percentage":"41.85%","PoliticalParty":"Republican"},{"BallotName":"Jo Jorgensen","BallotOrder":3,"Votes":23,"Percentage":"0.50%","PoliticalParty":"Libertarian"},{"BallotName":"Write In","BallotOrder":2147483647,"Votes":10,"Percentage":"0.22%","PoliticalParty":"Write-In"}]},{"RaceName":"Member United States Senate","PrecinctsReporting":10,"PrecinctsParticipating":10,"NumberOfSeats":1,"Candidates":[{"BallotName":"Mark R. Warner","BallotOrder":1,"Votes":2716,"Percentage":"59.80%","PoliticalParty":"Democratic"},{"BallotName":"Daniel M. Gade","BallotOrder":2,"Votes":1822,"Percentage":"40.11%","PoliticalParty":"Republican"},{"BallotName":"Write In","BallotOrder":2147483647,"Votes":4,"Percentage":"0.09%","PoliticalParty":"Write-In"}]},{"RaceName":"Member House of Representatives (04)","PrecinctsReporting":10,"PrecinctsParticipating":10,"NumberOfSeats":1,"Candidates":[{"BallotName":"A. Donald McEachin","BallotOrder":1,"Votes":2643,"Percentage":"59.31%","PoliticalParty":"Democratic"},{"BallotName":"Leon Benjamin Sr.","BallotOrder":2,"Votes":1809,"Percentage":"40.60%","PoliticalParty":"Republican"},{"BallotName":"Write In","BallotOrder":2147483647,"Votes":4,"Percentage":"0.09%","PoliticalParty":"Write-In"}]},{"RaceName":"Constitutional Amendment #1","PrecinctsReporting":10,"PrecinctsParticipating":10,"NumberOfSeats":1,"Candidates":[{"BallotName":"Yes","BallotOrder":1,"Votes":2860,"Percentage":"67.76%","PoliticalParty":null},{"BallotName":"No","BallotOrder":2,"Votes":1361,"Percentage":"32.24%","PoliticalParty":null}]},{"RaceName":"Constitutional Amendment #2","PrecinctsReporting":10,"PrecinctsParticipating":10,"NumberOfSeats":1,"Candidates":[{"BallotName":"Yes","BallotOrder":1,"Votes":3795,"Percentage":"87.79%","PoliticalParty":null},{"BallotName":"No","BallotOrder":2,"Votes":528,"Percentage":"12.21%","PoliticalParty":null}]}]}