{"ElectionName":"2020 November General","ElectionDate":"2020-11-03T00:00:00","CreateDate":"2020-11-24T11:20:48.4809124-05:00","Locality":{"LocalityName":"HALIFAX COUNTY","LocalityCode":"083"},"Races":[{"RaceName":"President and Vice President","PrecinctsReporting":21,"PrecinctsParticipating":21,"NumberOfSeats":1,"Candidates":[{"BallotName":"Joseph R. Biden","BallotOrder":1,"Votes":7666,"Percentage":"42.01%","PoliticalParty":"Democratic"},{"BallotName":"Donald J. Trump","BallotOrder":2,"Votes":10418,"Percentage":"57.09%","PoliticalParty":"Republican"},{"BallotName":"Jo Jorgensen","BallotOrder":3,"Votes":140,"Percentage":"0.77%","PoliticalParty":"Libertarian"},{"BallotName":"Write In","BallotOrder":2147483647,"Votes":24,"Percentage":"0.13%","PoliticalParty":"Write-In"}]},{"RaceName":"Member United States Senate","PrecinctsReporting":21,"PrecinctsParticipating":21,"NumberOfSeats":1,"Candidates":[{"BallotName":"Mark R. Warner","BallotOrder":1,"Votes":8258,"Percentage":"45.65%","PoliticalParty":"Democratic"},{"BallotName":"Daniel M. Gade","BallotOrder":2,"Votes":9824,"Percentage":"54.31%","PoliticalParty":"Republican"},{"BallotName":"Write In","BallotOrder":2147483647,"Votes":6,"Percentage":"0.03%","PoliticalParty":"Write-In"}]},{"RaceName":"Member House of Representatives (05)","PrecinctsReporting":21,"PrecinctsParticipating":21,"NumberOfSeats":1,"Candidates":[{"BallotName":"B. Cameron Webb","BallotOrder":1,"Votes":7958,"Percentage":"44.07%","PoliticalParty":"Democratic"},{"BallotName":"Robert G. \"Bob\" Good","BallotOrder":2,"Votes":10083,"Percentage":"55.83%","PoliticalParty":"Republican"},{"BallotName":"Write In","BallotOrder":2147483647,"Votes":18,"Percentage":"0.10%","PoliticalParty":"Write-In"}]},{"RaceName":"Mayor - Virgilina (VIRGILINA)","PrecinctsReporting":2,"PrecinctsParticipating":2,"NumberOfSeats":1,"Candidates":[{"BallotName":"Ralph O. Murray Jr.","BallotOrder":1,"Votes":65,"Percentage":"97.01%","PoliticalParty":""},{"BallotName":"Write In","BallotOrder":2147483647,"Votes":2,"Percentage":"2.99%","PoliticalParty":""}]},{"RaceName":"Member Town Council - At Large (HALIFAX)","PrecinctsReporting":3,"PrecinctsParticipating":3,"NumberOfSeats":2,"Candidates":[{"BallotName":"Michael T.  Trent","BallotOrder":1,"Votes":490,"Percentage":"85.96%","PoliticalParty":""},{"BallotName":"Malcolm W. Bowen","BallotOrder":2,"Votes":31,"Percentage":"5.44%","PoliticalParty":""},{"BallotName":"Write In","BallotOrder":2147483647,"Votes":49,"Percentage":"8.60%","PoliticalParty":""}]},{"RaceName":"Member Town Council - Virgilina (VIRGILINA)","PrecinctsReporting":2,"PrecinctsParticipating":2,"NumberOfSeats":6,"Candidates":[{"BallotName":"Kirke C. Hooper","BallotOrder":1,"Votes":52,"Percentage":"15.52%","PoliticalParty":""},{"BallotName":"Samuel M. Torian III","BallotOrder":2,"Votes":53,"Percentage":"15.82%","PoliticalParty":""},{"BallotName":"Susan A. Bagbey","BallotOrder":3,"Votes":59,"Percentage":"17.61%","PoliticalParty":""},{"BallotName":"Catherine A. Ellixson","BallotOrder":4,"Votes":56,"Percentage":"16.72%","PoliticalParty":""},{"BallotName":"Patricia E. Honeycutt","BallotOrder":5,"Votes":58,"Percentage":"17.31%","PoliticalParty":""},{"BallotName":"Jason H. Johnson","BallotOrder":6,"Votes":53,"Percentage":"15.82%","PoliticalParty":""},{"BallotName":"Write In","BallotOrder":2147483647,"Votes":4,"Percentage":"1.19%","PoliticalParty":""}]},{"RaceName":"Constitutional Amendment #1","PrecinctsReporting":21,"PrecinctsParticipating":21,"NumberOfSeats":1,"Candidates":[{"BallotName":"Yes","BallotOrder":1,"Votes":11413,"Percentage":"67.48%","PoliticalParty":null},{"BallotName":"No","BallotOrder":2,"Votes":5499,"Percentage":"32.52%","PoliticalParty":null}]},{"RaceName":"Constitutional Amendment #2","PrecinctsReporting":21,"PrecinctsParticipating":21,"NumberOfSeats":1,"Candidates":[{"BallotName":"Yes","BallotOrder":1,"Votes":15166,"Percentage":"86.55%","PoliticalParty":null},{"BallotName":"No","BallotOrder":2,"Votes":2357,"Percentage":"13.45%","PoliticalParty":null}]},{"RaceName":"Relocation of a Confederate Monument (HALIFAX COUNTY)","PrecinctsReporting":21,"PrecinctsParticipating":21,"NumberOfSeats":1,"Candidates":[{"BallotName":"Yes","BallotOrder":1,"Votes":7044,"Percentage":"39.64%","PoliticalParty":null},{"BallotName":"No","BallotOrder":2,"Votes":10725,"Percentage":"60.36%","PoliticalParty":null}]}]}