{"ElectionName":"2020 November General","ElectionDate":"2020-11-03T00:00:00","CreateDate":"2020-11-24T11:20:48.4979138-05:00","Locality":{"LocalityName":"HAMPTON CITY","LocalityCode":"650"},"Races":[{"RaceName":"President and Vice President","PrecinctsReporting":31,"PrecinctsParticipating":31,"NumberOfSeats":1,"Candidates":[{"BallotName":"Joseph R. Biden","BallotOrder":1,"Votes":46220,"Percentage":"70.14%","PoliticalParty":"Democratic"},{"BallotName":"Donald J. Trump","BallotOrder":2,"Votes":18430,"Percentage":"27.97%","PoliticalParty":"Republican"},{"BallotName":"Jo Jorgensen","BallotOrder":3,"Votes":1006,"Percentage":"1.53%","PoliticalParty":"Libertarian"},{"BallotName":"Write In","BallotOrder":2147483647,"Votes":245,"Percentage":"0.37%","PoliticalParty":"Write-In"}]},{"RaceName":"Member United States Senate","PrecinctsReporting":31,"PrecinctsParticipating":31,"NumberOfSeats":1,"Candidates":[{"BallotName":"Mark R. Warner","BallotOrder":1,"Votes":46627,"Percentage":"72.30%","PoliticalParty":"Democratic"},{"BallotName":"Daniel M. Gade","BallotOrder":2,"Votes":17777,"Percentage":"27.57%","PoliticalParty":"Republican"},{"BallotName":"Write In","BallotOrder":2147483647,"Votes":86,"Percentage":"0.13%","PoliticalParty":"Write-In"}]},{"RaceName":"Member House of Representatives (02)","PrecinctsReporting":9,"PrecinctsParticipating":9,"NumberOfSeats":1,"Candidates":[{"BallotName":"Elaine G. Luria","BallotOrder":1,"Votes":8734,"Percentage":"53.40%","PoliticalParty":"Democratic"},{"BallotName":"Scott W. Taylor","BallotOrder":2,"Votes":7024,"Percentage":"42.95%","PoliticalParty":"Republican"},{"BallotName":"David Bruce Foster","BallotOrder":3,"Votes":576,"Percentage":"3.52%","PoliticalParty":"Independent"},{"BallotName":"Write In","BallotOrder":2147483647,"Votes":21,"Percentage":"0.13%","PoliticalParty":"Write-In"}]},{"RaceName":"Member House of Representatives (03)","PrecinctsReporting":24,"PrecinctsParticipating":24,"NumberOfSeats":1,"Candidates":[{"BallotName":"Robert C. \"Bobby\" Scott","BallotOrder":1,"Votes":37356,"Percentage":"77.83%","PoliticalParty":"Democratic"},{"BallotName":"John W. Collick Jr.","BallotOrder":2,"Votes":10550,"Percentage":"21.98%","PoliticalParty":"Republican"},{"BallotName":"Write In","BallotOrder":2147483647,"Votes":91,"Percentage":"0.19%","PoliticalParty":"Write-In"}]},{"RaceName":"Constitutional Amendment #1","PrecinctsReporting":31,"PrecinctsParticipating":31,"NumberOfSeats":1,"Candidates":[{"BallotName":"Yes","BallotOrder":1,"Votes":41480,"Percentage":"66.41%","PoliticalParty":null},{"BallotName":"No","BallotOrder":2,"Votes":20984,"Percentage":"33.59%","PoliticalParty":null}]},{"RaceName":"Constitutional Amendment #2","PrecinctsReporting":31,"PrecinctsParticipating":31,"NumberOfSeats":1,"Candidates":[{"BallotName":"Yes","BallotOrder":1,"Votes":54975,"Percentage":"85.78%","PoliticalParty":null},{"BallotName":"No","BallotOrder":2,"Votes":9112,"Percentage":"14.22%","PoliticalParty":null}]}]}