{"ElectionName":"2020 November General","ElectionDate":"2020-11-03T00:00:00","CreateDate":"2020-11-24T11:20:48.517916-05:00","Locality":{"LocalityName":"HANOVER COUNTY","LocalityCode":"085"},"Races":[{"RaceName":"President and Vice President","PrecinctsReporting":37,"PrecinctsParticipating":37,"NumberOfSeats":1,"Candidates":[{"BallotName":"Joseph R. Biden","BallotOrder":1,"Votes":25307,"Percentage":"35.66%","PoliticalParty":"Democratic"},{"BallotName":"Donald J. Trump","BallotOrder":2,"Votes":44318,"Percentage":"62.45%","PoliticalParty":"Republican"},{"BallotName":"Jo Jorgensen","BallotOrder":3,"Votes":1103,"Percentage":"1.55%","PoliticalParty":"Libertarian"},{"BallotName":"Write In","BallotOrder":2147483647,"Votes":239,"Percentage":"0.34%","PoliticalParty":"Write-In"}]},{"RaceName":"Member United States Senate","PrecinctsReporting":37,"PrecinctsParticipating":37,"NumberOfSeats":1,"Candidates":[{"BallotName":"Mark R. Warner","BallotOrder":1,"Votes":25864,"Percentage":"37.04%","PoliticalParty":"Democratic"},{"BallotName":"Daniel M. Gade","BallotOrder":2,"Votes":43893,"Percentage":"62.86%","PoliticalParty":"Republican"},{"BallotName":"Write In","BallotOrder":2147483647,"Votes":69,"Percentage":"0.10%","PoliticalParty":"Write-In"}]},{"RaceName":"Member House of Representatives (01)","PrecinctsReporting":37,"PrecinctsParticipating":37,"NumberOfSeats":1,"Candidates":[{"BallotName":"Qasim Rashid","BallotOrder":1,"Votes":21906,"Percentage":"31.65%","PoliticalParty":"Democratic"},{"BallotName":"Robert J. Wittman","BallotOrder":2,"Votes":47211,"Percentage":"68.21%","PoliticalParty":"Republican"},{"BallotName":"Write In","BallotOrder":2147483647,"Votes":96,"Percentage":"0.14%","PoliticalParty":"Write-In"}]},{"RaceName":"Constitutional Amendment #1","PrecinctsReporting":37,"PrecinctsParticipating":37,"NumberOfSeats":1,"Candidates":[{"BallotName":"Yes","BallotOrder":1,"Votes":49072,"Percentage":"71.98%","PoliticalParty":null},{"BallotName":"No","BallotOrder":2,"Votes":19099,"Percentage":"28.02%","PoliticalParty":null}]},{"RaceName":"Constitutional Amendment #2","PrecinctsReporting":37,"PrecinctsParticipating":37,"NumberOfSeats":1,"Candidates":[{"BallotName":"Yes","BallotOrder":1,"Votes":61849,"Percentage":"88.65%","PoliticalParty":null},{"BallotName":"No","BallotOrder":2,"Votes":7918,"Percentage":"11.35%","PoliticalParty":null}]}]}