{"ElectionName":"2020 November General","ElectionDate":"2020-11-03T00:00:00","CreateDate":"2020-11-24T11:20:48.5419172-05:00","Locality":{"LocalityName":"HARRISONBURG CITY","LocalityCode":"660"},"Races":[{"RaceName":"President and Vice President","PrecinctsReporting":9,"PrecinctsParticipating":9,"NumberOfSeats":1,"Candidates":[{"BallotName":"Joseph R. Biden","BallotOrder":1,"Votes":11022,"Percentage":"64.51%","PoliticalParty":"Democratic"},{"BallotName":"Donald J. Trump","BallotOrder":2,"Votes":5591,"Percentage":"32.72%","PoliticalParty":"Republican"},{"BallotName":"Jo Jorgensen","BallotOrder":3,"Votes":364,"Percentage":"2.13%","PoliticalParty":"Libertarian"},{"BallotName":"Write In","BallotOrder":2147483647,"Votes":109,"Percentage":"0.64%","PoliticalParty":"Write-In"}]},{"RaceName":"Member United States Senate","PrecinctsReporting":9,"PrecinctsParticipating":9,"NumberOfSeats":1,"Candidates":[{"BallotName":"Mark R. Warner","BallotOrder":1,"Votes":11116,"Percentage":"66.30%","PoliticalParty":"Democratic"},{"BallotName":"Daniel M. Gade","BallotOrder":2,"Votes":5634,"Percentage":"33.60%","PoliticalParty":"Republican"},{"BallotName":"Write In","BallotOrder":2147483647,"Votes":17,"Percentage":"0.10%","PoliticalParty":"Write-In"}]},{"RaceName":"Member House of Representatives (06)","PrecinctsReporting":9,"PrecinctsParticipating":9,"NumberOfSeats":1,"Candidates":[{"BallotName":"Nicholas A. Betts","BallotOrder":1,"Votes":9978,"Percentage":"60.31%","PoliticalParty":"Democratic"},{"BallotName":"Ben L. Cline","BallotOrder":2,"Votes":6544,"Percentage":"39.56%","PoliticalParty":"Republican"},{"BallotName":"Write In","BallotOrder":2147483647,"Votes":22,"Percentage":"0.13%","PoliticalParty":"Write-In"}]},{"RaceName":"Member City Council (HARRISONBURG CITY)","PrecinctsReporting":9,"PrecinctsParticipating":9,"NumberOfSeats":3,"Candidates":[{"BallotName":"Laura A. Dent","BallotOrder":1,"Votes":7993,"Percentage":"22.13%","PoliticalParty":""},{"BallotName":"Charles B. Hendricks","BallotOrder":2,"Votes":6820,"Percentage":"18.89%","PoliticalParty":""},{"BallotName":"Deanna R. Reed","BallotOrder":3,"Votes":9007,"Percentage":"24.94%","PoliticalParty":""},{"BallotName":"Kathleen S. \"Doc\" Kelley","BallotOrder":4,"Votes":4911,"Percentage":"13.60%","PoliticalParty":""},{"BallotName":"George J. Hirschmann","BallotOrder":5,"Votes":7132,"Percentage":"19.75%","PoliticalParty":""},{"BallotName":"Write In","BallotOrder":2147483647,"Votes":248,"Percentage":"0.69%","PoliticalParty":""}]},{"RaceName":"Member School Board  (HARRISONBURG CITY)","PrecinctsReporting":9,"PrecinctsParticipating":9,"NumberOfSeats":2,"Candidates":[{"BallotName":"Debra Stevens Fitzgerald","BallotOrder":1,"Votes":8836,"Percentage":"31.48%","PoliticalParty":""},{"BallotName":"Irvin W. Peckham ","BallotOrder":2,"Votes":4975,"Percentage":"17.73%","PoliticalParty":""},{"BallotName":"Kaylene R. Seigle","BallotOrder":3,"Votes":7234,"Percentage":"25.77%","PoliticalParty":""},{"BallotName":"Dominic D. \"Nick\" Swayne","BallotOrder":4,"Votes":6740,"Percentage":"24.01%","PoliticalParty":""},{"BallotName":"Write In","BallotOrder":2147483647,"Votes":281,"Percentage":"1.00%","PoliticalParty":""}]},{"RaceName":"Constitutional Amendment #1","PrecinctsReporting":9,"PrecinctsParticipating":9,"NumberOfSeats":1,"Candidates":[{"BallotName":"Yes","BallotOrder":1,"Votes":9674,"Percentage":"63.14%","PoliticalParty":null},{"BallotName":"No","BallotOrder":2,"Votes":5647,"Percentage":"36.86%","PoliticalParty":null}]},{"RaceName":"Constitutional Amendment #2","PrecinctsReporting":9,"PrecinctsParticipating":9,"NumberOfSeats":1,"Candidates":[{"BallotName":"Yes","BallotOrder":1,"Votes":12675,"Percentage":"80.28%","PoliticalParty":null},{"BallotName":"No","BallotOrder":2,"Votes":3113,"Percentage":"19.72%","PoliticalParty":null}]}]}