{"ElectionName":"2020 November General","ElectionDate":"2020-11-03T00:00:00","CreateDate":"2020-11-24T11:20:48.5759198-05:00","Locality":{"LocalityName":"HENRY COUNTY","LocalityCode":"089"},"Races":[{"RaceName":"President and Vice President","PrecinctsReporting":25,"PrecinctsParticipating":25,"NumberOfSeats":1,"Candidates":[{"BallotName":"Joseph R. Biden","BallotOrder":1,"Votes":9127,"Percentage":"34.96%","PoliticalParty":"Democratic"},{"BallotName":"Donald J. Trump","BallotOrder":2,"Votes":16725,"Percentage":"64.07%","PoliticalParty":"Republican"},{"BallotName":"Jo Jorgensen","BallotOrder":3,"Votes":223,"Percentage":"0.85%","PoliticalParty":"Libertarian"},{"BallotName":"Write In","BallotOrder":2147483647,"Votes":30,"Percentage":"0.11%","PoliticalParty":"Write-In"}]},{"RaceName":"Member United States Senate","PrecinctsReporting":25,"PrecinctsParticipating":25,"NumberOfSeats":1,"Candidates":[{"BallotName":"Mark R. Warner","BallotOrder":1,"Votes":10616,"Percentage":"41.32%","PoliticalParty":"Democratic"},{"BallotName":"Daniel M. Gade","BallotOrder":2,"Votes":15051,"Percentage":"58.58%","PoliticalParty":"Republican"},{"BallotName":"Write In","BallotOrder":2147483647,"Votes":27,"Percentage":"0.11%","PoliticalParty":"Write-In"}]},{"RaceName":"Member House of Representatives (05)","PrecinctsReporting":8,"PrecinctsParticipating":8,"NumberOfSeats":1,"Candidates":[{"BallotName":"B. Cameron Webb","BallotOrder":1,"Votes":3165,"Percentage":"44.25%","PoliticalParty":"Democratic"},{"BallotName":"Robert G. \"Bob\" Good","BallotOrder":2,"Votes":3979,"Percentage":"55.63%","PoliticalParty":"Republican"},{"BallotName":"Write In","BallotOrder":2147483647,"Votes":9,"Percentage":"0.13%","PoliticalParty":"Write-In"}]},{"RaceName":"Member House of Representatives (09)","PrecinctsReporting":20,"PrecinctsParticipating":20,"NumberOfSeats":1,"Candidates":[{"BallotName":"H. Morgan Griffith","BallotOrder":1,"Votes":14501,"Percentage":"95.84%","PoliticalParty":"Republican"},{"BallotName":"Write In","BallotOrder":2147483647,"Votes":629,"Percentage":"4.16%","PoliticalParty":"Write-In"}]},{"RaceName":"Constitutional Amendment #1","PrecinctsReporting":25,"PrecinctsParticipating":25,"NumberOfSeats":1,"Candidates":[{"BallotName":"Yes","BallotOrder":1,"Votes":14740,"Percentage":"63.52%","PoliticalParty":null},{"BallotName":"No","BallotOrder":2,"Votes":8465,"Percentage":"36.48%","PoliticalParty":null}]},{"RaceName":"Constitutional Amendment #2","PrecinctsReporting":25,"PrecinctsParticipating":25,"NumberOfSeats":1,"Candidates":[{"BallotName":"Yes","BallotOrder":1,"Votes":21872,"Percentage":"88.31%","PoliticalParty":null},{"BallotName":"No","BallotOrder":2,"Votes":2896,"Percentage":"11.69%","PoliticalParty":null}]},{"RaceName":"Sales Tax (HENRY COUNTY)","PrecinctsReporting":25,"PrecinctsParticipating":25,"NumberOfSeats":1,"Candidates":[{"BallotName":"Yes","BallotOrder":1,"Votes":13309,"Percentage":"54.38%","PoliticalParty":null},{"BallotName":"No","BallotOrder":2,"Votes":11165,"Percentage":"45.62%","PoliticalParty":null}]}]}