{"ElectionName":"2020 November General","ElectionDate":"2020-11-03T00:00:00","CreateDate":"2020-11-24T11:20:48.5589184-05:00","Locality":{"LocalityName":"HENRICO COUNTY","LocalityCode":"087"},"Races":[{"RaceName":"President and Vice President","PrecinctsReporting":92,"PrecinctsParticipating":92,"NumberOfSeats":1,"Candidates":[{"BallotName":"Joseph R. Biden","BallotOrder":1,"Votes":116572,"Percentage":"63.65%","PoliticalParty":"Democratic"},{"BallotName":"Donald J. Trump","BallotOrder":2,"Votes":63440,"Percentage":"34.64%","PoliticalParty":"Republican"},{"BallotName":"Jo Jorgensen","BallotOrder":3,"Votes":2414,"Percentage":"1.32%","PoliticalParty":"Libertarian"},{"BallotName":"Write In","BallotOrder":2147483647,"Votes":726,"Percentage":"0.40%","PoliticalParty":"Write-In"}]},{"RaceName":"Member United States Senate","PrecinctsReporting":92,"PrecinctsParticipating":92,"NumberOfSeats":1,"Candidates":[{"BallotName":"Mark R. Warner","BallotOrder":1,"Votes":117199,"Percentage":"65.09%","PoliticalParty":"Democratic"},{"BallotName":"Daniel M. Gade","BallotOrder":2,"Votes":62686,"Percentage":"34.81%","PoliticalParty":"Republican"},{"BallotName":"Write In","BallotOrder":2147483647,"Votes":177,"Percentage":"0.10%","PoliticalParty":"Write-In"}]},{"RaceName":"Member House of Representatives (04)","PrecinctsReporting":27,"PrecinctsParticipating":27,"NumberOfSeats":1,"Candidates":[{"BallotName":"A. Donald McEachin","BallotOrder":1,"Votes":36224,"Percentage":"76.59%","PoliticalParty":"Democratic"},{"BallotName":"Leon Benjamin Sr.","BallotOrder":2,"Votes":11014,"Percentage":"23.29%","PoliticalParty":"Republican"},{"BallotName":"Write In","BallotOrder":2147483647,"Votes":60,"Percentage":"0.13%","PoliticalParty":"Write-In"}]},{"RaceName":"Member House of Representatives (07)","PrecinctsReporting":66,"PrecinctsParticipating":66,"NumberOfSeats":1,"Candidates":[{"BallotName":"Abigail A. Spanberger","BallotOrder":1,"Votes":80421,"Percentage":"60.64%","PoliticalParty":"Democratic"},{"BallotName":"Nick J. Freitas","BallotOrder":2,"Votes":51966,"Percentage":"39.18%","PoliticalParty":"Republican"},{"BallotName":"Write In","BallotOrder":2147483647,"Votes":244,"Percentage":"0.18%","PoliticalParty":"Write-In"}]},{"RaceName":"Constitutional Amendment #1","PrecinctsReporting":92,"PrecinctsParticipating":92,"NumberOfSeats":1,"Candidates":[{"BallotName":"Yes","BallotOrder":1,"Votes":125304,"Percentage":"71.69%","PoliticalParty":null},{"BallotName":"No","BallotOrder":2,"Votes":49481,"Percentage":"28.31%","PoliticalParty":null}]},{"RaceName":"Constitutional Amendment #2","PrecinctsReporting":92,"PrecinctsParticipating":92,"NumberOfSeats":1,"Candidates":[{"BallotName":"Yes","BallotOrder":1,"Votes":152741,"Percentage":"85.36%","PoliticalParty":null},{"BallotName":"No","BallotOrder":2,"Votes":26205,"Percentage":"14.64%","PoliticalParty":null}]}]}