{"ElectionName":"2020 November General","ElectionDate":"2020-11-03T00:00:00","CreateDate":"2020-11-24T11:20:48.6249245-05:00","Locality":{"LocalityName":"HOPEWELL CITY","LocalityCode":"670"},"Races":[{"RaceName":"President and Vice President","PrecinctsReporting":8,"PrecinctsParticipating":8,"NumberOfSeats":1,"Candidates":[{"BallotName":"Joseph R. Biden","BallotOrder":1,"Votes":5430,"Percentage":"56.52%","PoliticalParty":"Democratic"},{"BallotName":"Donald J. Trump","BallotOrder":2,"Votes":4020,"Percentage":"41.84%","PoliticalParty":"Republican"},{"BallotName":"Jo Jorgensen","BallotOrder":3,"Votes":131,"Percentage":"1.36%","PoliticalParty":"Libertarian"},{"BallotName":"Write In","BallotOrder":2147483647,"Votes":27,"Percentage":"0.28%","PoliticalParty":"Write-In"}]},{"RaceName":"Member United States Senate","PrecinctsReporting":8,"PrecinctsParticipating":8,"NumberOfSeats":1,"Candidates":[{"BallotName":"Mark R. Warner","BallotOrder":1,"Votes":5695,"Percentage":"59.64%","PoliticalParty":"Democratic"},{"BallotName":"Daniel M. Gade","BallotOrder":2,"Votes":3847,"Percentage":"40.29%","PoliticalParty":"Republican"},{"BallotName":"Write In","BallotOrder":2147483647,"Votes":7,"Percentage":"0.07%","PoliticalParty":"Write-In"}]},{"RaceName":"Member House of Representatives (04)","PrecinctsReporting":8,"PrecinctsParticipating":8,"NumberOfSeats":1,"Candidates":[{"BallotName":"A. Donald McEachin","BallotOrder":1,"Votes":5552,"Percentage":"58.53%","PoliticalParty":"Democratic"},{"BallotName":"Leon Benjamin Sr.","BallotOrder":2,"Votes":3916,"Percentage":"41.28%","PoliticalParty":"Republican"},{"BallotName":"Write In","BallotOrder":2147483647,"Votes":18,"Percentage":"0.19%","PoliticalParty":"Write-In"}]},{"RaceName":"Member City Council (WARD 4)","PrecinctsReporting":2,"PrecinctsParticipating":2,"NumberOfSeats":1,"Candidates":[{"BallotName":"Jasmine  Gore","BallotOrder":1,"Votes":1014,"Percentage":"49.54%","PoliticalParty":""},{"BallotName":"Ronnie O. Ellis Jr.","BallotOrder":2,"Votes":977,"Percentage":"47.73%","PoliticalParty":""},{"BallotName":"Lewis H. Shuster","BallotOrder":3,"Votes":53,"Percentage":"2.59%","PoliticalParty":""},{"BallotName":"Write In","BallotOrder":2147483647,"Votes":3,"Percentage":"0.15%","PoliticalParty":""}]},{"RaceName":"Member City Council (WARD 5)","PrecinctsReporting":2,"PrecinctsParticipating":2,"NumberOfSeats":1,"Candidates":[{"BallotName":"Janice B. Denton","BallotOrder":1,"Votes":659,"Percentage":"50.31%","PoliticalParty":""},{"BallotName":"Brandon W. Howard","BallotOrder":2,"Votes":413,"Percentage":"31.53%","PoliticalParty":""},{"BallotName":"David W. Silvestro","BallotOrder":3,"Votes":233,"Percentage":"17.79%","PoliticalParty":""},{"BallotName":"Write In","BallotOrder":2147483647,"Votes":5,"Percentage":"0.38%","PoliticalParty":""}]},{"RaceName":"Member City Council (WARD 6)","PrecinctsReporting":2,"PrecinctsParticipating":2,"NumberOfSeats":1,"Candidates":[{"BallotName":"Michael W. Whittington Sr","BallotOrder":1,"Votes":440,"Percentage":"36.36%","PoliticalParty":""},{"BallotName":"Brenda S. Pelham","BallotOrder":2,"Votes":766,"Percentage":"63.31%","PoliticalParty":""},{"BallotName":"Write In","BallotOrder":2147483647,"Votes":4,"Percentage":"0.33%","PoliticalParty":""}]},{"RaceName":"Constitutional Amendment #1","PrecinctsReporting":8,"PrecinctsParticipating":8,"NumberOfSeats":1,"Candidates":[{"BallotName":"Yes","BallotOrder":1,"Votes":6232,"Percentage":"67.45%","PoliticalParty":null},{"BallotName":"No","BallotOrder":2,"Votes":3007,"Percentage":"32.55%","PoliticalParty":null}]},{"RaceName":"Constitutional Amendment #2","PrecinctsReporting":8,"PrecinctsParticipating":8,"NumberOfSeats":1,"Candidates":[{"BallotName":"Yes","BallotOrder":1,"Votes":8217,"Percentage":"87.12%","PoliticalParty":null},{"BallotName":"No","BallotOrder":2,"Votes":1215,"Percentage":"12.88%","PoliticalParty":null}]}]}