{"ElectionName":"2020 November General","ElectionDate":"2020-11-03T00:00:00","CreateDate":"2020-11-24T11:20:48.6449248-05:00","Locality":{"LocalityName":"ISLE OF WIGHT COUNTY","LocalityCode":"093"},"Races":[{"RaceName":"President and Vice President","PrecinctsReporting":15,"PrecinctsParticipating":15,"NumberOfSeats":1,"Candidates":[{"BallotName":"Joseph R. Biden","BallotOrder":1,"Votes":9399,"Percentage":"40.07%","PoliticalParty":"Democratic"},{"BallotName":"Donald J. Trump","BallotOrder":2,"Votes":13707,"Percentage":"58.44%","PoliticalParty":"Republican"},{"BallotName":"Jo Jorgensen","BallotOrder":3,"Votes":328,"Percentage":"1.40%","PoliticalParty":"Libertarian"},{"BallotName":"Write In","BallotOrder":2147483647,"Votes":22,"Percentage":"0.09%","PoliticalParty":"Write-In"}]},{"RaceName":"Member United States Senate","PrecinctsReporting":15,"PrecinctsParticipating":15,"NumberOfSeats":1,"Candidates":[{"BallotName":"Mark R. Warner","BallotOrder":1,"Votes":9821,"Percentage":"41.99%","PoliticalParty":"Democratic"},{"BallotName":"Daniel M. Gade","BallotOrder":2,"Votes":13546,"Percentage":"57.91%","PoliticalParty":"Republican"},{"BallotName":"Write In","BallotOrder":2147483647,"Votes":23,"Percentage":"0.10%","PoliticalParty":"Write-In"}]},{"RaceName":"Member House of Representatives (03)","PrecinctsReporting":15,"PrecinctsParticipating":15,"NumberOfSeats":1,"Candidates":[{"BallotName":"Robert C. \"Bobby\" Scott","BallotOrder":1,"Votes":9431,"Percentage":"40.93%","PoliticalParty":"Democratic"},{"BallotName":"John W. Collick Jr.","BallotOrder":2,"Votes":13586,"Percentage":"58.96%","PoliticalParty":"Republican"},{"BallotName":"Write In","BallotOrder":2147483647,"Votes":26,"Percentage":"0.11%","PoliticalParty":"Write-In"}]},{"RaceName":"Clerk of Court (ISLE OF WIGHT COUNTY)","PrecinctsReporting":15,"PrecinctsParticipating":15,"NumberOfSeats":1,"Candidates":[{"BallotName":"Kathy S. Torrence","BallotOrder":1,"Votes":11956,"Percentage":"56.18%","PoliticalParty":""},{"BallotName":"Jaime L. Mumford","BallotOrder":2,"Votes":9210,"Percentage":"43.28%","PoliticalParty":""},{"BallotName":"Write In","BallotOrder":2147483647,"Votes":115,"Percentage":"0.54%","PoliticalParty":""}]},{"RaceName":"Member Town Council - Windsor (WINDSOR)","PrecinctsReporting":2,"PrecinctsParticipating":2,"NumberOfSeats":3,"Candidates":[{"BallotName":"Walter E. Bernacki","BallotOrder":1,"Votes":829,"Percentage":"35.46%","PoliticalParty":""},{"BallotName":"Jacob M. Redd","BallotOrder":2,"Votes":704,"Percentage":"30.11%","PoliticalParty":""},{"BallotName":"James G. \"Greg\" Willis","BallotOrder":3,"Votes":763,"Percentage":"32.63%","PoliticalParty":""},{"BallotName":"Write In","BallotOrder":2147483647,"Votes":42,"Percentage":"1.80%","PoliticalParty":""}]},{"RaceName":"Constitutional Amendment #1","PrecinctsReporting":15,"PrecinctsParticipating":15,"NumberOfSeats":1,"Candidates":[{"BallotName":"Yes","BallotOrder":1,"Votes":16173,"Percentage":"72.10%","PoliticalParty":null},{"BallotName":"No","BallotOrder":2,"Votes":6258,"Percentage":"27.90%","PoliticalParty":null}]},{"RaceName":"Constitutional Amendment #2","PrecinctsReporting":15,"PrecinctsParticipating":15,"NumberOfSeats":1,"Candidates":[{"BallotName":"Yes","BallotOrder":1,"Votes":19736,"Percentage":"86.35%","PoliticalParty":null},{"BallotName":"No","BallotOrder":2,"Votes":3119,"Percentage":"13.65%","PoliticalParty":null}]}]}