{"ElectionName":"2020 November General","ElectionDate":"2020-11-03T00:00:00","CreateDate":"2020-11-24T11:20:48.6619304-05:00","Locality":{"LocalityName":"JAMES CITY COUNTY","LocalityCode":"095"},"Races":[{"RaceName":"President and Vice President","PrecinctsReporting":20,"PrecinctsParticipating":20,"NumberOfSeats":1,"Candidates":[{"BallotName":"Joseph R. Biden","BallotOrder":1,"Votes":25553,"Percentage":"51.50%","PoliticalParty":"Democratic"},{"BallotName":"Donald J. Trump","BallotOrder":2,"Votes":23153,"Percentage":"46.66%","PoliticalParty":"Republican"},{"BallotName":"Jo Jorgensen","BallotOrder":3,"Votes":710,"Percentage":"1.43%","PoliticalParty":"Libertarian"},{"BallotName":"Write In","BallotOrder":2147483647,"Votes":206,"Percentage":"0.42%","PoliticalParty":"Write-In"}]},{"RaceName":"Member United States Senate","PrecinctsReporting":20,"PrecinctsParticipating":20,"NumberOfSeats":1,"Candidates":[{"BallotName":"Mark R. Warner","BallotOrder":1,"Votes":25685,"Percentage":"52.07%","PoliticalParty":"Democratic"},{"BallotName":"Daniel M. Gade","BallotOrder":2,"Votes":23600,"Percentage":"47.84%","PoliticalParty":"Republican"},{"BallotName":"Write In","BallotOrder":2147483647,"Votes":41,"Percentage":"0.08%","PoliticalParty":"Write-In"}]},{"RaceName":"Member House of Representatives (01)","PrecinctsReporting":15,"PrecinctsParticipating":15,"NumberOfSeats":1,"Candidates":[{"BallotName":"Qasim Rashid","BallotOrder":1,"Votes":16946,"Percentage":"43.95%","PoliticalParty":"Democratic"},{"BallotName":"Robert J. Wittman","BallotOrder":2,"Votes":21571,"Percentage":"55.95%","PoliticalParty":"Republican"},{"BallotName":"Write In","BallotOrder":2147483647,"Votes":38,"Percentage":"0.10%","PoliticalParty":"Write-In"}]},{"RaceName":"Member House of Representatives (02)","PrecinctsReporting":8,"PrecinctsParticipating":8,"NumberOfSeats":1,"Candidates":[{"BallotName":"Elaine G. Luria","BallotOrder":1,"Votes":5691,"Percentage":"54.58%","PoliticalParty":"Democratic"},{"BallotName":"Scott W. Taylor","BallotOrder":2,"Votes":4464,"Percentage":"42.82%","PoliticalParty":"Republican"},{"BallotName":"David Bruce Foster","BallotOrder":3,"Votes":262,"Percentage":"2.51%","PoliticalParty":"Independent"},{"BallotName":"Write In","BallotOrder":2147483647,"Votes":9,"Percentage":"0.09%","PoliticalParty":"Write-In"}]},{"RaceName":"Constitutional Amendment #1","PrecinctsReporting":20,"PrecinctsParticipating":20,"NumberOfSeats":1,"Candidates":[{"BallotName":"Yes","BallotOrder":1,"Votes":33348,"Percentage":"70.52%","PoliticalParty":null},{"BallotName":"No","BallotOrder":2,"Votes":13938,"Percentage":"29.48%","PoliticalParty":null}]},{"RaceName":"Constitutional Amendment #2","PrecinctsReporting":20,"PrecinctsParticipating":20,"NumberOfSeats":1,"Candidates":[{"BallotName":"Yes","BallotOrder":1,"Votes":41336,"Percentage":"85.18%","PoliticalParty":null},{"BallotName":"No","BallotOrder":2,"Votes":7190,"Percentage":"14.82%","PoliticalParty":null}]}]}