{"ElectionName":"2020 November General","ElectionDate":"2020-11-03T00:00:00","CreateDate":"2020-11-24T11:20:48.6939287-05:00","Locality":{"LocalityName":"KING GEORGE COUNTY","LocalityCode":"099"},"Races":[{"RaceName":"President and Vice President","PrecinctsReporting":6,"PrecinctsParticipating":6,"NumberOfSeats":1,"Candidates":[{"BallotName":"Joseph R. Biden","BallotOrder":1,"Votes":5404,"Percentage":"37.99%","PoliticalParty":"Democratic"},{"BallotName":"Donald J. Trump","BallotOrder":2,"Votes":8446,"Percentage":"59.38%","PoliticalParty":"Republican"},{"BallotName":"Jo Jorgensen","BallotOrder":3,"Votes":314,"Percentage":"2.21%","PoliticalParty":"Libertarian"},{"BallotName":"Write In","BallotOrder":2147483647,"Votes":60,"Percentage":"0.42%","PoliticalParty":"Write-In"}]},{"RaceName":"Member United States Senate","PrecinctsReporting":6,"PrecinctsParticipating":6,"NumberOfSeats":1,"Candidates":[{"BallotName":"Mark R. Warner","BallotOrder":1,"Votes":5758,"Percentage":"40.67%","PoliticalParty":"Democratic"},{"BallotName":"Daniel M. Gade","BallotOrder":2,"Votes":8384,"Percentage":"59.22%","PoliticalParty":"Republican"},{"BallotName":"Write In","BallotOrder":2147483647,"Votes":15,"Percentage":"0.11%","PoliticalParty":"Write-In"}]},{"RaceName":"Member House of Representatives (01)","PrecinctsReporting":6,"PrecinctsParticipating":6,"NumberOfSeats":1,"Candidates":[{"BallotName":"Qasim Rashid","BallotOrder":1,"Votes":4557,"Percentage":"32.27%","PoliticalParty":"Democratic"},{"BallotName":"Robert J. Wittman","BallotOrder":2,"Votes":9539,"Percentage":"67.54%","PoliticalParty":"Republican"},{"BallotName":"Write In","BallotOrder":2147483647,"Votes":27,"Percentage":"0.19%","PoliticalParty":"Write-In"}]},{"RaceName":"Constitutional Amendment #1","PrecinctsReporting":6,"PrecinctsParticipating":6,"NumberOfSeats":1,"Candidates":[{"BallotName":"Yes","BallotOrder":1,"Votes":9028,"Percentage":"65.77%","PoliticalParty":null},{"BallotName":"No","BallotOrder":2,"Votes":4699,"Percentage":"34.23%","PoliticalParty":null}]},{"RaceName":"Constitutional Amendment #2","PrecinctsReporting":6,"PrecinctsParticipating":6,"NumberOfSeats":1,"Candidates":[{"BallotName":"Yes","BallotOrder":1,"Votes":12317,"Percentage":"87.66%","PoliticalParty":null},{"BallotName":"No","BallotOrder":2,"Votes":1734,"Percentage":"12.34%","PoliticalParty":null}]}]}