{"ElectionName":"2020 November General","ElectionDate":"2020-11-03T00:00:00","CreateDate":"2020-11-24T11:20:48.7089302-05:00","Locality":{"LocalityName":"KING WILLIAM COUNTY","LocalityCode":"101"},"Races":[{"RaceName":"President and Vice President","PrecinctsReporting":7,"PrecinctsParticipating":7,"NumberOfSeats":1,"Candidates":[{"BallotName":"Joseph R. Biden","BallotOrder":1,"Votes":3260,"Percentage":"30.37%","PoliticalParty":"Democratic"},{"BallotName":"Donald J. Trump","BallotOrder":2,"Votes":7320,"Percentage":"68.18%","PoliticalParty":"Republican"},{"BallotName":"Jo Jorgensen","BallotOrder":3,"Votes":142,"Percentage":"1.32%","PoliticalParty":"Libertarian"},{"BallotName":"Write In","BallotOrder":2147483647,"Votes":14,"Percentage":"0.13%","PoliticalParty":"Write-In"}]},{"RaceName":"Member United States Senate","PrecinctsReporting":7,"PrecinctsParticipating":7,"NumberOfSeats":1,"Candidates":[{"BallotName":"Mark R. Warner","BallotOrder":1,"Votes":3447,"Percentage":"32.72%","PoliticalParty":"Democratic"},{"BallotName":"Daniel M. Gade","BallotOrder":2,"Votes":7079,"Percentage":"67.20%","PoliticalParty":"Republican"},{"BallotName":"Write In","BallotOrder":2147483647,"Votes":9,"Percentage":"0.09%","PoliticalParty":"Write-In"}]},{"RaceName":"Member House of Representatives (01)","PrecinctsReporting":7,"PrecinctsParticipating":7,"NumberOfSeats":1,"Candidates":[{"BallotName":"Qasim Rashid","BallotOrder":1,"Votes":2871,"Percentage":"27.48%","PoliticalParty":"Democratic"},{"BallotName":"Robert J. Wittman","BallotOrder":2,"Votes":7569,"Percentage":"72.44%","PoliticalParty":"Republican"},{"BallotName":"Write In","BallotOrder":2147483647,"Votes":8,"Percentage":"0.08%","PoliticalParty":"Write-In"}]},{"RaceName":"Member Town Council (WEST POINT)","PrecinctsReporting":2,"PrecinctsParticipating":2,"NumberOfSeats":4,"Candidates":[{"BallotName":"Christopher P. Vincent","BallotOrder":1,"Votes":1247,"Percentage":"28.93%","PoliticalParty":""},{"BallotName":"Robert J. Lawrence","BallotOrder":2,"Votes":824,"Percentage":"19.12%","PoliticalParty":""},{"BallotName":"Deborah T. Ball","BallotOrder":3,"Votes":1142,"Percentage":"26.50%","PoliticalParty":""},{"BallotName":"J.T. \"Jack\" Lawson","BallotOrder":4,"Votes":1072,"Percentage":"24.87%","PoliticalParty":""},{"BallotName":"Write In","BallotOrder":2147483647,"Votes":25,"Percentage":"0.58%","PoliticalParty":""}]},{"RaceName":"Member School Board  (WEST POINT)","PrecinctsReporting":2,"PrecinctsParticipating":2,"NumberOfSeats":2,"Candidates":[{"BallotName":"Ron Kirkland","BallotOrder":1,"Votes":725,"Percentage":"28.31%","PoliticalParty":""},{"BallotName":"Cherwanna Braxton","BallotOrder":2,"Votes":771,"Percentage":"30.11%","PoliticalParty":""},{"BallotName":"Laura H. Shreaves","BallotOrder":3,"Votes":1047,"Percentage":"40.88%","PoliticalParty":""},{"BallotName":"Write In","BallotOrder":2147483647,"Votes":18,"Percentage":"0.70%","PoliticalParty":""}]},{"RaceName":"Constitutional Amendment #1","PrecinctsReporting":7,"PrecinctsParticipating":7,"NumberOfSeats":1,"Candidates":[{"BallotName":"Yes","BallotOrder":1,"Votes":7095,"Percentage":"69.92%","PoliticalParty":null},{"BallotName":"No","BallotOrder":2,"Votes":3053,"Percentage":"30.08%","PoliticalParty":null}]},{"RaceName":"Constitutional Amendment #2","PrecinctsReporting":7,"PrecinctsParticipating":7,"NumberOfSeats":1,"Candidates":[{"BallotName":"Yes","BallotOrder":1,"Votes":9291,"Percentage":"89.29%","PoliticalParty":null},{"BallotName":"No","BallotOrder":2,"Votes":1114,"Percentage":"10.71%","PoliticalParty":null}]}]}