{"ElectionName":"2020 November General","ElectionDate":"2020-11-03T00:00:00","CreateDate":"2020-11-24T11:20:48.7249313-05:00","Locality":{"LocalityName":"LANCASTER COUNTY","LocalityCode":"103"},"Races":[{"RaceName":"President and Vice President","PrecinctsReporting":7,"PrecinctsParticipating":7,"NumberOfSeats":1,"Candidates":[{"BallotName":"Joseph R. Biden","BallotOrder":1,"Votes":3368,"Percentage":"47.09%","PoliticalParty":"Democratic"},{"BallotName":"Donald J. Trump","BallotOrder":2,"Votes":3697,"Percentage":"51.69%","PoliticalParty":"Republican"},{"BallotName":"Jo Jorgensen","BallotOrder":3,"Votes":71,"Percentage":"0.99%","PoliticalParty":"Libertarian"},{"BallotName":"Write In","BallotOrder":2147483647,"Votes":16,"Percentage":"0.22%","PoliticalParty":"Write-In"}]},{"RaceName":"Member United States Senate","PrecinctsReporting":7,"PrecinctsParticipating":7,"NumberOfSeats":1,"Candidates":[{"BallotName":"Mark R. Warner","BallotOrder":1,"Votes":3457,"Percentage":"48.64%","PoliticalParty":"Democratic"},{"BallotName":"Daniel M. Gade","BallotOrder":2,"Votes":3648,"Percentage":"51.32%","PoliticalParty":"Republican"},{"BallotName":"Write In","BallotOrder":2147483647,"Votes":3,"Percentage":"0.04%","PoliticalParty":"Write-In"}]},{"RaceName":"Member House of Representatives (01)","PrecinctsReporting":7,"PrecinctsParticipating":7,"NumberOfSeats":1,"Candidates":[{"BallotName":"Qasim Rashid","BallotOrder":1,"Votes":2884,"Percentage":"40.72%","PoliticalParty":"Democratic"},{"BallotName":"Robert J. Wittman","BallotOrder":2,"Votes":4191,"Percentage":"59.17%","PoliticalParty":"Republican"},{"BallotName":"Write In","BallotOrder":2147483647,"Votes":8,"Percentage":"0.11%","PoliticalParty":"Write-In"}]},{"RaceName":"Constitutional Amendment #1","PrecinctsReporting":7,"PrecinctsParticipating":7,"NumberOfSeats":1,"Candidates":[{"BallotName":"Yes","BallotOrder":1,"Votes":4698,"Percentage":"71.11%","PoliticalParty":null},{"BallotName":"No","BallotOrder":2,"Votes":1909,"Percentage":"28.89%","PoliticalParty":null}]},{"RaceName":"Constitutional Amendment #2","PrecinctsReporting":7,"PrecinctsParticipating":7,"NumberOfSeats":1,"Candidates":[{"BallotName":"Yes","BallotOrder":1,"Votes":6032,"Percentage":"89.68%","PoliticalParty":null},{"BallotName":"No","BallotOrder":2,"Votes":694,"Percentage":"10.32%","PoliticalParty":null}]}]}