{"ElectionName":"2020 November General","ElectionDate":"2020-11-03T00:00:00","CreateDate":"2020-11-24T11:20:48.7629348-05:00","Locality":{"LocalityName":"LEE COUNTY","LocalityCode":"105"},"Races":[{"RaceName":"President and Vice President","PrecinctsReporting":17,"PrecinctsParticipating":17,"NumberOfSeats":1,"Candidates":[{"BallotName":"Joseph R. Biden","BallotOrder":1,"Votes":1489,"Percentage":"14.97%","PoliticalParty":"Democratic"},{"BallotName":"Donald J. Trump","BallotOrder":2,"Votes":8365,"Percentage":"84.10%","PoliticalParty":"Republican"},{"BallotName":"Jo Jorgensen","BallotOrder":3,"Votes":78,"Percentage":"0.78%","PoliticalParty":"Libertarian"},{"BallotName":"Write In","BallotOrder":2147483647,"Votes":14,"Percentage":"0.14%","PoliticalParty":"Write-In"}]},{"RaceName":"Member United States Senate","PrecinctsReporting":17,"PrecinctsParticipating":17,"NumberOfSeats":1,"Candidates":[{"BallotName":"Mark R. Warner","BallotOrder":1,"Votes":2240,"Percentage":"22.74%","PoliticalParty":"Democratic"},{"BallotName":"Daniel M. Gade","BallotOrder":2,"Votes":7600,"Percentage":"77.16%","PoliticalParty":"Republican"},{"BallotName":"Write In","BallotOrder":2147483647,"Votes":10,"Percentage":"0.10%","PoliticalParty":"Write-In"}]},{"RaceName":"Member House of Representatives (09)","PrecinctsReporting":17,"PrecinctsParticipating":17,"NumberOfSeats":1,"Candidates":[{"BallotName":"H. Morgan Griffith","BallotOrder":1,"Votes":8654,"Percentage":"97.27%","PoliticalParty":"Republican"},{"BallotName":"Write In","BallotOrder":2147483647,"Votes":243,"Percentage":"2.73%","PoliticalParty":"Write-In"}]},{"RaceName":"Constitutional Amendment #1","PrecinctsReporting":17,"PrecinctsParticipating":17,"NumberOfSeats":1,"Candidates":[{"BallotName":"Yes","BallotOrder":1,"Votes":5917,"Percentage":"66.53%","PoliticalParty":null},{"BallotName":"No","BallotOrder":2,"Votes":2977,"Percentage":"33.47%","PoliticalParty":null}]},{"RaceName":"Constitutional Amendment #2","PrecinctsReporting":17,"PrecinctsParticipating":17,"NumberOfSeats":1,"Candidates":[{"BallotName":"Yes","BallotOrder":1,"Votes":8511,"Percentage":"90.61%","PoliticalParty":null},{"BallotName":"No","BallotOrder":2,"Votes":882,"Percentage":"9.39%","PoliticalParty":null}]}]}