{"ElectionName":"2020 November General","ElectionDate":"2020-11-03T00:00:00","CreateDate":"2020-11-24T11:20:48.7799366-05:00","Locality":{"LocalityName":"LEXINGTON CITY","LocalityCode":"678"},"Races":[{"RaceName":"President and Vice President","PrecinctsReporting":2,"PrecinctsParticipating":2,"NumberOfSeats":1,"Candidates":[{"BallotName":"Joseph R. Biden","BallotOrder":1,"Votes":1791,"Percentage":"64.84%","PoliticalParty":"Democratic"},{"BallotName":"Donald J. Trump","BallotOrder":2,"Votes":906,"Percentage":"32.80%","PoliticalParty":"Republican"},{"BallotName":"Jo Jorgensen","BallotOrder":3,"Votes":48,"Percentage":"1.74%","PoliticalParty":"Libertarian"},{"BallotName":"Write In","BallotOrder":2147483647,"Votes":17,"Percentage":"0.62%","PoliticalParty":"Write-In"}]},{"RaceName":"Member United States Senate","PrecinctsReporting":2,"PrecinctsParticipating":2,"NumberOfSeats":1,"Candidates":[{"BallotName":"Mark R. Warner","BallotOrder":1,"Votes":1853,"Percentage":"67.36%","PoliticalParty":"Democratic"},{"BallotName":"Daniel M. Gade","BallotOrder":2,"Votes":895,"Percentage":"32.53%","PoliticalParty":"Republican"},{"BallotName":"Write In","BallotOrder":2147483647,"Votes":3,"Percentage":"0.11%","PoliticalParty":"Write-In"}]},{"RaceName":"Member House of Representatives (06)","PrecinctsReporting":2,"PrecinctsParticipating":2,"NumberOfSeats":1,"Candidates":[{"BallotName":"Nicholas A. Betts","BallotOrder":1,"Votes":1650,"Percentage":"60.22%","PoliticalParty":"Democratic"},{"BallotName":"Ben L. Cline","BallotOrder":2,"Votes":1085,"Percentage":"39.60%","PoliticalParty":"Republican"},{"BallotName":"Write In","BallotOrder":2147483647,"Votes":5,"Percentage":"0.18%","PoliticalParty":"Write-In"}]},{"RaceName":"Mayor (LEXINGTON CITY)","PrecinctsReporting":2,"PrecinctsParticipating":2,"NumberOfSeats":1,"Candidates":[{"BallotName":"Frank W. Friedman","BallotOrder":1,"Votes":2119,"Percentage":"92.74%","PoliticalParty":""},{"BallotName":"Write In","BallotOrder":2147483647,"Votes":166,"Percentage":"7.26%","PoliticalParty":""}]},{"RaceName":"Member City Council (LEXINGTON CITY)","PrecinctsReporting":2,"PrecinctsParticipating":2,"NumberOfSeats":3,"Candidates":[{"BallotName":"Charles Aligood","BallotOrder":1,"Votes":1337,"Percentage":"29.98%","PoliticalParty":""},{"BallotName":"Marylin Alexander","BallotOrder":2,"Votes":1505,"Percentage":"33.74%","PoliticalParty":""},{"BallotName":"Leslie C. Straughan","BallotOrder":3,"Votes":1472,"Percentage":"33.00%","PoliticalParty":""},{"BallotName":"Write In","BallotOrder":2147483647,"Votes":146,"Percentage":"3.27%","PoliticalParty":""}]},{"RaceName":"Constitutional Amendment #1","PrecinctsReporting":2,"PrecinctsParticipating":2,"NumberOfSeats":1,"Candidates":[{"BallotName":"Yes","BallotOrder":1,"Votes":1955,"Percentage":"77.18%","PoliticalParty":null},{"BallotName":"No","BallotOrder":2,"Votes":578,"Percentage":"22.82%","PoliticalParty":null}]},{"RaceName":"Constitutional Amendment #2","PrecinctsReporting":2,"PrecinctsParticipating":2,"NumberOfSeats":1,"Candidates":[{"BallotName":"Yes","BallotOrder":1,"Votes":2166,"Percentage":"82.48%","PoliticalParty":null},{"BallotName":"No","BallotOrder":2,"Votes":460,"Percentage":"17.52%","PoliticalParty":null}]}]}