{"ElectionName":"2020 November General","ElectionDate":"2020-11-03T00:00:00","CreateDate":"2020-11-24T11:20:48.7989372-05:00","Locality":{"LocalityName":"LOUDOUN COUNTY","LocalityCode":"107"},"Races":[{"RaceName":"President and Vice President","PrecinctsReporting":99,"PrecinctsParticipating":99,"NumberOfSeats":1,"Candidates":[{"BallotName":"Joseph R. Biden","BallotOrder":1,"Votes":138372,"Percentage":"61.54%","PoliticalParty":"Democratic"},{"BallotName":"Donald J. Trump","BallotOrder":2,"Votes":82088,"Percentage":"36.51%","PoliticalParty":"Republican"},{"BallotName":"Jo Jorgensen","BallotOrder":3,"Votes":3139,"Percentage":"1.40%","PoliticalParty":"Libertarian"},{"BallotName":"Write In","BallotOrder":2147483647,"Votes":1263,"Percentage":"0.56%","PoliticalParty":"Write-In"}]},{"RaceName":"Member United States Senate","PrecinctsReporting":99,"PrecinctsParticipating":99,"NumberOfSeats":1,"Candidates":[{"BallotName":"Mark R. Warner","BallotOrder":1,"Votes":137814,"Percentage":"61.80%","PoliticalParty":"Democratic"},{"BallotName":"Daniel M. Gade","BallotOrder":2,"Votes":84991,"Percentage":"38.12%","PoliticalParty":"Republican"},{"BallotName":"Write In","BallotOrder":2147483647,"Votes":178,"Percentage":"0.08%","PoliticalParty":"Write-In"}]},{"RaceName":"Member House of Representatives (10)","PrecinctsReporting":99,"PrecinctsParticipating":99,"NumberOfSeats":1,"Candidates":[{"BallotName":"Jennifer T. Wexton","BallotOrder":1,"Votes":133409,"Percentage":"59.99%","PoliticalParty":"Democratic"},{"BallotName":"Aliscia N. Andrews","BallotOrder":2,"Votes":88755,"Percentage":"39.91%","PoliticalParty":"Republican"},{"BallotName":"Write In","BallotOrder":2147483647,"Votes":211,"Percentage":"0.09%","PoliticalParty":"Write-In"}]},{"RaceName":"Mayor - Hillsboro (HILLSBORO)","PrecinctsReporting":2,"PrecinctsParticipating":2,"NumberOfSeats":1,"Candidates":[{"BallotName":"Roger L. Vance","BallotOrder":1,"Votes":51,"Percentage":"91.07%","PoliticalParty":""},{"BallotName":"Write In","BallotOrder":2147483647,"Votes":5,"Percentage":"8.93%","PoliticalParty":""}]},{"RaceName":"Mayor - Leesburg (LEESBURG)","PrecinctsReporting":12,"PrecinctsParticipating":12,"NumberOfSeats":1,"Candidates":[{"BallotName":"C. B. \"Kelly\" Burk","BallotOrder":1,"Votes":16732,"Percentage":"71.89%","PoliticalParty":""},{"BallotName":"R. E. \"Ron\" Campbell","BallotOrder":2,"Votes":6245,"Percentage":"26.83%","PoliticalParty":""},{"BallotName":"Write In","BallotOrder":2147483647,"Votes":296,"Percentage":"1.27%","PoliticalParty":""}]},{"RaceName":"Member Town Council - Hillsboro (HILLSBORO)","PrecinctsReporting":2,"PrecinctsParticipating":2,"NumberOfSeats":5,"Candidates":[{"BallotName":"Claudia F. Forbes","BallotOrder":1,"Votes":34,"Percentage":"16.50%","PoliticalParty":""},{"BallotName":"Lisa K. Franke","BallotOrder":2,"Votes":33,"Percentage":"16.02%","PoliticalParty":""},{"BallotName":"Amy L. Marasco","BallotOrder":3,"Votes":39,"Percentage":"18.93%","PoliticalParty":""},{"BallotName":"Stephen J. Moskal","BallotOrder":4,"Votes":36,"Percentage":"17.48%","PoliticalParty":""},{"BallotName":"Laney K. Oxman","BallotOrder":5,"Votes":36,"Percentage":"17.48%","PoliticalParty":""},{"BallotName":"Write In","BallotOrder":2147483647,"Votes":28,"Percentage":"13.59%","PoliticalParty":""}]},{"RaceName":"Member Town Council - Leesburg (LEESBURG)","PrecinctsReporting":12,"PrecinctsParticipating":12,"NumberOfSeats":3,"Candidates":[{"BallotName":"Zachary J. \"Zach\" Cummings","BallotOrder":1,"Votes":14308,"Percentage":"29.37%","PoliticalParty":""},{"BallotName":"Ara H. Bagdasarian","BallotOrder":2,"Votes":12245,"Percentage":"25.14%","PoliticalParty":""},{"BallotName":"Bill T. Replogle","BallotOrder":3,"Votes":10683,"Percentage":"21.93%","PoliticalParty":""},{"BallotName":"Kari M. Nacy","BallotOrder":4,"Votes":11050,"Percentage":"22.69%","PoliticalParty":""},{"BallotName":"Write In","BallotOrder":2147483647,"Votes":424,"Percentage":"0.87%","PoliticalParty":""}]},{"RaceName":"Member Town Council - Special (ROUND HILL)","PrecinctsReporting":2,"PrecinctsParticipating":2,"NumberOfSeats":1,"Candidates":[{"BallotName":"Jesse P. Howe","BallotOrder":1,"Votes":340,"Percentage":"91.89%","PoliticalParty":""},{"BallotName":"Write In","BallotOrder":2147483647,"Votes":30,"Percentage":"8.11%","PoliticalParty":""}]},{"RaceName":"Constitutional Amendment #1","PrecinctsReporting":99,"PrecinctsParticipating":99,"NumberOfSeats":1,"Candidates":[{"BallotName":"Yes","BallotOrder":1,"Votes":125013,"Percentage":"58.59%","PoliticalParty":null},{"BallotName":"No","BallotOrder":2,"Votes":88359,"Percentage":"41.41%","PoliticalParty":null}]},{"RaceName":"Constitutional Amendment #2","PrecinctsReporting":99,"PrecinctsParticipating":99,"NumberOfSeats":1,"Candidates":[{"BallotName":"Yes","BallotOrder":1,"Votes":186661,"Percentage":"85.34%","PoliticalParty":null},{"BallotName":"No","BallotOrder":2,"Votes":32072,"Percentage":"14.66%","PoliticalParty":null}]},{"RaceName":"Parks and Recreation Projects (LOUDOUN COUNTY)","PrecinctsReporting":99,"PrecinctsParticipating":99,"NumberOfSeats":1,"Candidates":[{"BallotName":"Yes","BallotOrder":1,"Votes":148186,"Percentage":"68.94%","PoliticalParty":null},{"BallotName":"No","BallotOrder":2,"Votes":66752,"Percentage":"31.06%","PoliticalParty":null}]},{"RaceName":"Public Safety Projects (LOUDOUN COUNTY)","PrecinctsReporting":99,"PrecinctsParticipating":99,"NumberOfSeats":1,"Candidates":[{"BallotName":"Yes","BallotOrder":1,"Votes":166363,"Percentage":"77.20%","PoliticalParty":null},{"BallotName":"No","BallotOrder":2,"Votes":49144,"Percentage":"22.80%","PoliticalParty":null}]},{"RaceName":"School Projects (LOUDOUN COUNTY)","PrecinctsReporting":99,"PrecinctsParticipating":99,"NumberOfSeats":1,"Candidates":[{"BallotName":"Yes","BallotOrder":1,"Votes":149029,"Percentage":"68.87%","PoliticalParty":null},{"BallotName":"No","BallotOrder":2,"Votes":67349,"Percentage":"31.13%","PoliticalParty":null}]},{"RaceName":"Transportation Projects (LOUDOUN COUNTY)","PrecinctsReporting":99,"PrecinctsParticipating":99,"NumberOfSeats":1,"Candidates":[{"BallotName":"Yes","BallotOrder":1,"Votes":165541,"Percentage":"76.84%","PoliticalParty":null},{"BallotName":"No","BallotOrder":2,"Votes":49902,"Percentage":"23.16%","PoliticalParty":null}]}]}