{"ElectionName":"2020 November General","ElectionDate":"2020-11-03T00:00:00","CreateDate":"2020-11-24T11:20:48.815938-05:00","Locality":{"LocalityName":"LOUISA COUNTY","LocalityCode":"109"},"Races":[{"RaceName":"President and Vice President","PrecinctsReporting":16,"PrecinctsParticipating":16,"NumberOfSeats":1,"Candidates":[{"BallotName":"Joseph R. Biden","BallotOrder":1,"Votes":8269,"Percentage":"37.73%","PoliticalParty":"Democratic"},{"BallotName":"Donald J. Trump","BallotOrder":2,"Votes":13294,"Percentage":"60.66%","PoliticalParty":"Republican"},{"BallotName":"Jo Jorgensen","BallotOrder":3,"Votes":295,"Percentage":"1.35%","PoliticalParty":"Libertarian"},{"BallotName":"Write In","BallotOrder":2147483647,"Votes":57,"Percentage":"0.26%","PoliticalParty":"Write-In"}]},{"RaceName":"Member United States Senate","PrecinctsReporting":16,"PrecinctsParticipating":16,"NumberOfSeats":1,"Candidates":[{"BallotName":"Mark R. Warner","BallotOrder":1,"Votes":8700,"Percentage":"39.98%","PoliticalParty":"Democratic"},{"BallotName":"Daniel M. Gade","BallotOrder":2,"Votes":13039,"Percentage":"59.92%","PoliticalParty":"Republican"},{"BallotName":"Write In","BallotOrder":2147483647,"Votes":20,"Percentage":"0.09%","PoliticalParty":"Write-In"}]},{"RaceName":"Member House of Representatives (07)","PrecinctsReporting":16,"PrecinctsParticipating":16,"NumberOfSeats":1,"Candidates":[{"BallotName":"Abigail A. Spanberger","BallotOrder":1,"Votes":8611,"Percentage":"39.73%","PoliticalParty":"Democratic"},{"BallotName":"Nick J. Freitas","BallotOrder":2,"Votes":13020,"Percentage":"60.07%","PoliticalParty":"Republican"},{"BallotName":"Write In","BallotOrder":2147483647,"Votes":42,"Percentage":"0.19%","PoliticalParty":"Write-In"}]},{"RaceName":"Constitutional Amendment #1","PrecinctsReporting":16,"PrecinctsParticipating":16,"NumberOfSeats":1,"Candidates":[{"BallotName":"Yes","BallotOrder":1,"Votes":14396,"Percentage":"69.33%","PoliticalParty":null},{"BallotName":"No","BallotOrder":2,"Votes":6368,"Percentage":"30.67%","PoliticalParty":null}]},{"RaceName":"Constitutional Amendment #2","PrecinctsReporting":16,"PrecinctsParticipating":16,"NumberOfSeats":1,"Candidates":[{"BallotName":"Yes","BallotOrder":1,"Votes":19089,"Percentage":"89.95%","PoliticalParty":null},{"BallotName":"No","BallotOrder":2,"Votes":2133,"Percentage":"10.05%","PoliticalParty":null}]}]}