{"ElectionName":"2020 November General","ElectionDate":"2020-11-03T00:00:00","CreateDate":"2020-11-24T11:20:48.8509419-05:00","Locality":{"LocalityName":"LUNENBURG COUNTY","LocalityCode":"111"},"Races":[{"RaceName":"President and Vice President","PrecinctsReporting":12,"PrecinctsParticipating":12,"NumberOfSeats":1,"Candidates":[{"BallotName":"Joseph R. Biden","BallotOrder":1,"Votes":2418,"Percentage":"40.30%","PoliticalParty":"Democratic"},{"BallotName":"Donald J. Trump","BallotOrder":2,"Votes":3537,"Percentage":"58.95%","PoliticalParty":"Republican"},{"BallotName":"Jo Jorgensen","BallotOrder":3,"Votes":40,"Percentage":"0.67%","PoliticalParty":"Libertarian"},{"BallotName":"Write In","BallotOrder":2147483647,"Votes":5,"Percentage":"0.08%","PoliticalParty":"Write-In"}]},{"RaceName":"Member United States Senate","PrecinctsReporting":12,"PrecinctsParticipating":12,"NumberOfSeats":1,"Candidates":[{"BallotName":"Mark R. Warner","BallotOrder":1,"Votes":2531,"Percentage":"42.92%","PoliticalParty":"Democratic"},{"BallotName":"Daniel M. Gade","BallotOrder":2,"Votes":3362,"Percentage":"57.01%","PoliticalParty":"Republican"},{"BallotName":"Write In","BallotOrder":2147483647,"Votes":4,"Percentage":"0.07%","PoliticalParty":"Write-In"}]},{"RaceName":"Member House of Representatives (05)","PrecinctsReporting":12,"PrecinctsParticipating":12,"NumberOfSeats":1,"Candidates":[{"BallotName":"B. Cameron Webb","BallotOrder":1,"Votes":2436,"Percentage":"41.76%","PoliticalParty":"Democratic"},{"BallotName":"Robert G. \"Bob\" Good","BallotOrder":2,"Votes":3392,"Percentage":"58.15%","PoliticalParty":"Republican"},{"BallotName":"Write In","BallotOrder":2147483647,"Votes":5,"Percentage":"0.09%","PoliticalParty":"Write-In"}]},{"RaceName":"Member Town Council (KENBRIDGE)","PrecinctsReporting":3,"PrecinctsParticipating":3,"NumberOfSeats":2,"Candidates":[{"BallotName":"Michael R. Bender","BallotOrder":1,"Votes":329,"Percentage":"48.67%","PoliticalParty":""},{"BallotName":"R. Michael McGrath","BallotOrder":2,"Votes":344,"Percentage":"50.89%","PoliticalParty":""},{"BallotName":"Write In","BallotOrder":2147483647,"Votes":3,"Percentage":"0.44%","PoliticalParty":""}]},{"RaceName":"Constitutional Amendment #1","PrecinctsReporting":12,"PrecinctsParticipating":12,"NumberOfSeats":1,"Candidates":[{"BallotName":"Yes","BallotOrder":1,"Votes":3696,"Percentage":"65.08%","PoliticalParty":null},{"BallotName":"No","BallotOrder":2,"Votes":1983,"Percentage":"34.92%","PoliticalParty":null}]},{"RaceName":"Constitutional Amendment #2","PrecinctsReporting":12,"PrecinctsParticipating":12,"NumberOfSeats":1,"Candidates":[{"BallotName":"Yes","BallotOrder":1,"Votes":5099,"Percentage":"87.40%","PoliticalParty":null},{"BallotName":"No","BallotOrder":2,"Votes":735,"Percentage":"12.60%","PoliticalParty":null}]},{"RaceName":"Civil War Monument on the Lunenburg County, Virginia, Courthouse Grounds (LUNENBURG COUNTY)","PrecinctsReporting":12,"PrecinctsParticipating":12,"NumberOfSeats":1,"Candidates":[{"BallotName":"Yes","BallotOrder":1,"Votes":4172,"Percentage":"71.13%","PoliticalParty":null},{"BallotName":"No","BallotOrder":2,"Votes":1693,"Percentage":"28.87%","PoliticalParty":null}]}]}