{"ElectionName":"2020 November General","ElectionDate":"2020-11-03T00:00:00","CreateDate":"2020-11-24T11:20:48.8669416-05:00","Locality":{"LocalityName":"LYNCHBURG CITY","LocalityCode":"680"},"Races":[{"RaceName":"President and Vice President","PrecinctsReporting":19,"PrecinctsParticipating":19,"NumberOfSeats":1,"Candidates":[{"BallotName":"Joseph R. Biden","BallotOrder":1,"Votes":18048,"Percentage":"49.63%","PoliticalParty":"Democratic"},{"BallotName":"Donald J. Trump","BallotOrder":2,"Votes":17097,"Percentage":"47.02%","PoliticalParty":"Republican"},{"BallotName":"Jo Jorgensen","BallotOrder":3,"Votes":857,"Percentage":"2.36%","PoliticalParty":"Libertarian"},{"BallotName":"Write In","BallotOrder":2147483647,"Votes":361,"Percentage":"0.99%","PoliticalParty":"Write-In"}]},{"RaceName":"Member United States Senate","PrecinctsReporting":19,"PrecinctsParticipating":19,"NumberOfSeats":1,"Candidates":[{"BallotName":"Mark R. Warner","BallotOrder":1,"Votes":18587,"Percentage":"51.85%","PoliticalParty":"Democratic"},{"BallotName":"Daniel M. Gade","BallotOrder":2,"Votes":17208,"Percentage":"48.00%","PoliticalParty":"Republican"},{"BallotName":"Write In","BallotOrder":2147483647,"Votes":53,"Percentage":"0.15%","PoliticalParty":"Write-In"}]},{"RaceName":"Member House of Representatives (06)","PrecinctsReporting":19,"PrecinctsParticipating":19,"NumberOfSeats":1,"Candidates":[{"BallotName":"Nicholas A. Betts","BallotOrder":1,"Votes":16418,"Percentage":"46.50%","PoliticalParty":"Democratic"},{"BallotName":"Ben L. Cline","BallotOrder":2,"Votes":18829,"Percentage":"53.33%","PoliticalParty":"Republican"},{"BallotName":"Write In","BallotOrder":2147483647,"Votes":61,"Percentage":"0.17%","PoliticalParty":"Write-In"}]},{"RaceName":"Constitutional Amendment #1","PrecinctsReporting":19,"PrecinctsParticipating":19,"NumberOfSeats":1,"Candidates":[{"BallotName":"Yes","BallotOrder":1,"Votes":26436,"Percentage":"77.12%","PoliticalParty":null},{"BallotName":"No","BallotOrder":2,"Votes":7842,"Percentage":"22.88%","PoliticalParty":null}]},{"RaceName":"Constitutional Amendment #2","PrecinctsReporting":19,"PrecinctsParticipating":19,"NumberOfSeats":1,"Candidates":[{"BallotName":"Yes","BallotOrder":1,"Votes":30071,"Percentage":"87.99%","PoliticalParty":null},{"BallotName":"No","BallotOrder":2,"Votes":4104,"Percentage":"12.01%","PoliticalParty":null}]}]}