{"ElectionName":"2020 November General","ElectionDate":"2020-11-03T00:00:00","CreateDate":"2020-11-24T11:20:48.896944-05:00","Locality":{"LocalityName":"MADISON COUNTY","LocalityCode":"113"},"Races":[{"RaceName":"President and Vice President","PrecinctsReporting":10,"PrecinctsParticipating":10,"NumberOfSeats":1,"Candidates":[{"BallotName":"Joseph R. Biden","BallotOrder":1,"Votes":2698,"Percentage":"33.19%","PoliticalParty":"Democratic"},{"BallotName":"Donald J. Trump","BallotOrder":2,"Votes":5300,"Percentage":"65.20%","PoliticalParty":"Republican"},{"BallotName":"Jo Jorgensen","BallotOrder":3,"Votes":106,"Percentage":"1.30%","PoliticalParty":"Libertarian"},{"BallotName":"Write In","BallotOrder":2147483647,"Votes":25,"Percentage":"0.31%","PoliticalParty":"Write-In"}]},{"RaceName":"Member United States Senate","PrecinctsReporting":10,"PrecinctsParticipating":10,"NumberOfSeats":1,"Candidates":[{"BallotName":"Mark R. Warner","BallotOrder":1,"Votes":2925,"Percentage":"36.16%","PoliticalParty":"Democratic"},{"BallotName":"Daniel M. Gade","BallotOrder":2,"Votes":5156,"Percentage":"63.75%","PoliticalParty":"Republican"},{"BallotName":"Write In","BallotOrder":2147483647,"Votes":7,"Percentage":"0.09%","PoliticalParty":"Write-In"}]},{"RaceName":"Member House of Representatives (05)","PrecinctsReporting":10,"PrecinctsParticipating":10,"NumberOfSeats":1,"Candidates":[{"BallotName":"B. Cameron Webb","BallotOrder":1,"Votes":2959,"Percentage":"36.71%","PoliticalParty":"Democratic"},{"BallotName":"Robert G. \"Bob\" Good","BallotOrder":2,"Votes":5062,"Percentage":"62.80%","PoliticalParty":"Republican"},{"BallotName":"Write In","BallotOrder":2147483647,"Votes":40,"Percentage":"0.50%","PoliticalParty":"Write-In"}]},{"RaceName":"Constitutional Amendment #1","PrecinctsReporting":10,"PrecinctsParticipating":10,"NumberOfSeats":1,"Candidates":[{"BallotName":"Yes","BallotOrder":1,"Votes":4853,"Percentage":"63.94%","PoliticalParty":null},{"BallotName":"No","BallotOrder":2,"Votes":2737,"Percentage":"36.06%","PoliticalParty":null}]},{"RaceName":"Constitutional Amendment #2","PrecinctsReporting":10,"PrecinctsParticipating":10,"NumberOfSeats":1,"Candidates":[{"BallotName":"Yes","BallotOrder":1,"Votes":6975,"Percentage":"87.88%","PoliticalParty":null},{"BallotName":"No","BallotOrder":2,"Votes":962,"Percentage":"12.12%","PoliticalParty":null}]}]}