{"ElectionName":"2020 November General","ElectionDate":"2020-11-03T00:00:00","CreateDate":"2020-11-24T11:20:48.9439494-05:00","Locality":{"LocalityName":"MANASSAS PARK CITY","LocalityCode":"685"},"Races":[{"RaceName":"President and Vice President","PrecinctsReporting":4,"PrecinctsParticipating":4,"NumberOfSeats":1,"Candidates":[{"BallotName":"Joseph R. Biden","BallotOrder":1,"Votes":3992,"Percentage":"65.58%","PoliticalParty":"Democratic"},{"BallotName":"Donald J. Trump","BallotOrder":2,"Votes":1979,"Percentage":"32.51%","PoliticalParty":"Republican"},{"BallotName":"Jo Jorgensen","BallotOrder":3,"Votes":100,"Percentage":"1.64%","PoliticalParty":"Libertarian"},{"BallotName":"Write In","BallotOrder":2147483647,"Votes":16,"Percentage":"0.26%","PoliticalParty":"Write-In"}]},{"RaceName":"Member United States Senate","PrecinctsReporting":4,"PrecinctsParticipating":4,"NumberOfSeats":1,"Candidates":[{"BallotName":"Mark R. Warner","BallotOrder":1,"Votes":4084,"Percentage":"67.86%","PoliticalParty":"Democratic"},{"BallotName":"Daniel M. Gade","BallotOrder":2,"Votes":1929,"Percentage":"32.05%","PoliticalParty":"Republican"},{"BallotName":"Write In","BallotOrder":2147483647,"Votes":5,"Percentage":"0.08%","PoliticalParty":"Write-In"}]},{"RaceName":"Member House of Representatives (10)","PrecinctsReporting":4,"PrecinctsParticipating":4,"NumberOfSeats":1,"Candidates":[{"BallotName":"Jennifer T. Wexton","BallotOrder":1,"Votes":3979,"Percentage":"66.26%","PoliticalParty":"Democratic"},{"BallotName":"Aliscia N. Andrews","BallotOrder":2,"Votes":2021,"Percentage":"33.66%","PoliticalParty":"Republican"},{"BallotName":"Write In","BallotOrder":2147483647,"Votes":5,"Percentage":"0.08%","PoliticalParty":"Write-In"}]},{"RaceName":"Mayor (MANASSAS PARK CITY)","PrecinctsReporting":4,"PrecinctsParticipating":4,"NumberOfSeats":1,"Candidates":[{"BallotName":"Jeanette M. Rishell","BallotOrder":1,"Votes":3102,"Percentage":"53.11%","PoliticalParty":""},{"BallotName":"Michael Carrera","BallotOrder":2,"Votes":2707,"Percentage":"46.34%","PoliticalParty":""},{"BallotName":"Write In","BallotOrder":2147483647,"Votes":32,"Percentage":"0.55%","PoliticalParty":""}]},{"RaceName":"Member City Council (MANASSAS PARK CITY)","PrecinctsReporting":4,"PrecinctsParticipating":4,"NumberOfSeats":3,"Candidates":[{"BallotName":"Darryl G. Moore","BallotOrder":1,"Votes":3439,"Percentage":"27.37%","PoliticalParty":""},{"BallotName":"Laura H. Hampton","BallotOrder":2,"Votes":3026,"Percentage":"24.08%","PoliticalParty":""},{"BallotName":"Donald E. Shuemaker Jr.","BallotOrder":3,"Votes":2812,"Percentage":"22.38%","PoliticalParty":""},{"BallotName":"Yesenia E.\"Yesy\" Amaya","BallotOrder":4,"Votes":3127,"Percentage":"24.88%","PoliticalParty":""},{"BallotName":"Write In","BallotOrder":2147483647,"Votes":162,"Percentage":"1.29%","PoliticalParty":""}]},{"RaceName":"Constitutional Amendment #1","PrecinctsReporting":4,"PrecinctsParticipating":4,"NumberOfSeats":1,"Candidates":[{"BallotName":"Yes","BallotOrder":1,"Votes":3344,"Percentage":"59.29%","PoliticalParty":null},{"BallotName":"No","BallotOrder":2,"Votes":2296,"Percentage":"40.71%","PoliticalParty":null}]},{"RaceName":"Constitutional Amendment #2","PrecinctsReporting":4,"PrecinctsParticipating":4,"NumberOfSeats":1,"Candidates":[{"BallotName":"Yes","BallotOrder":1,"Votes":4657,"Percentage":"79.85%","PoliticalParty":null},{"BallotName":"No","BallotOrder":2,"Votes":1175,"Percentage":"20.15%","PoliticalParty":null}]}]}