{"ElectionName":"2020 November General","ElectionDate":"2020-11-03T00:00:00","CreateDate":"2020-11-24T11:20:48.9259483-05:00","Locality":{"LocalityName":"MANASSAS CITY","LocalityCode":"683"},"Races":[{"RaceName":"President and Vice President","PrecinctsReporting":7,"PrecinctsParticipating":7,"NumberOfSeats":1,"Candidates":[{"BallotName":"Joseph R. Biden","BallotOrder":1,"Votes":10356,"Percentage":"61.03%","PoliticalParty":"Democratic"},{"BallotName":"Donald J. Trump","BallotOrder":2,"Votes":6256,"Percentage":"36.87%","PoliticalParty":"Republican"},{"BallotName":"Jo Jorgensen","BallotOrder":3,"Votes":280,"Percentage":"1.65%","PoliticalParty":"Libertarian"},{"BallotName":"Write In","BallotOrder":2147483647,"Votes":76,"Percentage":"0.45%","PoliticalParty":"Write-In"}]},{"RaceName":"Member United States Senate","PrecinctsReporting":7,"PrecinctsParticipating":7,"NumberOfSeats":1,"Candidates":[{"BallotName":"Mark R. Warner","BallotOrder":1,"Votes":10547,"Percentage":"62.82%","PoliticalParty":"Democratic"},{"BallotName":"Daniel M. Gade","BallotOrder":2,"Votes":6227,"Percentage":"37.09%","PoliticalParty":"Republican"},{"BallotName":"Write In","BallotOrder":2147483647,"Votes":14,"Percentage":"0.08%","PoliticalParty":"Write-In"}]},{"RaceName":"Member House of Representatives (10)","PrecinctsReporting":7,"PrecinctsParticipating":7,"NumberOfSeats":1,"Candidates":[{"BallotName":"Jennifer T. Wexton","BallotOrder":1,"Votes":10199,"Percentage":"61.10%","PoliticalParty":"Democratic"},{"BallotName":"Aliscia N. Andrews","BallotOrder":2,"Votes":6483,"Percentage":"38.84%","PoliticalParty":"Republican"},{"BallotName":"Write In","BallotOrder":2147483647,"Votes":11,"Percentage":"0.07%","PoliticalParty":"Write-In"}]},{"RaceName":"Mayor (MANASSAS CITY)","PrecinctsReporting":7,"PrecinctsParticipating":7,"NumberOfSeats":1,"Candidates":[{"BallotName":"E. Michelle Davis-Younger","BallotOrder":1,"Votes":8203,"Percentage":"51.01%","PoliticalParty":""},{"BallotName":"Theresa Coates Ellis","BallotOrder":2,"Votes":7834,"Percentage":"48.72%","PoliticalParty":""},{"BallotName":"Write In","BallotOrder":2147483647,"Votes":43,"Percentage":"0.27%","PoliticalParty":""}]},{"RaceName":"Member City Council  (MANASSAS CITY)","PrecinctsReporting":7,"PrecinctsParticipating":7,"NumberOfSeats":3,"Candidates":[{"BallotName":"Tom C. Osina","BallotOrder":1,"Votes":6961,"Percentage":"16.88%","PoliticalParty":""},{"BallotName":"Pamela J. Sebesky","BallotOrder":2,"Votes":8532,"Percentage":"20.69%","PoliticalParty":""},{"BallotName":"Mark D. Wolfe","BallotOrder":3,"Votes":8505,"Percentage":"20.63%","PoliticalParty":""},{"BallotName":"Harry J. Clark","BallotOrder":4,"Votes":4963,"Percentage":"12.04%","PoliticalParty":""},{"BallotName":"Lynn Forkell Greene","BallotOrder":5,"Votes":5318,"Percentage":"12.90%","PoliticalParty":""},{"BallotName":"Ian T. Lovejoy","BallotOrder":6,"Votes":6834,"Percentage":"16.58%","PoliticalParty":""},{"BallotName":"Write In","BallotOrder":2147483647,"Votes":116,"Percentage":"0.28%","PoliticalParty":""}]},{"RaceName":"Member School Board (MANASSAS CITY)","PrecinctsReporting":7,"PrecinctsParticipating":7,"NumberOfSeats":4,"Candidates":[{"BallotName":"Suzanne W. Seaberg","BallotOrder":1,"Votes":8698,"Percentage":"34.45%","PoliticalParty":""},{"BallotName":"Carl L. Hollingsworth Jr.","BallotOrder":2,"Votes":6771,"Percentage":"26.82%","PoliticalParty":""},{"BallotName":"Robyn R. Williams","BallotOrder":3,"Votes":8662,"Percentage":"34.31%","PoliticalParty":""},{"BallotName":"Christina S. Brooks","BallotOrder":4,"Votes":270,"Percentage":"1.07%","PoliticalParty":""},{"BallotName":"Write In","BallotOrder":2147483647,"Votes":846,"Percentage":"3.35%","PoliticalParty":""}]},{"RaceName":"Constitutional Amendment #1","PrecinctsReporting":7,"PrecinctsParticipating":7,"NumberOfSeats":1,"Candidates":[{"BallotName":"Yes","BallotOrder":1,"Votes":9207,"Percentage":"58.82%","PoliticalParty":null},{"BallotName":"No","BallotOrder":2,"Votes":6445,"Percentage":"41.18%","PoliticalParty":null}]},{"RaceName":"Constitutional Amendment #2","PrecinctsReporting":7,"PrecinctsParticipating":7,"NumberOfSeats":1,"Candidates":[{"BallotName":"Yes","BallotOrder":1,"Votes":13277,"Percentage":"82.54%","PoliticalParty":null},{"BallotName":"No","BallotOrder":2,"Votes":2808,"Percentage":"17.46%","PoliticalParty":null}]}]}