{"ElectionName":"2020 November General","ElectionDate":"2020-11-03T00:00:00","CreateDate":"2020-11-24T11:20:48.9599496-05:00","Locality":{"LocalityName":"MARTINSVILLE CITY","LocalityCode":"690"},"Races":[{"RaceName":"President and Vice President","PrecinctsReporting":7,"PrecinctsParticipating":7,"NumberOfSeats":1,"Candidates":[{"BallotName":"Joseph R. Biden","BallotOrder":1,"Votes":3766,"Percentage":"62.63%","PoliticalParty":"Democratic"},{"BallotName":"Donald J. Trump","BallotOrder":2,"Votes":2165,"Percentage":"36.01%","PoliticalParty":"Republican"},{"BallotName":"Jo Jorgensen","BallotOrder":3,"Votes":73,"Percentage":"1.21%","PoliticalParty":"Libertarian"},{"BallotName":"Write In","BallotOrder":2147483647,"Votes":9,"Percentage":"0.15%","PoliticalParty":"Write-In"}]},{"RaceName":"Member United States Senate","PrecinctsReporting":7,"PrecinctsParticipating":7,"NumberOfSeats":1,"Candidates":[{"BallotName":"Mark R. Warner","BallotOrder":1,"Votes":3957,"Percentage":"67.72%","PoliticalParty":"Democratic"},{"BallotName":"Daniel M. Gade","BallotOrder":2,"Votes":1881,"Percentage":"32.19%","PoliticalParty":"Republican"},{"BallotName":"Write In","BallotOrder":2147483647,"Votes":5,"Percentage":"0.09%","PoliticalParty":"Write-In"}]},{"RaceName":"Member House of Representatives (09)","PrecinctsReporting":7,"PrecinctsParticipating":7,"NumberOfSeats":1,"Candidates":[{"BallotName":"H. Morgan Griffith","BallotOrder":1,"Votes":3054,"Percentage":"93.34%","PoliticalParty":"Republican"},{"BallotName":"Write In","BallotOrder":2147483647,"Votes":218,"Percentage":"6.66%","PoliticalParty":"Write-In"}]},{"RaceName":"Member City Council (MARTINSVILLE CITY)","PrecinctsReporting":7,"PrecinctsParticipating":7,"NumberOfSeats":3,"Candidates":[{"BallotName":"Nelson C. Edwards","BallotOrder":1,"Votes":1807,"Percentage":"14.84%","PoliticalParty":""},{"BallotName":"Kathy C. Lawson","BallotOrder":2,"Votes":3332,"Percentage":"27.37%","PoliticalParty":""},{"BallotName":"Tammy C. Pearson","BallotOrder":3,"Votes":2423,"Percentage":"19.90%","PoliticalParty":""},{"BallotName":"Chad E. Martin","BallotOrder":4,"Votes":2745,"Percentage":"22.55%","PoliticalParty":""},{"BallotName":"James N. \"Jim\" Woods","BallotOrder":5,"Votes":1763,"Percentage":"14.48%","PoliticalParty":""},{"BallotName":"Write In","BallotOrder":2147483647,"Votes":105,"Percentage":"0.86%","PoliticalParty":""}]},{"RaceName":"Constitutional Amendment #1","PrecinctsReporting":7,"PrecinctsParticipating":7,"NumberOfSeats":1,"Candidates":[{"BallotName":"Yes","BallotOrder":1,"Votes":3508,"Percentage":"67.83%","PoliticalParty":null},{"BallotName":"No","BallotOrder":2,"Votes":1664,"Percentage":"32.17%","PoliticalParty":null}]},{"RaceName":"Constitutional Amendment #2","PrecinctsReporting":7,"PrecinctsParticipating":7,"NumberOfSeats":1,"Candidates":[{"BallotName":"Yes","BallotOrder":1,"Votes":4695,"Percentage":"85.32%","PoliticalParty":null},{"BallotName":"No","BallotOrder":2,"Votes":808,"Percentage":"14.68%","PoliticalParty":null}]}]}