{"ElectionName":"2020 November General","ElectionDate":"2020-11-03T00:00:00","CreateDate":"2020-11-24T11:20:49.0379564-05:00","Locality":{"LocalityName":"MECKLENBURG COUNTY","LocalityCode":"117"},"Races":[{"RaceName":"President and Vice President","PrecinctsReporting":24,"PrecinctsParticipating":24,"NumberOfSeats":1,"Candidates":[{"BallotName":"Joseph R. Biden","BallotOrder":1,"Votes":6803,"Percentage":"41.98%","PoliticalParty":"Democratic"},{"BallotName":"Donald J. Trump","BallotOrder":2,"Votes":9266,"Percentage":"57.18%","PoliticalParty":"Republican"},{"BallotName":"Jo Jorgensen","BallotOrder":3,"Votes":113,"Percentage":"0.70%","PoliticalParty":"Libertarian"},{"BallotName":"Write In","BallotOrder":2147483647,"Votes":22,"Percentage":"0.14%","PoliticalParty":"Write-In"}]},{"RaceName":"Member United States Senate","PrecinctsReporting":24,"PrecinctsParticipating":24,"NumberOfSeats":1,"Candidates":[{"BallotName":"Mark R. Warner","BallotOrder":1,"Votes":7004,"Percentage":"44.08%","PoliticalParty":"Democratic"},{"BallotName":"Daniel M. Gade","BallotOrder":2,"Votes":8871,"Percentage":"55.83%","PoliticalParty":"Republican"},{"BallotName":"Write In","BallotOrder":2147483647,"Votes":13,"Percentage":"0.08%","PoliticalParty":"Write-In"}]},{"RaceName":"Member House of Representatives (05)","PrecinctsReporting":24,"PrecinctsParticipating":24,"NumberOfSeats":1,"Candidates":[{"BallotName":"B. Cameron Webb","BallotOrder":1,"Votes":6626,"Percentage":"41.88%","PoliticalParty":"Democratic"},{"BallotName":"Robert G. \"Bob\" Good","BallotOrder":2,"Votes":9175,"Percentage":"57.99%","PoliticalParty":"Republican"},{"BallotName":"Write In","BallotOrder":2147483647,"Votes":20,"Percentage":"0.13%","PoliticalParty":"Write-In"}]},{"RaceName":"Constitutional Amendment #1","PrecinctsReporting":24,"PrecinctsParticipating":24,"NumberOfSeats":1,"Candidates":[{"BallotName":"Yes","BallotOrder":1,"Votes":9737,"Percentage":"67.78%","PoliticalParty":null},{"BallotName":"No","BallotOrder":2,"Votes":4629,"Percentage":"32.22%","PoliticalParty":null}]},{"RaceName":"Constitutional Amendment #2","PrecinctsReporting":24,"PrecinctsParticipating":24,"NumberOfSeats":1,"Candidates":[{"BallotName":"Yes","BallotOrder":1,"Votes":12743,"Percentage":"85.90%","PoliticalParty":null},{"BallotName":"No","BallotOrder":2,"Votes":2091,"Percentage":"14.10%","PoliticalParty":null}]}]}