{"ElectionName":"2020 November General","ElectionDate":"2020-11-03T00:00:00","CreateDate":"2020-11-24T11:20:49.0639566-05:00","Locality":{"LocalityName":"MIDDLESEX COUNTY","LocalityCode":"119"},"Races":[{"RaceName":"President and Vice President","PrecinctsReporting":7,"PrecinctsParticipating":7,"NumberOfSeats":1,"Candidates":[{"BallotName":"Joseph R. Biden","BallotOrder":1,"Votes":2491,"Percentage":"36.71%","PoliticalParty":"Democratic"},{"BallotName":"Donald J. Trump","BallotOrder":2,"Votes":4196,"Percentage":"61.84%","PoliticalParty":"Republican"},{"BallotName":"Jo Jorgensen","BallotOrder":3,"Votes":77,"Percentage":"1.13%","PoliticalParty":"Libertarian"},{"BallotName":"Write In","BallotOrder":2147483647,"Votes":21,"Percentage":"0.31%","PoliticalParty":"Write-In"}]},{"RaceName":"Member United States Senate","PrecinctsReporting":7,"PrecinctsParticipating":7,"NumberOfSeats":1,"Candidates":[{"BallotName":"Mark R. Warner","BallotOrder":1,"Votes":2658,"Percentage":"39.44%","PoliticalParty":"Democratic"},{"BallotName":"Daniel M. Gade","BallotOrder":2,"Votes":4080,"Percentage":"60.53%","PoliticalParty":"Republican"},{"BallotName":"Write In","BallotOrder":2147483647,"Votes":2,"Percentage":"0.03%","PoliticalParty":"Write-In"}]},{"RaceName":"Member House of Representatives (01)","PrecinctsReporting":7,"PrecinctsParticipating":7,"NumberOfSeats":1,"Candidates":[{"BallotName":"Qasim Rashid","BallotOrder":1,"Votes":2217,"Percentage":"33.08%","PoliticalParty":"Democratic"},{"BallotName":"Robert J. Wittman","BallotOrder":2,"Votes":4479,"Percentage":"66.83%","PoliticalParty":"Republican"},{"BallotName":"Write In","BallotOrder":2147483647,"Votes":6,"Percentage":"0.09%","PoliticalParty":"Write-In"}]},{"RaceName":"Mayor (URBANNA)","PrecinctsReporting":2,"PrecinctsParticipating":2,"NumberOfSeats":1,"Candidates":[{"BallotName":"Barbara M. Hartley","BallotOrder":1,"Votes":169,"Percentage":"52.98%","PoliticalParty":""},{"BallotName":"Diane S. Gravatt","BallotOrder":2,"Votes":147,"Percentage":"46.08%","PoliticalParty":""},{"BallotName":"Write In","BallotOrder":2147483647,"Votes":3,"Percentage":"0.94%","PoliticalParty":""}]},{"RaceName":"Member Town Council (URBANNA)","PrecinctsReporting":2,"PrecinctsParticipating":2,"NumberOfSeats":6,"Candidates":[{"BallotName":"Marjorie F. Austin","BallotOrder":1,"Votes":131,"Percentage":"8.82%","PoliticalParty":""},{"BallotName":"William H. \"Bill\" Smith","BallotOrder":2,"Votes":184,"Percentage":"12.39%","PoliticalParty":""},{"BallotName":"William T. \"Bill\" Goldsmith","BallotOrder":3,"Votes":185,"Percentage":"12.46%","PoliticalParty":""},{"BallotName":"Merri Hanson King","BallotOrder":4,"Votes":164,"Percentage":"11.04%","PoliticalParty":""},{"BallotName":"Steven S. Hollberg","BallotOrder":5,"Votes":184,"Percentage":"12.39%","PoliticalParty":""},{"BallotName":"Larry S. Chowning","BallotOrder":6,"Votes":287,"Percentage":"19.33%","PoliticalParty":""},{"BallotName":"Danny J. Viers II","BallotOrder":7,"Votes":94,"Percentage":"6.33%","PoliticalParty":""},{"BallotName":"Dave E. Lipscombe Jr.","BallotOrder":8,"Votes":131,"Percentage":"8.82%","PoliticalParty":""},{"BallotName":"Rodney D. McMordie","BallotOrder":9,"Votes":118,"Percentage":"7.95%","PoliticalParty":""},{"BallotName":"Write In","BallotOrder":2147483647,"Votes":7,"Percentage":"0.47%","PoliticalParty":""}]},{"RaceName":"Constitutional Amendment #1","PrecinctsReporting":7,"PrecinctsParticipating":7,"NumberOfSeats":1,"Candidates":[{"BallotName":"Yes","BallotOrder":1,"Votes":4390,"Percentage":"67.76%","PoliticalParty":null},{"BallotName":"No","BallotOrder":2,"Votes":2089,"Percentage":"32.24%","PoliticalParty":null}]},{"RaceName":"Constitutional Amendment #2","PrecinctsReporting":7,"PrecinctsParticipating":7,"NumberOfSeats":1,"Candidates":[{"BallotName":"Yes","BallotOrder":1,"Votes":5859,"Percentage":"88.28%","PoliticalParty":null},{"BallotName":"No","BallotOrder":2,"Votes":778,"Percentage":"11.72%","PoliticalParty":null}]}]}