{"ElectionName":"2020 November General","ElectionDate":"2020-11-03T00:00:00","CreateDate":"2020-11-24T11:20:49.1079609-05:00","Locality":{"LocalityName":"MONTGOMERY COUNTY","LocalityCode":"121"},"Races":[{"RaceName":"President and Vice President","PrecinctsReporting":25,"PrecinctsParticipating":25,"NumberOfSeats":1,"Candidates":[{"BallotName":"Joseph R. Biden","BallotOrder":1,"Votes":23218,"Percentage":"51.55%","PoliticalParty":"Democratic"},{"BallotName":"Donald J. Trump","BallotOrder":2,"Votes":20629,"Percentage":"45.80%","PoliticalParty":"Republican"},{"BallotName":"Jo Jorgensen","BallotOrder":3,"Votes":942,"Percentage":"2.09%","PoliticalParty":"Libertarian"},{"BallotName":"Write In","BallotOrder":2147483647,"Votes":248,"Percentage":"0.55%","PoliticalParty":"Write-In"}]},{"RaceName":"Member United States Senate","PrecinctsReporting":25,"PrecinctsParticipating":25,"NumberOfSeats":1,"Candidates":[{"BallotName":"Mark R. Warner","BallotOrder":1,"Votes":24589,"Percentage":"55.09%","PoliticalParty":"Democratic"},{"BallotName":"Daniel M. Gade","BallotOrder":2,"Votes":19992,"Percentage":"44.79%","PoliticalParty":"Republican"},{"BallotName":"Write In","BallotOrder":2147483647,"Votes":52,"Percentage":"0.12%","PoliticalParty":"Write-In"}]},{"RaceName":"Member House of Representatives (09)","PrecinctsReporting":25,"PrecinctsParticipating":25,"NumberOfSeats":1,"Candidates":[{"BallotName":"H. Morgan Griffith","BallotOrder":1,"Votes":28571,"Percentage":"84.26%","PoliticalParty":"Republican"},{"BallotName":"Write In","BallotOrder":2147483647,"Votes":5338,"Percentage":"15.74%","PoliticalParty":"Write-In"}]},{"RaceName":"Constitutional Amendment #1","PrecinctsReporting":25,"PrecinctsParticipating":25,"NumberOfSeats":1,"Candidates":[{"BallotName":"Yes","BallotOrder":1,"Votes":30344,"Percentage":"71.33%","PoliticalParty":null},{"BallotName":"No","BallotOrder":2,"Votes":12199,"Percentage":"28.67%","PoliticalParty":null}]},{"RaceName":"Constitutional Amendment #2","PrecinctsReporting":25,"PrecinctsParticipating":25,"NumberOfSeats":1,"Candidates":[{"BallotName":"Yes","BallotOrder":1,"Votes":37613,"Percentage":"86.01%","PoliticalParty":null},{"BallotName":"No","BallotOrder":2,"Votes":6117,"Percentage":"13.99%","PoliticalParty":null}]}]}