{"ElectionName":"2020 November General","ElectionDate":"2020-11-03T00:00:00","CreateDate":"2020-11-24T11:20:49.1709653-05:00","Locality":{"LocalityName":"NELSON COUNTY","LocalityCode":"125"},"Races":[{"RaceName":"President and Vice President","PrecinctsReporting":10,"PrecinctsParticipating":10,"NumberOfSeats":1,"Candidates":[{"BallotName":"Joseph R. Biden","BallotOrder":1,"Votes":4327,"Percentage":"46.45%","PoliticalParty":"Democratic"},{"BallotName":"Donald J. Trump","BallotOrder":2,"Votes":4812,"Percentage":"51.65%","PoliticalParty":"Republican"},{"BallotName":"Jo Jorgensen","BallotOrder":3,"Votes":150,"Percentage":"1.61%","PoliticalParty":"Libertarian"},{"BallotName":"Write In","BallotOrder":2147483647,"Votes":27,"Percentage":"0.29%","PoliticalParty":"Write-In"}]},{"RaceName":"Member United States Senate","PrecinctsReporting":10,"PrecinctsParticipating":10,"NumberOfSeats":1,"Candidates":[{"BallotName":"Mark R. Warner","BallotOrder":1,"Votes":4673,"Percentage":"50.75%","PoliticalParty":"Democratic"},{"BallotName":"Daniel M. Gade","BallotOrder":2,"Votes":4526,"Percentage":"49.16%","PoliticalParty":"Republican"},{"BallotName":"Write In","BallotOrder":2147483647,"Votes":8,"Percentage":"0.09%","PoliticalParty":"Write-In"}]},{"RaceName":"Member House of Representatives (05)","PrecinctsReporting":10,"PrecinctsParticipating":10,"NumberOfSeats":1,"Candidates":[{"BallotName":"B. Cameron Webb","BallotOrder":1,"Votes":4618,"Percentage":"50.09%","PoliticalParty":"Democratic"},{"BallotName":"Robert G. \"Bob\" Good","BallotOrder":2,"Votes":4561,"Percentage":"49.47%","PoliticalParty":"Republican"},{"BallotName":"Write In","BallotOrder":2147483647,"Votes":40,"Percentage":"0.43%","PoliticalParty":"Write-In"}]},{"RaceName":"Constitutional Amendment #1","PrecinctsReporting":10,"PrecinctsParticipating":10,"NumberOfSeats":1,"Candidates":[{"BallotName":"Yes","BallotOrder":1,"Votes":6243,"Percentage":"71.06%","PoliticalParty":null},{"BallotName":"No","BallotOrder":2,"Votes":2543,"Percentage":"28.94%","PoliticalParty":null}]},{"RaceName":"Constitutional Amendment #2","PrecinctsReporting":10,"PrecinctsParticipating":10,"NumberOfSeats":1,"Candidates":[{"BallotName":"Yes","BallotOrder":1,"Votes":7938,"Percentage":"89.03%","PoliticalParty":null},{"BallotName":"No","BallotOrder":2,"Votes":978,"Percentage":"10.97%","PoliticalParty":null}]}]}