{"ElectionName":"2020 November General","ElectionDate":"2020-11-03T00:00:00","CreateDate":"2020-11-24T11:20:49.2049674-05:00","Locality":{"LocalityName":"NEW KENT COUNTY","LocalityCode":"127"},"Races":[{"RaceName":"President and Vice President","PrecinctsReporting":11,"PrecinctsParticipating":11,"NumberOfSeats":1,"Candidates":[{"BallotName":"Joseph R. Biden","BallotOrder":1,"Votes":4621,"Percentage":"31.95%","PoliticalParty":"Democratic"},{"BallotName":"Donald J. Trump","BallotOrder":2,"Votes":9631,"Percentage":"66.59%","PoliticalParty":"Republican"},{"BallotName":"Jo Jorgensen","BallotOrder":3,"Votes":172,"Percentage":"1.19%","PoliticalParty":"Libertarian"},{"BallotName":"Write In","BallotOrder":2147483647,"Votes":39,"Percentage":"0.27%","PoliticalParty":"Write-In"}]},{"RaceName":"Member United States Senate","PrecinctsReporting":11,"PrecinctsParticipating":11,"NumberOfSeats":1,"Candidates":[{"BallotName":"Mark R. Warner","BallotOrder":1,"Votes":4764,"Percentage":"33.50%","PoliticalParty":"Democratic"},{"BallotName":"Daniel M. Gade","BallotOrder":2,"Votes":9449,"Percentage":"66.44%","PoliticalParty":"Republican"},{"BallotName":"Write In","BallotOrder":2147483647,"Votes":9,"Percentage":"0.06%","PoliticalParty":"Write-In"}]},{"RaceName":"Member House of Representatives (01)","PrecinctsReporting":11,"PrecinctsParticipating":11,"NumberOfSeats":1,"Candidates":[{"BallotName":"Qasim Rashid","BallotOrder":1,"Votes":4119,"Percentage":"29.17%","PoliticalParty":"Democratic"},{"BallotName":"Robert J. Wittman","BallotOrder":2,"Votes":9983,"Percentage":"70.71%","PoliticalParty":"Republican"},{"BallotName":"Write In","BallotOrder":2147483647,"Votes":17,"Percentage":"0.12%","PoliticalParty":"Write-In"}]},{"RaceName":"Constitutional Amendment #1","PrecinctsReporting":11,"PrecinctsParticipating":11,"NumberOfSeats":1,"Candidates":[{"BallotName":"Yes","BallotOrder":1,"Votes":10081,"Percentage":"72.62%","PoliticalParty":null},{"BallotName":"No","BallotOrder":2,"Votes":3801,"Percentage":"27.38%","PoliticalParty":null}]},{"RaceName":"Constitutional Amendment #2","PrecinctsReporting":11,"PrecinctsParticipating":11,"NumberOfSeats":1,"Candidates":[{"BallotName":"Yes","BallotOrder":1,"Votes":12603,"Percentage":"88.73%","PoliticalParty":null},{"BallotName":"No","BallotOrder":2,"Votes":1601,"Percentage":"11.27%","PoliticalParty":null}]}]}