{"ElectionName":"2020 November General","ElectionDate":"2020-11-03T00:00:00","CreateDate":"2020-11-24T11:20:49.2309696-05:00","Locality":{"LocalityName":"NEWPORT NEWS CITY","LocalityCode":"700"},"Races":[{"RaceName":"President and Vice President","PrecinctsReporting":46,"PrecinctsParticipating":46,"NumberOfSeats":1,"Candidates":[{"BallotName":"Joseph R. Biden","BallotOrder":1,"Votes":53099,"Percentage":"65.39%","PoliticalParty":"Democratic"},{"BallotName":"Donald J. Trump","BallotOrder":2,"Votes":26377,"Percentage":"32.48%","PoliticalParty":"Republican"},{"BallotName":"Jo Jorgensen","BallotOrder":3,"Votes":1438,"Percentage":"1.77%","PoliticalParty":"Libertarian"},{"BallotName":"Write In","BallotOrder":2147483647,"Votes":289,"Percentage":"0.36%","PoliticalParty":"Write-In"}]},{"RaceName":"Member United States Senate","PrecinctsReporting":46,"PrecinctsParticipating":46,"NumberOfSeats":1,"Candidates":[{"BallotName":"Mark R. Warner","BallotOrder":1,"Votes":53265,"Percentage":"67.61%","PoliticalParty":"Democratic"},{"BallotName":"Daniel M. Gade","BallotOrder":2,"Votes":25428,"Percentage":"32.27%","PoliticalParty":"Republican"},{"BallotName":"Write In","BallotOrder":2147483647,"Votes":95,"Percentage":"0.12%","PoliticalParty":"Write-In"}]},{"RaceName":"Member House of Representatives (02)","PrecinctsReporting":3,"PrecinctsParticipating":3,"NumberOfSeats":1,"Candidates":[{"BallotName":"Elaine G. Luria","BallotOrder":1,"Votes":228,"Percentage":"66.67%","PoliticalParty":"Democratic"},{"BallotName":"Scott W. Taylor","BallotOrder":2,"Votes":106,"Percentage":"30.99%","PoliticalParty":"Republican"},{"BallotName":"David Bruce Foster","BallotOrder":3,"Votes":7,"Percentage":"2.05%","PoliticalParty":"Independent"},{"BallotName":"Write In","BallotOrder":2147483647,"Votes":1,"Percentage":"0.29%","PoliticalParty":"Write-In"}]},{"RaceName":"Member House of Representatives (03)","PrecinctsReporting":46,"PrecinctsParticipating":46,"NumberOfSeats":1,"Candidates":[{"BallotName":"Robert C. \"Bobby\" Scott","BallotOrder":1,"Votes":52631,"Percentage":"67.35%","PoliticalParty":"Democratic"},{"BallotName":"John W. Collick Jr.","BallotOrder":2,"Votes":25323,"Percentage":"32.41%","PoliticalParty":"Republican"},{"BallotName":"Write In","BallotOrder":2147483647,"Votes":190,"Percentage":"0.24%","PoliticalParty":"Write-In"}]},{"RaceName":"Constitutional Amendment #1","PrecinctsReporting":46,"PrecinctsParticipating":46,"NumberOfSeats":1,"Candidates":[{"BallotName":"Yes","BallotOrder":1,"Votes":52171,"Percentage":"67.39%","PoliticalParty":null},{"BallotName":"No","BallotOrder":2,"Votes":25251,"Percentage":"32.61%","PoliticalParty":null}]},{"RaceName":"Constitutional Amendment #2","PrecinctsReporting":46,"PrecinctsParticipating":46,"NumberOfSeats":1,"Candidates":[{"BallotName":"Yes","BallotOrder":1,"Votes":67016,"Percentage":"84.59%","PoliticalParty":null},{"BallotName":"No","BallotOrder":2,"Votes":12213,"Percentage":"15.41%","PoliticalParty":null}]}]}