{"ElectionName":"2020 November General","ElectionDate":"2020-11-03T00:00:00","CreateDate":"2020-11-24T11:20:49.2649721-05:00","Locality":{"LocalityName":"NORFOLK CITY","LocalityCode":"710"},"Races":[{"RaceName":"President and Vice President","PrecinctsReporting":49,"PrecinctsParticipating":49,"NumberOfSeats":1,"Candidates":[{"BallotName":"Joseph R. Biden","BallotOrder":1,"Votes":64440,"Percentage":"71.69%","PoliticalParty":"Democratic"},{"BallotName":"Donald J. Trump","BallotOrder":2,"Votes":23443,"Percentage":"26.08%","PoliticalParty":"Republican"},{"BallotName":"Jo Jorgensen","BallotOrder":3,"Votes":1608,"Percentage":"1.79%","PoliticalParty":"Libertarian"},{"BallotName":"Write In","BallotOrder":2147483647,"Votes":390,"Percentage":"0.43%","PoliticalParty":"Write-In"}]},{"RaceName":"Member United States Senate","PrecinctsReporting":49,"PrecinctsParticipating":49,"NumberOfSeats":1,"Candidates":[{"BallotName":"Mark R. Warner","BallotOrder":1,"Votes":66152,"Percentage":"74.01%","PoliticalParty":"Democratic"},{"BallotName":"Daniel M. Gade","BallotOrder":2,"Votes":23084,"Percentage":"25.83%","PoliticalParty":"Republican"},{"BallotName":"Write In","BallotOrder":2147483647,"Votes":144,"Percentage":"0.16%","PoliticalParty":"Write-In"}]},{"RaceName":"Member House of Representatives (02)","PrecinctsReporting":18,"PrecinctsParticipating":18,"NumberOfSeats":1,"Candidates":[{"BallotName":"Elaine G. Luria","BallotOrder":1,"Votes":18530,"Percentage":"59.16%","PoliticalParty":"Democratic"},{"BallotName":"Scott W. Taylor","BallotOrder":2,"Votes":11790,"Percentage":"37.64%","PoliticalParty":"Republican"},{"BallotName":"David Bruce Foster","BallotOrder":3,"Votes":964,"Percentage":"3.08%","PoliticalParty":"Independent"},{"BallotName":"Write In","BallotOrder":2147483647,"Votes":40,"Percentage":"0.13%","PoliticalParty":"Write-In"}]},{"RaceName":"Member House of Representatives (03)","PrecinctsReporting":33,"PrecinctsParticipating":33,"NumberOfSeats":1,"Candidates":[{"BallotName":"Robert C. \"Bobby\" Scott","BallotOrder":1,"Votes":46029,"Percentage":"79.76%","PoliticalParty":"Democratic"},{"BallotName":"John W. Collick Jr.","BallotOrder":2,"Votes":11488,"Percentage":"19.91%","PoliticalParty":"Republican"},{"BallotName":"Write In","BallotOrder":2147483647,"Votes":194,"Percentage":"0.34%","PoliticalParty":"Write-In"}]},{"RaceName":"Constitutional Amendment #1","PrecinctsReporting":49,"PrecinctsParticipating":49,"NumberOfSeats":1,"Candidates":[{"BallotName":"Yes","BallotOrder":1,"Votes":60637,"Percentage":"70.14%","PoliticalParty":null},{"BallotName":"No","BallotOrder":2,"Votes":25813,"Percentage":"29.86%","PoliticalParty":null}]},{"RaceName":"Constitutional Amendment #2","PrecinctsReporting":49,"PrecinctsParticipating":49,"NumberOfSeats":1,"Candidates":[{"BallotName":"Yes","BallotOrder":1,"Votes":73211,"Percentage":"82.77%","PoliticalParty":null},{"BallotName":"No","BallotOrder":2,"Votes":15236,"Percentage":"17.23%","PoliticalParty":null}]},{"RaceName":"Casino Gaming (NORFOLK CITY)","PrecinctsReporting":49,"PrecinctsParticipating":49,"NumberOfSeats":1,"Candidates":[{"BallotName":"Yes","BallotOrder":1,"Votes":57741,"Percentage":"65.06%","PoliticalParty":null},{"BallotName":"No","BallotOrder":2,"Votes":31015,"Percentage":"34.94%","PoliticalParty":null}]}]}