{"ElectionName":"2020 November General","ElectionDate":"2020-11-03T00:00:00","CreateDate":"2020-11-24T11:20:49.3649823-05:00","Locality":{"LocalityName":"NORTON CITY","LocalityCode":"720"},"Races":[{"RaceName":"President and Vice President","PrecinctsReporting":1,"PrecinctsParticipating":1,"NumberOfSeats":1,"Candidates":[{"BallotName":"Joseph R. Biden","BallotOrder":1,"Votes":464,"Percentage":"28.98%","PoliticalParty":"Democratic"},{"BallotName":"Donald J. Trump","BallotOrder":2,"Votes":1109,"Percentage":"69.27%","PoliticalParty":"Republican"},{"BallotName":"Jo Jorgensen","BallotOrder":3,"Votes":21,"Percentage":"1.31%","PoliticalParty":"Libertarian"},{"BallotName":"Write In","BallotOrder":2147483647,"Votes":7,"Percentage":"0.44%","PoliticalParty":"Write-In"}]},{"RaceName":"Member United States Senate","PrecinctsReporting":1,"PrecinctsParticipating":1,"NumberOfSeats":1,"Candidates":[{"BallotName":"Mark R. Warner","BallotOrder":1,"Votes":591,"Percentage":"37.33%","PoliticalParty":"Democratic"},{"BallotName":"Daniel M. Gade","BallotOrder":2,"Votes":988,"Percentage":"62.41%","PoliticalParty":"Republican"},{"BallotName":"Write In","BallotOrder":2147483647,"Votes":4,"Percentage":"0.25%","PoliticalParty":"Write-In"}]},{"RaceName":"Member House of Representatives (09)","PrecinctsReporting":1,"PrecinctsParticipating":1,"NumberOfSeats":1,"Candidates":[{"BallotName":"H. Morgan Griffith","BallotOrder":1,"Votes":1254,"Percentage":"92.96%","PoliticalParty":"Republican"},{"BallotName":"Write In","BallotOrder":2147483647,"Votes":95,"Percentage":"7.04%","PoliticalParty":"Write-In"}]},{"RaceName":"Member City Council (NORTON CITY)","PrecinctsReporting":1,"PrecinctsParticipating":1,"NumberOfSeats":2,"Candidates":[{"BallotName":"Mark A. Caruso","BallotOrder":1,"Votes":1162,"Percentage":"48.50%","PoliticalParty":""},{"BallotName":"Robert L. Fultz Jr.","BallotOrder":2,"Votes":1121,"Percentage":"46.79%","PoliticalParty":""},{"BallotName":"Write In","BallotOrder":2147483647,"Votes":113,"Percentage":"4.72%","PoliticalParty":""}]},{"RaceName":"Member, School Board (NORTON CITY)","PrecinctsReporting":1,"PrecinctsParticipating":1,"NumberOfSeats":2,"Candidates":[{"BallotName":"Cheryl Redman","BallotOrder":1,"Votes":1048,"Percentage":"40.62%","PoliticalParty":""},{"BallotName":"Mark C. Sturgill","BallotOrder":2,"Votes":901,"Percentage":"34.92%","PoliticalParty":""},{"BallotName":"Sherry A. Adams","BallotOrder":3,"Votes":613,"Percentage":"23.76%","PoliticalParty":""},{"BallotName":"Write In","BallotOrder":2147483647,"Votes":18,"Percentage":"0.70%","PoliticalParty":""}]},{"RaceName":"Constitutional Amendment #1","PrecinctsReporting":1,"PrecinctsParticipating":1,"NumberOfSeats":1,"Candidates":[{"BallotName":"Yes","BallotOrder":1,"Votes":1042,"Percentage":"69.61%","PoliticalParty":null},{"BallotName":"No","BallotOrder":2,"Votes":455,"Percentage":"30.39%","PoliticalParty":null}]},{"RaceName":"Constitutional Amendment #2","PrecinctsReporting":1,"PrecinctsParticipating":1,"NumberOfSeats":1,"Candidates":[{"BallotName":"Yes","BallotOrder":1,"Votes":1417,"Percentage":"91.36%","PoliticalParty":null},{"BallotName":"No","BallotOrder":2,"Votes":134,"Percentage":"8.64%","PoliticalParty":null}]}]}