{"ElectionName":"2020 November General","ElectionDate":"2020-11-03T00:00:00","CreateDate":"2020-11-24T11:20:49.2909742-05:00","Locality":{"LocalityName":"NORTHAMPTON COUNTY","LocalityCode":"131"},"Races":[{"RaceName":"President and Vice President","PrecinctsReporting":6,"PrecinctsParticipating":6,"NumberOfSeats":1,"Candidates":[{"BallotName":"Joseph R. Biden","BallotOrder":1,"Votes":3667,"Percentage":"54.47%","PoliticalParty":"Democratic"},{"BallotName":"Donald J. Trump","BallotOrder":2,"Votes":2955,"Percentage":"43.89%","PoliticalParty":"Republican"},{"BallotName":"Jo Jorgensen","BallotOrder":3,"Votes":100,"Percentage":"1.49%","PoliticalParty":"Libertarian"},{"BallotName":"Write In","BallotOrder":2147483647,"Votes":10,"Percentage":"0.15%","PoliticalParty":"Write-In"}]},{"RaceName":"Member United States Senate","PrecinctsReporting":6,"PrecinctsParticipating":6,"NumberOfSeats":1,"Candidates":[{"BallotName":"Mark R. Warner","BallotOrder":1,"Votes":3889,"Percentage":"58.16%","PoliticalParty":"Democratic"},{"BallotName":"Daniel M. Gade","BallotOrder":2,"Votes":2795,"Percentage":"41.80%","PoliticalParty":"Republican"},{"BallotName":"Write In","BallotOrder":2147483647,"Votes":3,"Percentage":"0.04%","PoliticalParty":"Write-In"}]},{"RaceName":"Member House of Representatives (02)","PrecinctsReporting":6,"PrecinctsParticipating":6,"NumberOfSeats":1,"Candidates":[{"BallotName":"Elaine G. Luria","BallotOrder":1,"Votes":3780,"Percentage":"56.43%","PoliticalParty":"Democratic"},{"BallotName":"Scott W. Taylor","BallotOrder":2,"Votes":2763,"Percentage":"41.25%","PoliticalParty":"Republican"},{"BallotName":"David Bruce Foster","BallotOrder":3,"Votes":150,"Percentage":"2.24%","PoliticalParty":"Independent"},{"BallotName":"Write In","BallotOrder":2147483647,"Votes":5,"Percentage":"0.07%","PoliticalParty":"Write-In"}]},{"RaceName":"Mayor - Cheriton (CHERITON)","PrecinctsReporting":2,"PrecinctsParticipating":2,"NumberOfSeats":1,"Candidates":[{"BallotName":"Jacqueline V. Davis","BallotOrder":1,"Votes":171,"Percentage":"64.77%","PoliticalParty":""},{"BallotName":"Warren W. \"Ski\" Wisneski","BallotOrder":2,"Votes":85,"Percentage":"32.20%","PoliticalParty":""},{"BallotName":"Write In","BallotOrder":2147483647,"Votes":8,"Percentage":"3.03%","PoliticalParty":""}]},{"RaceName":"Mayor - Eastville (EASTVILLE)","PrecinctsReporting":2,"PrecinctsParticipating":2,"NumberOfSeats":1,"Candidates":[{"BallotName":"James C. Sturgis","BallotOrder":1,"Votes":150,"Percentage":"94.94%","PoliticalParty":""},{"BallotName":"Write In","BallotOrder":2147483647,"Votes":8,"Percentage":"5.06%","PoliticalParty":""}]},{"RaceName":"Mayor - Nassawadox (NASSAWADOX)","PrecinctsReporting":2,"PrecinctsParticipating":2,"NumberOfSeats":1,"Candidates":[{"BallotName":"Patricia S. Stith","BallotOrder":1,"Votes":193,"Percentage":"98.47%","PoliticalParty":""},{"BallotName":"Write In","BallotOrder":2147483647,"Votes":3,"Percentage":"1.53%","PoliticalParty":""}]},{"RaceName":"Member Town Council - Cheriton (CHERITON)","PrecinctsReporting":2,"PrecinctsParticipating":2,"NumberOfSeats":6,"Candidates":[{"BallotName":"Scott E. Berger","BallotOrder":1,"Votes":98,"Percentage":"9.58%","PoliticalParty":""},{"BallotName":"Matthew Yancy III","BallotOrder":2,"Votes":135,"Percentage":"13.20%","PoliticalParty":""},{"BallotName":"Larry E. LeMond","BallotOrder":3,"Votes":136,"Percentage":"13.29%","PoliticalParty":""},{"BallotName":"B.B. \"Barry\" Downing, Jr.","BallotOrder":4,"Votes":176,"Percentage":"17.20%","PoliticalParty":""},{"BallotName":"Gregory S. Hardesty","BallotOrder":5,"Votes":133,"Percentage":"13.00%","PoliticalParty":""},{"BallotName":"Norma P. Spencer","BallotOrder":6,"Votes":159,"Percentage":"15.54%","PoliticalParty":""},{"BallotName":"Robert K. \"Bo\" Lewis, Sr.","BallotOrder":7,"Votes":174,"Percentage":"17.01%","PoliticalParty":""},{"BallotName":"Write In","BallotOrder":2147483647,"Votes":12,"Percentage":"1.17%","PoliticalParty":""}]},{"RaceName":"Member Town Council - Eastville (EASTVILLE)","PrecinctsReporting":2,"PrecinctsParticipating":2,"NumberOfSeats":6,"Candidates":[{"BallotName":"Eleanor C. Gordon","BallotOrder":1,"Votes":95,"Percentage":"19.51%","PoliticalParty":""},{"BallotName":"Mary Beth Briggs","BallotOrder":2,"Votes":109,"Percentage":"22.38%","PoliticalParty":""},{"BallotName":"John D. Crockett","BallotOrder":3,"Votes":103,"Percentage":"21.15%","PoliticalParty":""},{"BallotName":"Barbara M. Thomas","BallotOrder":4,"Votes":96,"Percentage":"19.71%","PoliticalParty":""},{"BallotName":"Douglas J. Coburn Jr.","BallotOrder":5,"Votes":16,"Percentage":"3.29%","PoliticalParty":""},{"BallotName":"David A. Philpot III","BallotOrder":6,"Votes":16,"Percentage":"3.29%","PoliticalParty":""},{"BallotName":"Glenn L. Purvis","BallotOrder":7,"Votes":22,"Percentage":"4.52%","PoliticalParty":""},{"BallotName":"Write In","BallotOrder":2147483647,"Votes":30,"Percentage":"6.16%","PoliticalParty":""}]},{"RaceName":"Member Town Council - Nassawadox (NASSAWADOX)","PrecinctsReporting":2,"PrecinctsParticipating":2,"NumberOfSeats":6,"Candidates":[{"BallotName":"John W. Hallett, Sr.","BallotOrder":1,"Votes":128,"Percentage":"25.20%","PoliticalParty":""},{"BallotName":"Claude F. Jones","BallotOrder":2,"Votes":123,"Percentage":"24.21%","PoliticalParty":""},{"BallotName":"Elizabeth P. \"Liz\" Freund","BallotOrder":3,"Votes":115,"Percentage":"22.64%","PoliticalParty":""},{"BallotName":"Andrea D. Fox","BallotOrder":4,"Votes":113,"Percentage":"22.24%","PoliticalParty":""},{"BallotName":"Kimberly R. Fitzpatrick","BallotOrder":5,"Votes":4,"Percentage":"0.79%","PoliticalParty":""},{"BallotName":"Lisa Lindberg","BallotOrder":6,"Votes":7,"Percentage":"1.38%","PoliticalParty":""},{"BallotName":"Write In","BallotOrder":2147483647,"Votes":18,"Percentage":"3.54%","PoliticalParty":""}]},{"RaceName":"Constitutional Amendment #1","PrecinctsReporting":6,"PrecinctsParticipating":6,"NumberOfSeats":1,"Candidates":[{"BallotName":"Yes","BallotOrder":1,"Votes":4275,"Percentage":"67.72%","PoliticalParty":null},{"BallotName":"No","BallotOrder":2,"Votes":2038,"Percentage":"32.28%","PoliticalParty":null}]},{"RaceName":"Constitutional Amendment #2","PrecinctsReporting":6,"PrecinctsParticipating":6,"NumberOfSeats":1,"Candidates":[{"BallotName":"Yes","BallotOrder":1,"Votes":5631,"Percentage":"86.30%","PoliticalParty":null},{"BallotName":"No","BallotOrder":2,"Votes":894,"Percentage":"13.70%","PoliticalParty":null}]},{"RaceName":"Sales Tax (NORTHAMPTON COUNTY)","PrecinctsReporting":6,"PrecinctsParticipating":6,"NumberOfSeats":1,"Candidates":[{"BallotName":"Yes","BallotOrder":1,"Votes":4658,"Percentage":"71.18%","PoliticalParty":null},{"BallotName":"No","BallotOrder":2,"Votes":1886,"Percentage":"28.82%","PoliticalParty":null}]}]}