{"ElectionName":"2020 November General","ElectionDate":"2020-11-03T00:00:00","CreateDate":"2020-11-24T11:20:49.3089762-05:00","Locality":{"LocalityName":"NORTHUMBERLAND COUNTY","LocalityCode":"133"},"Races":[{"RaceName":"President and Vice President","PrecinctsReporting":6,"PrecinctsParticipating":6,"NumberOfSeats":1,"Candidates":[{"BallotName":"Joseph R. Biden","BallotOrder":1,"Votes":3252,"Percentage":"41.61%","PoliticalParty":"Democratic"},{"BallotName":"Donald J. Trump","BallotOrder":2,"Votes":4485,"Percentage":"57.39%","PoliticalParty":"Republican"},{"BallotName":"Jo Jorgensen","BallotOrder":3,"Votes":56,"Percentage":"0.72%","PoliticalParty":"Libertarian"},{"BallotName":"Write In","BallotOrder":2147483647,"Votes":22,"Percentage":"0.28%","PoliticalParty":"Write-In"}]},{"RaceName":"Member United States Senate","PrecinctsReporting":6,"PrecinctsParticipating":6,"NumberOfSeats":1,"Candidates":[{"BallotName":"Mark R. Warner","BallotOrder":1,"Votes":3386,"Percentage":"44.00%","PoliticalParty":"Democratic"},{"BallotName":"Daniel M. Gade","BallotOrder":2,"Votes":4306,"Percentage":"55.95%","PoliticalParty":"Republican"},{"BallotName":"Write In","BallotOrder":2147483647,"Votes":4,"Percentage":"0.05%","PoliticalParty":"Write-In"}]},{"RaceName":"Member House of Representatives (01)","PrecinctsReporting":6,"PrecinctsParticipating":6,"NumberOfSeats":1,"Candidates":[{"BallotName":"Qasim Rashid","BallotOrder":1,"Votes":2730,"Percentage":"35.49%","PoliticalParty":"Democratic"},{"BallotName":"Robert J. Wittman","BallotOrder":2,"Votes":4954,"Percentage":"64.40%","PoliticalParty":"Republican"},{"BallotName":"Write In","BallotOrder":2147483647,"Votes":8,"Percentage":"0.10%","PoliticalParty":"Write-In"}]},{"RaceName":"Member School Board (DISTRICT 2)","PrecinctsReporting":2,"PrecinctsParticipating":2,"NumberOfSeats":1,"Candidates":[{"BallotName":"Carl L. Perez","BallotOrder":1,"Votes":1151,"Percentage":"96.64%","PoliticalParty":""},{"BallotName":"Write In","BallotOrder":2147483647,"Votes":40,"Percentage":"3.36%","PoliticalParty":""}]},{"RaceName":"Member School Board (DISTRICT 3)","PrecinctsReporting":2,"PrecinctsParticipating":2,"NumberOfSeats":1,"Candidates":[{"BallotName":"E. Denise Pope Mazyck","BallotOrder":1,"Votes":986,"Percentage":"98.31%","PoliticalParty":""},{"BallotName":"Write In","BallotOrder":2147483647,"Votes":17,"Percentage":"1.69%","PoliticalParty":""}]},{"RaceName":"Constitutional Amendment #1","PrecinctsReporting":6,"PrecinctsParticipating":6,"NumberOfSeats":1,"Candidates":[{"BallotName":"Yes","BallotOrder":1,"Votes":5100,"Percentage":"69.37%","PoliticalParty":null},{"BallotName":"No","BallotOrder":2,"Votes":2252,"Percentage":"30.63%","PoliticalParty":null}]},{"RaceName":"Constitutional Amendment #2","PrecinctsReporting":6,"PrecinctsParticipating":6,"NumberOfSeats":1,"Candidates":[{"BallotName":"Yes","BallotOrder":1,"Votes":6796,"Percentage":"89.75%","PoliticalParty":null},{"BallotName":"No","BallotOrder":2,"Votes":776,"Percentage":"10.25%","PoliticalParty":null}]}]}