{"ElectionName":"2020 November General","ElectionDate":"2020-11-03T00:00:00","CreateDate":"2020-11-24T11:20:49.3829823-05:00","Locality":{"LocalityName":"NOTTOWAY COUNTY","LocalityCode":"135"},"Races":[{"RaceName":"President and Vice President","PrecinctsReporting":10,"PrecinctsParticipating":10,"NumberOfSeats":1,"Candidates":[{"BallotName":"Joseph R. Biden","BallotOrder":1,"Votes":2971,"Percentage":"41.98%","PoliticalParty":"Democratic"},{"BallotName":"Donald J. Trump","BallotOrder":2,"Votes":4027,"Percentage":"56.89%","PoliticalParty":"Republican"},{"BallotName":"Jo Jorgensen","BallotOrder":3,"Votes":72,"Percentage":"1.02%","PoliticalParty":"Libertarian"},{"BallotName":"Write In","BallotOrder":2147483647,"Votes":8,"Percentage":"0.11%","PoliticalParty":"Write-In"}]},{"RaceName":"Member United States Senate","PrecinctsReporting":10,"PrecinctsParticipating":10,"NumberOfSeats":1,"Candidates":[{"BallotName":"Mark R. Warner","BallotOrder":1,"Votes":3136,"Percentage":"44.72%","PoliticalParty":"Democratic"},{"BallotName":"Daniel M. Gade","BallotOrder":2,"Votes":3869,"Percentage":"55.17%","PoliticalParty":"Republican"},{"BallotName":"Write In","BallotOrder":2147483647,"Votes":8,"Percentage":"0.11%","PoliticalParty":"Write-In"}]},{"RaceName":"Member House of Representatives (07)","PrecinctsReporting":10,"PrecinctsParticipating":10,"NumberOfSeats":1,"Candidates":[{"BallotName":"Abigail A. Spanberger","BallotOrder":1,"Votes":3119,"Percentage":"44.72%","PoliticalParty":"Democratic"},{"BallotName":"Nick J. Freitas","BallotOrder":2,"Votes":3843,"Percentage":"55.10%","PoliticalParty":"Republican"},{"BallotName":"Write In","BallotOrder":2147483647,"Votes":12,"Percentage":"0.17%","PoliticalParty":"Write-In"}]},{"RaceName":"Member Board of Supervisors (DISTRICT 5)","PrecinctsReporting":2,"PrecinctsParticipating":2,"NumberOfSeats":1,"Candidates":[{"BallotName":"Lynn K. Shekleton","BallotOrder":1,"Votes":661,"Percentage":"46.00%","PoliticalParty":""},{"BallotName":"James H. Dalton","BallotOrder":2,"Votes":592,"Percentage":"41.20%","PoliticalParty":""},{"BallotName":"G. Allen Queen","BallotOrder":3,"Votes":174,"Percentage":"12.11%","PoliticalParty":""},{"BallotName":"Write In","BallotOrder":2147483647,"Votes":10,"Percentage":"0.70%","PoliticalParty":""}]},{"RaceName":"Mayor (BURKEVILLE)","PrecinctsReporting":2,"PrecinctsParticipating":2,"NumberOfSeats":1,"Candidates":[{"BallotName":"Tommy R. Goin","BallotOrder":1,"Votes":40,"Percentage":"17.62%","PoliticalParty":""},{"BallotName":"Adam Cliborne","BallotOrder":2,"Votes":67,"Percentage":"29.52%","PoliticalParty":""},{"BallotName":"Brian A. Weltch","BallotOrder":3,"Votes":91,"Percentage":"40.09%","PoliticalParty":""},{"BallotName":"Raymond B. \"Ray\" George, ","BallotOrder":4,"Votes":26,"Percentage":"11.45%","PoliticalParty":""},{"BallotName":"Write In","BallotOrder":2147483647,"Votes":3,"Percentage":"1.32%","PoliticalParty":""}]},{"RaceName":"Member Town Council - Special (CREWE)","PrecinctsReporting":2,"PrecinctsParticipating":2,"NumberOfSeats":1,"Candidates":[{"BallotName":"Jessica A. Faas","BallotOrder":1,"Votes":780,"Percentage":"93.08%","PoliticalParty":""},{"BallotName":"Write In","BallotOrder":2147483647,"Votes":58,"Percentage":"6.92%","PoliticalParty":""}]},{"RaceName":"Member Town Council (BURKEVILLE)","PrecinctsReporting":2,"PrecinctsParticipating":2,"NumberOfSeats":7,"Candidates":[{"BallotName":"Joann Branch","BallotOrder":1,"Votes":123,"Percentage":"14.39%","PoliticalParty":""},{"BallotName":"Gerald Smith","BallotOrder":2,"Votes":110,"Percentage":"12.87%","PoliticalParty":""},{"BallotName":"Zora A. Bruce","BallotOrder":3,"Votes":113,"Percentage":"13.22%","PoliticalParty":""},{"BallotName":"James G. Bruce Jr.","BallotOrder":3,"Votes":116,"Percentage":"13.57%","PoliticalParty":""},{"BallotName":"Ivory G. Oliver","BallotOrder":4,"Votes":117,"Percentage":"13.68%","PoliticalParty":""},{"BallotName":"Harold G. Wagstaff ","BallotOrder":5,"Votes":163,"Percentage":"19.06%","PoliticalParty":""},{"BallotName":"Wayne K. Zumbro","BallotOrder":6,"Votes":54,"Percentage":"6.32%","PoliticalParty":""},{"BallotName":"Write In","BallotOrder":2147483647,"Votes":59,"Percentage":"6.90%","PoliticalParty":""}]},{"RaceName":"Constitutional Amendment #1","PrecinctsReporting":10,"PrecinctsParticipating":10,"NumberOfSeats":1,"Candidates":[{"BallotName":"Yes","BallotOrder":1,"Votes":4510,"Percentage":"67.89%","PoliticalParty":null},{"BallotName":"No","BallotOrder":2,"Votes":2133,"Percentage":"32.11%","PoliticalParty":null}]},{"RaceName":"Constitutional Amendment #2","PrecinctsReporting":10,"PrecinctsParticipating":10,"NumberOfSeats":1,"Candidates":[{"BallotName":"Yes","BallotOrder":1,"Votes":5912,"Percentage":"87.17%","PoliticalParty":null},{"BallotName":"No","BallotOrder":2,"Votes":870,"Percentage":"12.83%","PoliticalParty":null}]},{"RaceName":"Use of Town Funds on a New Community Center (NOTTOWAY COUNTY)","PrecinctsReporting":3,"PrecinctsParticipating":3,"NumberOfSeats":1,"Candidates":[{"BallotName":"Yes","BallotOrder":1,"Votes":684,"Percentage":"47.87%","PoliticalParty":null},{"BallotName":"No","BallotOrder":2,"Votes":745,"Percentage":"52.13%","PoliticalParty":null}]},{"RaceName":"Use of Town Funds to Construct, Repair, Remodel, and/or Improve the Harris Memorial Armory (NOTTOWAY COUNTY)","PrecinctsReporting":3,"PrecinctsParticipating":3,"NumberOfSeats":1,"Candidates":[{"BallotName":"Yes","BallotOrder":1,"Votes":773,"Percentage":"53.61%","PoliticalParty":null},{"BallotName":"No","BallotOrder":2,"Votes":669,"Percentage":"46.39%","PoliticalParty":null}]}]}