{"ElectionName":"2020 November General","ElectionDate":"2020-11-03T00:00:00","CreateDate":"2020-11-24T11:20:49.4169863-05:00","Locality":{"LocalityName":"ORANGE COUNTY","LocalityCode":"137"},"Races":[{"RaceName":"President and Vice President","PrecinctsReporting":11,"PrecinctsParticipating":11,"NumberOfSeats":1,"Candidates":[{"BallotName":"Joseph R. Biden","BallotOrder":1,"Votes":7995,"Percentage":"38.54%","PoliticalParty":"Democratic"},{"BallotName":"Donald J. Trump","BallotOrder":2,"Votes":12426,"Percentage":"59.91%","PoliticalParty":"Republican"},{"BallotName":"Jo Jorgensen","BallotOrder":3,"Votes":267,"Percentage":"1.29%","PoliticalParty":"Libertarian"},{"BallotName":"Write In","BallotOrder":2147483647,"Votes":54,"Percentage":"0.26%","PoliticalParty":"Write-In"}]},{"RaceName":"Member United States Senate","PrecinctsReporting":11,"PrecinctsParticipating":11,"NumberOfSeats":1,"Candidates":[{"BallotName":"Mark R. Warner","BallotOrder":1,"Votes":8392,"Percentage":"40.78%","PoliticalParty":"Democratic"},{"BallotName":"Daniel M. Gade","BallotOrder":2,"Votes":12170,"Percentage":"59.14%","PoliticalParty":"Republican"},{"BallotName":"Write In","BallotOrder":2147483647,"Votes":17,"Percentage":"0.08%","PoliticalParty":"Write-In"}]},{"RaceName":"Member House of Representatives (07)","PrecinctsReporting":11,"PrecinctsParticipating":11,"NumberOfSeats":1,"Candidates":[{"BallotName":"Abigail A. Spanberger","BallotOrder":1,"Votes":8255,"Percentage":"40.08%","PoliticalParty":"Democratic"},{"BallotName":"Nick J. Freitas","BallotOrder":2,"Votes":12300,"Percentage":"59.73%","PoliticalParty":"Republican"},{"BallotName":"Write In","BallotOrder":2147483647,"Votes":39,"Percentage":"0.19%","PoliticalParty":"Write-In"}]},{"RaceName":"Mayor (GORDONSVILLE)","PrecinctsReporting":2,"PrecinctsParticipating":2,"NumberOfSeats":1,"Candidates":[{"BallotName":"Robert K. \"Bob\" Coiner","BallotOrder":1,"Votes":630,"Percentage":"97.07%","PoliticalParty":""},{"BallotName":"Write In","BallotOrder":2147483647,"Votes":19,"Percentage":"2.93%","PoliticalParty":""}]},{"RaceName":"Member Town Council - Gordonsville (GORDONSVILLE)","PrecinctsReporting":2,"PrecinctsParticipating":2,"NumberOfSeats":2,"Candidates":[{"BallotName":"Emily Mary Winkey","BallotOrder":1,"Votes":458,"Percentage":"44.90%","PoliticalParty":""},{"BallotName":"Elizabeth B. Samra","BallotOrder":2,"Votes":291,"Percentage":"28.53%","PoliticalParty":""},{"BallotName":"Stevean E. Irving II","BallotOrder":3,"Votes":264,"Percentage":"25.88%","PoliticalParty":""},{"BallotName":"Write In","BallotOrder":2147483647,"Votes":7,"Percentage":"0.69%","PoliticalParty":""}]},{"RaceName":"Constitutional Amendment #1","PrecinctsReporting":11,"PrecinctsParticipating":11,"NumberOfSeats":1,"Candidates":[{"BallotName":"Yes","BallotOrder":1,"Votes":13082,"Percentage":"67.51%","PoliticalParty":null},{"BallotName":"No","BallotOrder":2,"Votes":6295,"Percentage":"32.49%","PoliticalParty":null}]},{"RaceName":"Constitutional Amendment #2","PrecinctsReporting":11,"PrecinctsParticipating":11,"NumberOfSeats":1,"Candidates":[{"BallotName":"Yes","BallotOrder":1,"Votes":17743,"Percentage":"88.73%","PoliticalParty":null},{"BallotName":"No","BallotOrder":2,"Votes":2254,"Percentage":"11.27%","PoliticalParty":null}]}]}