{"ElectionName":"2020 November General","ElectionDate":"2020-11-03T00:00:00","CreateDate":"2020-11-24T11:20:49.4329938-05:00","Locality":{"LocalityName":"PAGE COUNTY","LocalityCode":"139"},"Races":[{"RaceName":"President and Vice President","PrecinctsReporting":6,"PrecinctsParticipating":6,"NumberOfSeats":1,"Candidates":[{"BallotName":"Joseph R. Biden","BallotOrder":1,"Votes":3007,"Percentage":"24.03%","PoliticalParty":"Democratic"},{"BallotName":"Donald J. Trump","BallotOrder":2,"Votes":9345,"Percentage":"74.68%","PoliticalParty":"Republican"},{"BallotName":"Jo Jorgensen","BallotOrder":3,"Votes":134,"Percentage":"1.07%","PoliticalParty":"Libertarian"},{"BallotName":"Write In","BallotOrder":2147483647,"Votes":28,"Percentage":"0.22%","PoliticalParty":"Write-In"}]},{"RaceName":"Member United States Senate","PrecinctsReporting":6,"PrecinctsParticipating":6,"NumberOfSeats":1,"Candidates":[{"BallotName":"Mark R. Warner","BallotOrder":1,"Votes":3420,"Percentage":"27.57%","PoliticalParty":"Democratic"},{"BallotName":"Daniel M. Gade","BallotOrder":2,"Votes":8968,"Percentage":"72.31%","PoliticalParty":"Republican"},{"BallotName":"Write In","BallotOrder":2147483647,"Votes":15,"Percentage":"0.12%","PoliticalParty":"Write-In"}]},{"RaceName":"Member House of Representatives (06)","PrecinctsReporting":6,"PrecinctsParticipating":6,"NumberOfSeats":1,"Candidates":[{"BallotName":"Nicholas A. Betts","BallotOrder":1,"Votes":2790,"Percentage":"22.73%","PoliticalParty":"Democratic"},{"BallotName":"Ben L. Cline","BallotOrder":2,"Votes":9466,"Percentage":"77.13%","PoliticalParty":"Republican"},{"BallotName":"Write In","BallotOrder":2147483647,"Votes":17,"Percentage":"0.14%","PoliticalParty":"Write-In"}]},{"RaceName":"Chairman School Board (PAGE COUNTY)","PrecinctsReporting":6,"PrecinctsParticipating":6,"NumberOfSeats":1,"Candidates":[{"BallotName":"Jason Scott Breeden","BallotOrder":1,"Votes":7223,"Percentage":"72.26%","PoliticalParty":""},{"BallotName":"Write In","BallotOrder":2147483647,"Votes":2773,"Percentage":"27.74%","PoliticalParty":""}]},{"RaceName":"Mayor - Luray (LURAY)","PrecinctsReporting":3,"PrecinctsParticipating":3,"NumberOfSeats":1,"Candidates":[{"BallotName":"Jerry R. Dofflemyer","BallotOrder":1,"Votes":1434,"Percentage":"63.06%","PoliticalParty":""},{"BallotName":"Write In","BallotOrder":2147483647,"Votes":840,"Percentage":"36.94%","PoliticalParty":""}]},{"RaceName":"Mayor - Shenandoah (SHENANDOAH)","PrecinctsReporting":2,"PrecinctsParticipating":2,"NumberOfSeats":1,"Candidates":[{"BallotName":"Clinton O. Lucas Jr.","BallotOrder":1,"Votes":996,"Percentage":"90.46%","PoliticalParty":""},{"BallotName":"Write In","BallotOrder":2147483647,"Votes":105,"Percentage":"9.54%","PoliticalParty":""}]},{"RaceName":"Mayor - Stanley (STANLEY)","PrecinctsReporting":2,"PrecinctsParticipating":2,"NumberOfSeats":1,"Candidates":[{"BallotName":"Michael A. Knight","BallotOrder":1,"Votes":601,"Percentage":"92.32%","PoliticalParty":""},{"BallotName":"Write In","BallotOrder":2147483647,"Votes":50,"Percentage":"7.68%","PoliticalParty":""}]},{"RaceName":"Member Town Council - Luray (LURAY)","PrecinctsReporting":3,"PrecinctsParticipating":3,"NumberOfSeats":3,"Candidates":[{"BallotName":"Jason A. Pettit","BallotOrder":1,"Votes":1695,"Percentage":"32.22%","PoliticalParty":""},{"BallotName":"Judy K. Peabody","BallotOrder":2,"Votes":456,"Percentage":"8.67%","PoliticalParty":""},{"BallotName":"Joseph F. \"Joey\" Sours, Jr.","BallotOrder":3,"Votes":1270,"Percentage":"24.14%","PoliticalParty":""},{"BallotName":"W. Ligon Webb II","BallotOrder":4,"Votes":1173,"Percentage":"22.30%","PoliticalParty":""},{"BallotName":"Leah  Pence","BallotOrder":5,"Votes":606,"Percentage":"11.52%","PoliticalParty":""},{"BallotName":"Write In","BallotOrder":2147483647,"Votes":61,"Percentage":"1.16%","PoliticalParty":""}]},{"RaceName":"Member Town Council - Shenandoah  (SHENANDOAH)","PrecinctsReporting":2,"PrecinctsParticipating":2,"NumberOfSeats":3,"Candidates":[{"BallotName":"Russ Comer, Jr.","BallotOrder":1,"Votes":63,"Percentage":"3.82%","PoliticalParty":""},{"BallotName":"Richard G. Pierce","BallotOrder":2,"Votes":731,"Percentage":"44.33%","PoliticalParty":""},{"BallotName":"Ira M. \"Mike\" Lowe","BallotOrder":3,"Votes":677,"Percentage":"41.06%","PoliticalParty":""},{"BallotName":"Write In","BallotOrder":2147483647,"Votes":178,"Percentage":"10.79%","PoliticalParty":""}]},{"RaceName":"Member Town Council - Stanley (STANLEY)","PrecinctsReporting":2,"PrecinctsParticipating":2,"NumberOfSeats":2,"Candidates":[{"BallotName":"Joseph S. Mauck","BallotOrder":1,"Votes":505,"Percentage":"52.88%","PoliticalParty":""},{"BallotName":"Jeremiah D. Knight","BallotOrder":2,"Votes":397,"Percentage":"41.57%","PoliticalParty":""},{"BallotName":"Write In","BallotOrder":2147483647,"Votes":53,"Percentage":"5.55%","PoliticalParty":""}]},{"RaceName":"Member Town Council - Special (STANLEY)","PrecinctsReporting":2,"PrecinctsParticipating":2,"NumberOfSeats":1,"Candidates":[{"BallotName":"Joseph S. Mauck","BallotOrder":1,"Votes":0,"Percentage":"0.00%","PoliticalParty":""},{"BallotName":"Douglas L. Purdham","BallotOrder":2,"Votes":46,"Percentage":"100.00%","PoliticalParty":""},{"BallotName":"Write In","BallotOrder":2147483647,"Votes":0,"Percentage":"0.00%","PoliticalParty":""}]},{"RaceName":"Constitutional Amendment #1","PrecinctsReporting":6,"PrecinctsParticipating":6,"NumberOfSeats":1,"Candidates":[{"BallotName":"Yes","BallotOrder":1,"Votes":7947,"Percentage":"69.87%","PoliticalParty":null},{"BallotName":"No","BallotOrder":2,"Votes":3427,"Percentage":"30.13%","PoliticalParty":null}]},{"RaceName":"Constitutional Amendment #2","PrecinctsReporting":6,"PrecinctsParticipating":6,"NumberOfSeats":1,"Candidates":[{"BallotName":"Yes","BallotOrder":1,"Votes":10907,"Percentage":"90.48%","PoliticalParty":null},{"BallotName":"No","BallotOrder":2,"Votes":1147,"Percentage":"9.52%","PoliticalParty":null}]}]}