{"ElectionName":"2020 November General","ElectionDate":"2020-11-03T00:00:00","CreateDate":"2020-11-24T11:20:49.4689904-05:00","Locality":{"LocalityName":"PATRICK COUNTY","LocalityCode":"141"},"Races":[{"RaceName":"President and Vice President","PrecinctsReporting":14,"PrecinctsParticipating":14,"NumberOfSeats":1,"Candidates":[{"BallotName":"Joseph R. Biden","BallotOrder":1,"Votes":1954,"Percentage":"20.50%","PoliticalParty":"Democratic"},{"BallotName":"Donald J. Trump","BallotOrder":2,"Votes":7485,"Percentage":"78.51%","PoliticalParty":"Republican"},{"BallotName":"Jo Jorgensen","BallotOrder":3,"Votes":81,"Percentage":"0.85%","PoliticalParty":"Libertarian"},{"BallotName":"Write In","BallotOrder":2147483647,"Votes":14,"Percentage":"0.15%","PoliticalParty":"Write-In"}]},{"RaceName":"Member United States Senate","PrecinctsReporting":14,"PrecinctsParticipating":14,"NumberOfSeats":1,"Candidates":[{"BallotName":"Mark R. Warner","BallotOrder":1,"Votes":2310,"Percentage":"25.11%","PoliticalParty":"Democratic"},{"BallotName":"Daniel M. Gade","BallotOrder":2,"Votes":6875,"Percentage":"74.74%","PoliticalParty":"Republican"},{"BallotName":"Write In","BallotOrder":2147483647,"Votes":13,"Percentage":"0.14%","PoliticalParty":"Write-In"}]},{"RaceName":"Member House of Representatives (09)","PrecinctsReporting":14,"PrecinctsParticipating":14,"NumberOfSeats":1,"Candidates":[{"BallotName":"H. Morgan Griffith","BallotOrder":1,"Votes":7663,"Percentage":"96.74%","PoliticalParty":"Republican"},{"BallotName":"Write In","BallotOrder":2147483647,"Votes":258,"Percentage":"3.26%","PoliticalParty":"Write-In"}]},{"RaceName":"Mayor (STUART)","PrecinctsReporting":3,"PrecinctsParticipating":3,"NumberOfSeats":1,"Candidates":[{"BallotName":"K. Ray Weiland","BallotOrder":1,"Votes":472,"Percentage":"96.92%","PoliticalParty":""},{"BallotName":"Write In","BallotOrder":2147483647,"Votes":15,"Percentage":"3.08%","PoliticalParty":""}]},{"RaceName":"Member Town Council (STUART)","PrecinctsReporting":3,"PrecinctsParticipating":3,"NumberOfSeats":2,"Candidates":[{"BallotName":"John M. \"Mac\" Deekens","BallotOrder":1,"Votes":357,"Percentage":"51.29%","PoliticalParty":""},{"BallotName":"Erica L. Cipko","BallotOrder":2,"Votes":331,"Percentage":"47.56%","PoliticalParty":""},{"BallotName":"Write In","BallotOrder":2147483647,"Votes":8,"Percentage":"1.15%","PoliticalParty":""}]},{"RaceName":"Constitutional Amendment #1","PrecinctsReporting":14,"PrecinctsParticipating":14,"NumberOfSeats":1,"Candidates":[{"BallotName":"Yes","BallotOrder":1,"Votes":5373,"Percentage":"62.45%","PoliticalParty":null},{"BallotName":"No","BallotOrder":2,"Votes":3231,"Percentage":"37.55%","PoliticalParty":null}]},{"RaceName":"Constitutional Amendment #2","PrecinctsReporting":14,"PrecinctsParticipating":14,"NumberOfSeats":1,"Candidates":[{"BallotName":"Yes","BallotOrder":1,"Votes":7985,"Percentage":"87.03%","PoliticalParty":null},{"BallotName":"No","BallotOrder":2,"Votes":1190,"Percentage":"12.97%","PoliticalParty":null}]},{"RaceName":"Sales Tax (PATRICK COUNTY)","PrecinctsReporting":14,"PrecinctsParticipating":14,"NumberOfSeats":1,"Candidates":[{"BallotName":"Yes","BallotOrder":1,"Votes":5088,"Percentage":"55.36%","PoliticalParty":null},{"BallotName":"No","BallotOrder":2,"Votes":4102,"Percentage":"44.64%","PoliticalParty":null}]}]}