{"ElectionName":"2020 November General","ElectionDate":"2020-11-03T00:00:00","CreateDate":"2020-11-24T11:20:49.5099965-05:00","Locality":{"LocalityName":"PETERSBURG CITY","LocalityCode":"730"},"Races":[{"RaceName":"President and Vice President","PrecinctsReporting":8,"PrecinctsParticipating":8,"NumberOfSeats":1,"Candidates":[{"BallotName":"Joseph R. Biden","BallotOrder":1,"Votes":12389,"Percentage":"87.75%","PoliticalParty":"Democratic"},{"BallotName":"Donald J. Trump","BallotOrder":2,"Votes":1584,"Percentage":"11.22%","PoliticalParty":"Republican"},{"BallotName":"Jo Jorgensen","BallotOrder":3,"Votes":108,"Percentage":"0.76%","PoliticalParty":"Libertarian"},{"BallotName":"Write In","BallotOrder":2147483647,"Votes":37,"Percentage":"0.26%","PoliticalParty":"Write-In"}]},{"RaceName":"Member United States Senate","PrecinctsReporting":8,"PrecinctsParticipating":8,"NumberOfSeats":1,"Candidates":[{"BallotName":"Mark R. Warner","BallotOrder":1,"Votes":12413,"Percentage":"89.09%","PoliticalParty":"Democratic"},{"BallotName":"Daniel M. Gade","BallotOrder":2,"Votes":1505,"Percentage":"10.80%","PoliticalParty":"Republican"},{"BallotName":"Write In","BallotOrder":2147483647,"Votes":15,"Percentage":"0.11%","PoliticalParty":"Write-In"}]},{"RaceName":"Member House of Representatives (04)","PrecinctsReporting":8,"PrecinctsParticipating":8,"NumberOfSeats":1,"Candidates":[{"BallotName":"A. Donald McEachin","BallotOrder":1,"Votes":12172,"Percentage":"87.96%","PoliticalParty":"Democratic"},{"BallotName":"Leon Benjamin Sr.","BallotOrder":2,"Votes":1641,"Percentage":"11.86%","PoliticalParty":"Republican"},{"BallotName":"Write In","BallotOrder":2147483647,"Votes":25,"Percentage":"0.18%","PoliticalParty":"Write-In"}]},{"RaceName":"Commonwealth's Attorney (PETERSBURG CITY)","PrecinctsReporting":8,"PrecinctsParticipating":8,"NumberOfSeats":1,"Candidates":[{"BallotName":"Tiffany Buckner","BallotOrder":1,"Votes":11409,"Percentage":"98.92%","PoliticalParty":""},{"BallotName":"Write In","BallotOrder":2147483647,"Votes":125,"Percentage":"1.08%","PoliticalParty":""}]},{"RaceName":"Member City Council (FOURTH WARD)","PrecinctsReporting":2,"PrecinctsParticipating":2,"NumberOfSeats":1,"Candidates":[{"BallotName":"Sam Jean","BallotOrder":1,"Votes":260,"Percentage":"13.87%","PoliticalParty":""},{"BallotName":"Charles H. Cuthbert Jr.","BallotOrder":2,"Votes":1009,"Percentage":"53.81%","PoliticalParty":""},{"BallotName":"Marcus Omar Squires","BallotOrder":3,"Votes":598,"Percentage":"31.89%","PoliticalParty":""},{"BallotName":"Write In","BallotOrder":2147483647,"Votes":8,"Percentage":"0.43%","PoliticalParty":""}]},{"RaceName":"Member City Council (SECOND WARD)","PrecinctsReporting":2,"PrecinctsParticipating":2,"NumberOfSeats":1,"Candidates":[{"BallotName":"Darrin L. Hill","BallotOrder":1,"Votes":1211,"Percentage":"49.84%","PoliticalParty":""},{"BallotName":"Marlow A. Jones Sr.","BallotOrder":2,"Votes":1207,"Percentage":"49.67%","PoliticalParty":""},{"BallotName":"Write In","BallotOrder":2147483647,"Votes":12,"Percentage":"0.49%","PoliticalParty":""}]},{"RaceName":"Member City Council (SIXTH WARD)","PrecinctsReporting":2,"PrecinctsParticipating":2,"NumberOfSeats":1,"Candidates":[{"BallotName":"Annette Smith-Lee","BallotOrder":1,"Votes":841,"Percentage":"53.16%","PoliticalParty":""},{"BallotName":"Patrick Ingram","BallotOrder":2,"Votes":733,"Percentage":"46.33%","PoliticalParty":""},{"BallotName":"Write In","BallotOrder":2147483647,"Votes":8,"Percentage":"0.51%","PoliticalParty":""}]},{"RaceName":"Member School Board  (FOURTH WARD)","PrecinctsReporting":2,"PrecinctsParticipating":2,"NumberOfSeats":1,"Candidates":[{"BallotName":"Celeste L. Wynn","BallotOrder":1,"Votes":1672,"Percentage":"98.88%","PoliticalParty":""},{"BallotName":"Write In","BallotOrder":2147483647,"Votes":19,"Percentage":"1.12%","PoliticalParty":""}]},{"RaceName":"Member School Board  (SECOND WARD)","PrecinctsReporting":2,"PrecinctsParticipating":2,"NumberOfSeats":1,"Candidates":[{"BallotName":"Hal B. Miles","BallotOrder":1,"Votes":2169,"Percentage":"99.27%","PoliticalParty":""},{"BallotName":"Write In","BallotOrder":2147483647,"Votes":16,"Percentage":"0.73%","PoliticalParty":""}]},{"RaceName":"Member School Board  (SIXTH WARD)","PrecinctsReporting":2,"PrecinctsParticipating":2,"NumberOfSeats":1,"Candidates":[{"BallotName":"Bernard J. Lundy Jr.","BallotOrder":1,"Votes":1487,"Percentage":"99.20%","PoliticalParty":""},{"BallotName":"Write In","BallotOrder":2147483647,"Votes":12,"Percentage":"0.80%","PoliticalParty":""}]},{"RaceName":"Constitutional Amendment #1","PrecinctsReporting":8,"PrecinctsParticipating":8,"NumberOfSeats":1,"Candidates":[{"BallotName":"Yes","BallotOrder":1,"Votes":8835,"Percentage":"67.25%","PoliticalParty":null},{"BallotName":"No","BallotOrder":2,"Votes":4302,"Percentage":"32.75%","PoliticalParty":null}]},{"RaceName":"Constitutional Amendment #2","PrecinctsReporting":8,"PrecinctsParticipating":8,"NumberOfSeats":1,"Candidates":[{"BallotName":"Yes","BallotOrder":1,"Votes":11236,"Percentage":"83.76%","PoliticalParty":null},{"BallotName":"No","BallotOrder":2,"Votes":2178,"Percentage":"16.24%","PoliticalParty":null}]}]}