{"ElectionName":"2020 November General","ElectionDate":"2020-11-03T00:00:00","CreateDate":"2020-11-24T11:20:49.5369956-05:00","Locality":{"LocalityName":"PITTSYLVANIA COUNTY","LocalityCode":"143"},"Races":[{"RaceName":"President and Vice President","PrecinctsReporting":30,"PrecinctsParticipating":30,"NumberOfSeats":1,"Candidates":[{"BallotName":"Joseph R. Biden","BallotOrder":1,"Votes":10115,"Percentage":"29.55%","PoliticalParty":"Democratic"},{"BallotName":"Donald J. Trump","BallotOrder":2,"Votes":23751,"Percentage":"69.39%","PoliticalParty":"Republican"},{"BallotName":"Jo Jorgensen","BallotOrder":3,"Votes":285,"Percentage":"0.83%","PoliticalParty":"Libertarian"},{"BallotName":"Write In","BallotOrder":2147483647,"Votes":76,"Percentage":"0.22%","PoliticalParty":"Write-In"}]},{"RaceName":"Member United States Senate","PrecinctsReporting":30,"PrecinctsParticipating":30,"NumberOfSeats":1,"Candidates":[{"BallotName":"Mark R. Warner","BallotOrder":1,"Votes":11509,"Percentage":"34.33%","PoliticalParty":"Democratic"},{"BallotName":"Daniel M. Gade","BallotOrder":2,"Votes":21993,"Percentage":"65.60%","PoliticalParty":"Republican"},{"BallotName":"Write In","BallotOrder":2147483647,"Votes":24,"Percentage":"0.07%","PoliticalParty":"Write-In"}]},{"RaceName":"Member House of Representatives (05)","PrecinctsReporting":30,"PrecinctsParticipating":30,"NumberOfSeats":1,"Candidates":[{"BallotName":"B. Cameron Webb","BallotOrder":1,"Votes":10832,"Percentage":"32.24%","PoliticalParty":"Democratic"},{"BallotName":"Robert G. \"Bob\" Good","BallotOrder":2,"Votes":22705,"Percentage":"67.57%","PoliticalParty":"Republican"},{"BallotName":"Write In","BallotOrder":2147483647,"Votes":65,"Percentage":"0.19%","PoliticalParty":"Write-In"}]},{"RaceName":"Mayor - Chatham (CHATHAM)","PrecinctsReporting":3,"PrecinctsParticipating":3,"NumberOfSeats":1,"Candidates":[{"BallotName":"William A. \"Will\" Pace, II","BallotOrder":1,"Votes":551,"Percentage":"97.18%","PoliticalParty":""},{"BallotName":"Write In","BallotOrder":2147483647,"Votes":16,"Percentage":"2.82%","PoliticalParty":""}]},{"RaceName":"Mayor - Gretna (GRETNA)","PrecinctsReporting":3,"PrecinctsParticipating":3,"NumberOfSeats":1,"Candidates":[{"BallotName":"R. Keith Motley","BallotOrder":1,"Votes":500,"Percentage":"97.47%","PoliticalParty":""},{"BallotName":"Write In","BallotOrder":2147483647,"Votes":13,"Percentage":"2.53%","PoliticalParty":""}]},{"RaceName":"Mayor - Hurt (HURT)","PrecinctsReporting":2,"PrecinctsParticipating":2,"NumberOfSeats":1,"Candidates":[{"BallotName":"Gary K. Hodnett","BallotOrder":1,"Votes":582,"Percentage":"94.94%","PoliticalParty":""},{"BallotName":"Write In","BallotOrder":2147483647,"Votes":31,"Percentage":"5.06%","PoliticalParty":""}]},{"RaceName":"Member Town Council - Chatham (CHATHAM)","PrecinctsReporting":3,"PrecinctsParticipating":3,"NumberOfSeats":3,"Candidates":[{"BallotName":"Irvin W. Perry","BallotOrder":1,"Votes":326,"Percentage":"38.31%","PoliticalParty":""},{"BallotName":"Robert B. Thompson","BallotOrder":2,"Votes":411,"Percentage":"48.30%","PoliticalParty":""},{"BallotName":"Matthew D. Bell","BallotOrder":3,"Votes":90,"Percentage":"10.58%","PoliticalParty":""},{"BallotName":"Write In","BallotOrder":2147483647,"Votes":24,"Percentage":"2.82%","PoliticalParty":""}]},{"RaceName":"Member Town Council - Gretna (GRETNA)","PrecinctsReporting":3,"PrecinctsParticipating":3,"NumberOfSeats":3,"Candidates":[{"BallotName":"James C. \"Jim\" Hunt","BallotOrder":1,"Votes":279,"Percentage":"26.67%","PoliticalParty":""},{"BallotName":"Dianne W. Jennings","BallotOrder":2,"Votes":357,"Percentage":"34.13%","PoliticalParty":""},{"BallotName":"James D. Gilbert","BallotOrder":3,"Votes":233,"Percentage":"22.28%","PoliticalParty":""},{"BallotName":"Write In","BallotOrder":2147483647,"Votes":177,"Percentage":"16.92%","PoliticalParty":""}]},{"RaceName":"Member, Town Council - Hurt (HURT)","PrecinctsReporting":2,"PrecinctsParticipating":2,"NumberOfSeats":3,"Candidates":[{"BallotName":"E. Collin Adams Jr.","BallotOrder":1,"Votes":384,"Percentage":"38.17%","PoliticalParty":""},{"BallotName":"Kathy Haymore Keesee","BallotOrder":2,"Votes":438,"Percentage":"43.54%","PoliticalParty":""},{"BallotName":"Lorraine L. Clay","BallotOrder":3,"Votes":72,"Percentage":"7.16%","PoliticalParty":""},{"BallotName":"Write In","BallotOrder":2147483647,"Votes":112,"Percentage":"11.13%","PoliticalParty":""}]},{"RaceName":"Constitutional Amendment #1","PrecinctsReporting":30,"PrecinctsParticipating":30,"NumberOfSeats":1,"Candidates":[{"BallotName":"Yes","BallotOrder":1,"Votes":22671,"Percentage":"70.19%","PoliticalParty":null},{"BallotName":"No","BallotOrder":2,"Votes":9628,"Percentage":"29.81%","PoliticalParty":null}]},{"RaceName":"Constitutional Amendment #2","PrecinctsReporting":30,"PrecinctsParticipating":30,"NumberOfSeats":1,"Candidates":[{"BallotName":"Yes","BallotOrder":1,"Votes":29625,"Percentage":"89.03%","PoliticalParty":null},{"BallotName":"No","BallotOrder":2,"Votes":3649,"Percentage":"10.97%","PoliticalParty":null}]}]}