{"ElectionName":"2020 November General","ElectionDate":"2020-11-03T00:00:00","CreateDate":"2020-11-24T11:20:49.5579946-05:00","Locality":{"LocalityName":"POQUOSON CITY","LocalityCode":"735"},"Races":[{"RaceName":"President and Vice President","PrecinctsReporting":4,"PrecinctsParticipating":4,"NumberOfSeats":1,"Candidates":[{"BallotName":"Joseph R. Biden","BallotOrder":1,"Votes":2054,"Percentage":"26.14%","PoliticalParty":"Democratic"},{"BallotName":"Donald J. Trump","BallotOrder":2,"Votes":5605,"Percentage":"71.34%","PoliticalParty":"Republican"},{"BallotName":"Jo Jorgensen","BallotOrder":3,"Votes":160,"Percentage":"2.04%","PoliticalParty":"Libertarian"},{"BallotName":"Write In","BallotOrder":2147483647,"Votes":38,"Percentage":"0.48%","PoliticalParty":"Write-In"}]},{"RaceName":"Member United States Senate","PrecinctsReporting":4,"PrecinctsParticipating":4,"NumberOfSeats":1,"Candidates":[{"BallotName":"Mark R. Warner","BallotOrder":1,"Votes":2212,"Percentage":"28.31%","PoliticalParty":"Democratic"},{"BallotName":"Daniel M. Gade","BallotOrder":2,"Votes":5594,"Percentage":"71.60%","PoliticalParty":"Republican"},{"BallotName":"Write In","BallotOrder":2147483647,"Votes":7,"Percentage":"0.09%","PoliticalParty":"Write-In"}]},{"RaceName":"Member House of Representatives (02)","PrecinctsReporting":4,"PrecinctsParticipating":4,"NumberOfSeats":1,"Candidates":[{"BallotName":"Elaine G. Luria","BallotOrder":1,"Votes":2094,"Percentage":"26.87%","PoliticalParty":"Democratic"},{"BallotName":"Scott W. Taylor","BallotOrder":2,"Votes":5457,"Percentage":"70.02%","PoliticalParty":"Republican"},{"BallotName":"David Bruce Foster","BallotOrder":3,"Votes":239,"Percentage":"3.07%","PoliticalParty":"Independent"},{"BallotName":"Write In","BallotOrder":2147483647,"Votes":4,"Percentage":"0.05%","PoliticalParty":"Write-In"}]},{"RaceName":"Mayor (POQUOSON CITY)","PrecinctsReporting":4,"PrecinctsParticipating":4,"NumberOfSeats":1,"Candidates":[{"BallotName":"Gordon C. Helsel Jr.","BallotOrder":1,"Votes":6930,"Percentage":"97.07%","PoliticalParty":""},{"BallotName":"Write In","BallotOrder":2147483647,"Votes":209,"Percentage":"2.93%","PoliticalParty":""}]},{"RaceName":"Member City Council - Central (POQUOSON CITY)","PrecinctsReporting":4,"PrecinctsParticipating":4,"NumberOfSeats":1,"Candidates":[{"BallotName":"Thomas Joseph Cannella II","BallotOrder":1,"Votes":6773,"Percentage":"98.22%","PoliticalParty":""},{"BallotName":"Write In","BallotOrder":2147483647,"Votes":123,"Percentage":"1.78%","PoliticalParty":""}]},{"RaceName":"Member City Council - Eastern (POQUOSON CITY)","PrecinctsReporting":4,"PrecinctsParticipating":4,"NumberOfSeats":1,"Candidates":[{"BallotName":"Jana D. Andrews","BallotOrder":1,"Votes":6569,"Percentage":"98.77%","PoliticalParty":""},{"BallotName":"Write In","BallotOrder":2147483647,"Votes":82,"Percentage":"1.23%","PoliticalParty":""}]},{"RaceName":"Member City Council - Western (POQUOSON CITY)","PrecinctsReporting":4,"PrecinctsParticipating":4,"NumberOfSeats":1,"Candidates":[{"BallotName":"David A. Hux","BallotOrder":1,"Votes":6606,"Percentage":"98.82%","PoliticalParty":""},{"BallotName":"Write In","BallotOrder":2147483647,"Votes":79,"Percentage":"1.18%","PoliticalParty":""}]},{"RaceName":"Constitutional Amendment #1","PrecinctsReporting":4,"PrecinctsParticipating":4,"NumberOfSeats":1,"Candidates":[{"BallotName":"Yes","BallotOrder":1,"Votes":5234,"Percentage":"70.53%","PoliticalParty":null},{"BallotName":"No","BallotOrder":2,"Votes":2187,"Percentage":"29.47%","PoliticalParty":null}]},{"RaceName":"Constitutional Amendment #2","PrecinctsReporting":4,"PrecinctsParticipating":4,"NumberOfSeats":1,"Candidates":[{"BallotName":"Yes","BallotOrder":1,"Votes":6678,"Percentage":"87.12%","PoliticalParty":null},{"BallotName":"No","BallotOrder":2,"Votes":987,"Percentage":"12.88%","PoliticalParty":null}]}]}