{"ElectionName":"2020 November General","ElectionDate":"2020-11-03T00:00:00","CreateDate":"2020-11-24T11:20:49.5869981-05:00","Locality":{"LocalityName":"PORTSMOUTH CITY","LocalityCode":"740"},"Races":[{"RaceName":"President and Vice President","PrecinctsReporting":32,"PrecinctsParticipating":32,"NumberOfSeats":1,"Candidates":[{"BallotName":"Joseph R. Biden","BallotOrder":1,"Votes":30948,"Percentage":"69.42%","PoliticalParty":"Democratic"},{"BallotName":"Donald J. Trump","BallotOrder":2,"Votes":12755,"Percentage":"28.61%","PoliticalParty":"Republican"},{"BallotName":"Jo Jorgensen","BallotOrder":3,"Votes":723,"Percentage":"1.62%","PoliticalParty":"Libertarian"},{"BallotName":"Write In","BallotOrder":2147483647,"Votes":156,"Percentage":"0.35%","PoliticalParty":"Write-In"}]},{"RaceName":"Member United States Senate","PrecinctsReporting":32,"PrecinctsParticipating":32,"NumberOfSeats":1,"Candidates":[{"BallotName":"Mark R. Warner","BallotOrder":1,"Votes":31520,"Percentage":"71.97%","PoliticalParty":"Democratic"},{"BallotName":"Daniel M. Gade","BallotOrder":2,"Votes":12241,"Percentage":"27.95%","PoliticalParty":"Republican"},{"BallotName":"Write In","BallotOrder":2147483647,"Votes":35,"Percentage":"0.08%","PoliticalParty":"Write-In"}]},{"RaceName":"Member House of Representatives (03)","PrecinctsReporting":32,"PrecinctsParticipating":32,"NumberOfSeats":1,"Candidates":[{"BallotName":"Robert C. \"Bobby\" Scott","BallotOrder":1,"Votes":30921,"Percentage":"71.11%","PoliticalParty":"Democratic"},{"BallotName":"John W. Collick Jr.","BallotOrder":2,"Votes":12497,"Percentage":"28.74%","PoliticalParty":"Republican"},{"BallotName":"Write In","BallotOrder":2147483647,"Votes":64,"Percentage":"0.15%","PoliticalParty":"Write-In"}]},{"RaceName":"Mayor (PORTSMOUTH CITY)","PrecinctsReporting":32,"PrecinctsParticipating":32,"NumberOfSeats":1,"Candidates":[{"BallotName":"H. Cliff Page, Jr.","BallotOrder":1,"Votes":952,"Percentage":"2.20%","PoliticalParty":""},{"BallotName":"Shannon E. Glover","BallotOrder":2,"Votes":15265,"Percentage":"35.26%","PoliticalParty":""},{"BallotName":"Donna B. Sayegh","BallotOrder":3,"Votes":631,"Percentage":"1.46%","PoliticalParty":""},{"BallotName":"Paul J. Battle","BallotOrder":4,"Votes":8823,"Percentage":"20.38%","PoliticalParty":""},{"BallotName":"Anthony W. \"Tony\" Goodwin","BallotOrder":5,"Votes":5085,"Percentage":"11.75%","PoliticalParty":""},{"BallotName":"Danny Wayne Meeks","BallotOrder":6,"Votes":12385,"Percentage":"28.61%","PoliticalParty":""},{"BallotName":"Write In","BallotOrder":2147483647,"Votes":148,"Percentage":"0.34%","PoliticalParty":""}]},{"RaceName":"Member City Council (PORTSMOUTH CITY)","PrecinctsReporting":32,"PrecinctsParticipating":32,"NumberOfSeats":3,"Candidates":[{"BallotName":"Ted J. Lamb","BallotOrder":1,"Votes":11314,"Percentage":"10.79%","PoliticalParty":""},{"BallotName":"Lisa L. Lucas-Burke","BallotOrder":2,"Votes":17086,"Percentage":"16.30%","PoliticalParty":""},{"BallotName":"De'Andre A. Barnes","BallotOrder":3,"Votes":17484,"Percentage":"16.68%","PoliticalParty":""},{"BallotName":"Dante' M. Walston","BallotOrder":4,"Votes":4544,"Percentage":"4.33%","PoliticalParty":""},{"BallotName":"Ambakey W. Bolden","BallotOrder":5,"Votes":2748,"Percentage":"2.62%","PoliticalParty":""},{"BallotName":"Edward L. Brown, Jr.","BallotOrder":6,"Votes":4594,"Percentage":"4.38%","PoliticalParty":""},{"BallotName":"Tamara L. Shewmake","BallotOrder":7,"Votes":13580,"Percentage":"12.95%","PoliticalParty":""},{"BallotName":"Nathan J. Clark","BallotOrder":8,"Votes":9332,"Percentage":"8.90%","PoliticalParty":""},{"BallotName":"Mark M. Whitaker","BallotOrder":9,"Votes":13815,"Percentage":"13.18%","PoliticalParty":""},{"BallotName":"Mark A. Hugel","BallotOrder":10,"Votes":10020,"Percentage":"9.56%","PoliticalParty":""},{"BallotName":"Write In","BallotOrder":2147483647,"Votes":334,"Percentage":"0.32%","PoliticalParty":""}]},{"RaceName":"Member School Board (PORTSMOUTH CITY)","PrecinctsReporting":32,"PrecinctsParticipating":32,"NumberOfSeats":5,"Candidates":[{"BallotName":"Barry R. Randall","BallotOrder":1,"Votes":11610,"Percentage":"8.11%","PoliticalParty":""},{"BallotName":"Willie J. Bamberg, II","BallotOrder":2,"Votes":12984,"Percentage":"9.07%","PoliticalParty":""},{"BallotName":"Vernon Lamont Tillage, Jr.","BallotOrder":3,"Votes":15386,"Percentage":"10.75%","PoliticalParty":""},{"BallotName":"Arnette D. \"Love\" McSwain","BallotOrder":4,"Votes":9872,"Percentage":"6.90%","PoliticalParty":""},{"BallotName":"Yolanda C. \"Edmonds\" Thomas","BallotOrder":5,"Votes":19238,"Percentage":"13.44%","PoliticalParty":""},{"BallotName":"Ingrid P. Whitaker","BallotOrder":6,"Votes":15773,"Percentage":"11.02%","PoliticalParty":""},{"BallotName":"Gary W. Bunting","BallotOrder":7,"Votes":11807,"Percentage":"8.25%","PoliticalParty":""},{"BallotName":"LaKeesha S. \"Klu\" Atkinson","BallotOrder":8,"Votes":15231,"Percentage":"10.64%","PoliticalParty":""},{"BallotName":"Sarah Duncan Hinds","BallotOrder":9,"Votes":18160,"Percentage":"12.69%","PoliticalParty":""},{"BallotName":"Angelia N. Allen","BallotOrder":10,"Votes":12561,"Percentage":"8.77%","PoliticalParty":""},{"BallotName":"Write In","BallotOrder":2147483647,"Votes":531,"Percentage":"0.37%","PoliticalParty":""}]},{"RaceName":"Constitutional Amendment #1","PrecinctsReporting":32,"PrecinctsParticipating":32,"NumberOfSeats":1,"Candidates":[{"BallotName":"Yes","BallotOrder":1,"Votes":26752,"Percentage":"63.63%","PoliticalParty":null},{"BallotName":"No","BallotOrder":2,"Votes":15294,"Percentage":"36.37%","PoliticalParty":null}]},{"RaceName":"Constitutional Amendment #2","PrecinctsReporting":32,"PrecinctsParticipating":32,"NumberOfSeats":1,"Candidates":[{"BallotName":"Yes","BallotOrder":1,"Votes":37263,"Percentage":"85.72%","PoliticalParty":null},{"BallotName":"No","BallotOrder":2,"Votes":6208,"Percentage":"14.28%","PoliticalParty":null}]},{"RaceName":"Casino Gaming (PORTSMOUTH CITY)","PrecinctsReporting":32,"PrecinctsParticipating":32,"NumberOfSeats":1,"Candidates":[{"BallotName":"Yes","BallotOrder":1,"Votes":29169,"Percentage":"66.75%","PoliticalParty":null},{"BallotName":"No","BallotOrder":2,"Votes":14530,"Percentage":"33.25%","PoliticalParty":null}]}]}