{"ElectionName":"2020 November General","ElectionDate":"2020-11-03T00:00:00","CreateDate":"2020-11-24T11:20:49.6070006-05:00","Locality":{"LocalityName":"POWHATAN COUNTY","LocalityCode":"145"},"Races":[{"RaceName":"President and Vice President","PrecinctsReporting":13,"PrecinctsParticipating":13,"NumberOfSeats":1,"Candidates":[{"BallotName":"Joseph R. Biden","BallotOrder":1,"Votes":5320,"Percentage":"26.96%","PoliticalParty":"Democratic"},{"BallotName":"Donald J. Trump","BallotOrder":2,"Votes":14055,"Percentage":"71.24%","PoliticalParty":"Republican"},{"BallotName":"Jo Jorgensen","BallotOrder":3,"Votes":321,"Percentage":"1.63%","PoliticalParty":"Libertarian"},{"BallotName":"Write In","BallotOrder":2147483647,"Votes":34,"Percentage":"0.17%","PoliticalParty":"Write-In"}]},{"RaceName":"Member United States Senate","PrecinctsReporting":13,"PrecinctsParticipating":13,"NumberOfSeats":1,"Candidates":[{"BallotName":"Mark R. Warner","BallotOrder":1,"Votes":5660,"Percentage":"28.82%","PoliticalParty":"Democratic"},{"BallotName":"Daniel M. Gade","BallotOrder":2,"Votes":13972,"Percentage":"71.14%","PoliticalParty":"Republican"},{"BallotName":"Write In","BallotOrder":2147483647,"Votes":8,"Percentage":"0.04%","PoliticalParty":"Write-In"}]},{"RaceName":"Member House of Representatives (07)","PrecinctsReporting":13,"PrecinctsParticipating":13,"NumberOfSeats":1,"Candidates":[{"BallotName":"Abigail A. Spanberger","BallotOrder":1,"Votes":5749,"Percentage":"29.30%","PoliticalParty":"Democratic"},{"BallotName":"Nick J. Freitas","BallotOrder":2,"Votes":13855,"Percentage":"70.62%","PoliticalParty":"Republican"},{"BallotName":"Write In","BallotOrder":2147483647,"Votes":14,"Percentage":"0.07%","PoliticalParty":"Write-In"}]},{"RaceName":"Constitutional Amendment #1","PrecinctsReporting":13,"PrecinctsParticipating":13,"NumberOfSeats":1,"Candidates":[{"BallotName":"Yes","BallotOrder":1,"Votes":13632,"Percentage":"73.03%","PoliticalParty":null},{"BallotName":"No","BallotOrder":2,"Votes":5035,"Percentage":"26.97%","PoliticalParty":null}]},{"RaceName":"Constitutional Amendment #2","PrecinctsReporting":13,"PrecinctsParticipating":13,"NumberOfSeats":1,"Candidates":[{"BallotName":"Yes","BallotOrder":1,"Votes":17269,"Percentage":"90.62%","PoliticalParty":null},{"BallotName":"No","BallotOrder":2,"Votes":1787,"Percentage":"9.38%","PoliticalParty":null}]}]}