{"ElectionName":"2020 November General","ElectionDate":"2020-11-03T00:00:00","CreateDate":"2020-11-24T11:20:49.6540038-05:00","Locality":{"LocalityName":"PRINCE GEORGE COUNTY","LocalityCode":"149"},"Races":[{"RaceName":"President and Vice President","PrecinctsReporting":11,"PrecinctsParticipating":11,"NumberOfSeats":1,"Candidates":[{"BallotName":"Joseph R. Biden","BallotOrder":1,"Votes":7103,"Percentage":"40.75%","PoliticalParty":"Democratic"},{"BallotName":"Donald J. Trump","BallotOrder":2,"Votes":10103,"Percentage":"57.96%","PoliticalParty":"Republican"},{"BallotName":"Jo Jorgensen","BallotOrder":3,"Votes":195,"Percentage":"1.12%","PoliticalParty":"Libertarian"},{"BallotName":"Write In","BallotOrder":2147483647,"Votes":31,"Percentage":"0.18%","PoliticalParty":"Write-In"}]},{"RaceName":"Member United States Senate","PrecinctsReporting":11,"PrecinctsParticipating":11,"NumberOfSeats":1,"Candidates":[{"BallotName":"Mark R. Warner","BallotOrder":1,"Votes":7199,"Percentage":"42.22%","PoliticalParty":"Democratic"},{"BallotName":"Daniel M. Gade","BallotOrder":2,"Votes":9842,"Percentage":"57.72%","PoliticalParty":"Republican"},{"BallotName":"Write In","BallotOrder":2147483647,"Votes":10,"Percentage":"0.06%","PoliticalParty":"Write-In"}]},{"RaceName":"Member House of Representatives (04)","PrecinctsReporting":11,"PrecinctsParticipating":11,"NumberOfSeats":1,"Candidates":[{"BallotName":"A. Donald McEachin","BallotOrder":1,"Votes":7080,"Percentage":"41.94%","PoliticalParty":"Democratic"},{"BallotName":"Leon Benjamin Sr.","BallotOrder":2,"Votes":9781,"Percentage":"57.94%","PoliticalParty":"Republican"},{"BallotName":"Write In","BallotOrder":2147483647,"Votes":20,"Percentage":"0.12%","PoliticalParty":"Write-In"}]},{"RaceName":"Constitutional Amendment #1","PrecinctsReporting":11,"PrecinctsParticipating":11,"NumberOfSeats":1,"Candidates":[{"BallotName":"Yes","BallotOrder":1,"Votes":11443,"Percentage":"68.67%","PoliticalParty":null},{"BallotName":"No","BallotOrder":2,"Votes":5220,"Percentage":"31.33%","PoliticalParty":null}]},{"RaceName":"Constitutional Amendment #2","PrecinctsReporting":11,"PrecinctsParticipating":11,"NumberOfSeats":1,"Candidates":[{"BallotName":"Yes","BallotOrder":1,"Votes":15055,"Percentage":"88.14%","PoliticalParty":null},{"BallotName":"No","BallotOrder":2,"Votes":2025,"Percentage":"11.86%","PoliticalParty":null}]}]}