{"ElectionName":"2020 November General","ElectionDate":"2020-11-03T00:00:00","CreateDate":"2020-11-24T11:20:49.6700087-05:00","Locality":{"LocalityName":"PRINCE WILLIAM COUNTY","LocalityCode":"153"},"Races":[{"RaceName":"President and Vice President","PrecinctsReporting":94,"PrecinctsParticipating":94,"NumberOfSeats":1,"Candidates":[{"BallotName":"Joseph R. Biden","BallotOrder":1,"Votes":142863,"Percentage":"62.64%","PoliticalParty":"Democratic"},{"BallotName":"Donald J. Trump","BallotOrder":2,"Votes":81222,"Percentage":"35.61%","PoliticalParty":"Republican"},{"BallotName":"Jo Jorgensen","BallotOrder":3,"Votes":3242,"Percentage":"1.42%","PoliticalParty":"Libertarian"},{"BallotName":"Write In","BallotOrder":2147483647,"Votes":729,"Percentage":"0.32%","PoliticalParty":"Write-In"}]},{"RaceName":"Member United States Senate","PrecinctsReporting":94,"PrecinctsParticipating":94,"NumberOfSeats":1,"Candidates":[{"BallotName":"Mark R. Warner","BallotOrder":1,"Votes":144162,"Percentage":"64.24%","PoliticalParty":"Democratic"},{"BallotName":"Daniel M. Gade","BallotOrder":2,"Votes":80070,"Percentage":"35.68%","PoliticalParty":"Republican"},{"BallotName":"Write In","BallotOrder":2147483647,"Votes":183,"Percentage":"0.08%","PoliticalParty":"Write-In"}]},{"RaceName":"Member House of Representatives (01)","PrecinctsReporting":44,"PrecinctsParticipating":44,"NumberOfSeats":1,"Candidates":[{"BallotName":"Qasim Rashid","BallotOrder":1,"Votes":50610,"Percentage":"53.36%","PoliticalParty":"Democratic"},{"BallotName":"Robert J. Wittman","BallotOrder":2,"Votes":44094,"Percentage":"46.49%","PoliticalParty":"Republican"},{"BallotName":"Write In","BallotOrder":2147483647,"Votes":143,"Percentage":"0.15%","PoliticalParty":"Write-In"}]},{"RaceName":"Member House of Representatives (10)","PrecinctsReporting":16,"PrecinctsParticipating":16,"NumberOfSeats":1,"Candidates":[{"BallotName":"Jennifer T. Wexton","BallotOrder":1,"Votes":21383,"Percentage":"51.37%","PoliticalParty":"Democratic"},{"BallotName":"Aliscia N. Andrews","BallotOrder":2,"Votes":20195,"Percentage":"48.52%","PoliticalParty":"Republican"},{"BallotName":"Write In","BallotOrder":2147483647,"Votes":46,"Percentage":"0.11%","PoliticalParty":"Write-In"}]},{"RaceName":"Member House of Representatives (11)","PrecinctsReporting":41,"PrecinctsParticipating":41,"NumberOfSeats":1,"Candidates":[{"BallotName":"Gerald E. \"Gerry\" Connolly","BallotOrder":1,"Votes":65870,"Percentage":"74.86%","PoliticalParty":"Democratic"},{"BallotName":"Manga A. Anantatmula","BallotOrder":2,"Votes":21913,"Percentage":"24.91%","PoliticalParty":"Republican"},{"BallotName":"Write In","BallotOrder":2147483647,"Votes":203,"Percentage":"0.23%","PoliticalParty":"Write-In"}]},{"RaceName":"Member Town Council - Dumfries (DUMFRIES)","PrecinctsReporting":2,"PrecinctsParticipating":2,"NumberOfSeats":3,"Candidates":[{"BallotName":"Brian K. Fields","BallotOrder":1,"Votes":843,"Percentage":"33.02%","PoliticalParty":""},{"BallotName":"Tyrone A. Brown","BallotOrder":2,"Votes":838,"Percentage":"32.82%","PoliticalParty":""},{"BallotName":"Shaun R. Peet","BallotOrder":3,"Votes":780,"Percentage":"30.55%","PoliticalParty":""},{"BallotName":"Write In","BallotOrder":2147483647,"Votes":92,"Percentage":"3.60%","PoliticalParty":""}]},{"RaceName":"Constitutional Amendment #1","PrecinctsReporting":94,"PrecinctsParticipating":94,"NumberOfSeats":1,"Candidates":[{"BallotName":"Yes","BallotOrder":1,"Votes":131777,"Percentage":"60.32%","PoliticalParty":null},{"BallotName":"No","BallotOrder":2,"Votes":86674,"Percentage":"39.68%","PoliticalParty":null}]},{"RaceName":"Constitutional Amendment #2","PrecinctsReporting":94,"PrecinctsParticipating":94,"NumberOfSeats":1,"Candidates":[{"BallotName":"Yes","BallotOrder":1,"Votes":189487,"Percentage":"86.20%","PoliticalParty":null},{"BallotName":"No","BallotOrder":2,"Votes":30343,"Percentage":"13.80%","PoliticalParty":null}]}]}