{"ElectionName":"2020 November General","ElectionDate":"2020-11-03T00:00:00","CreateDate":"2020-11-24T11:20:49.6350083-05:00","Locality":{"LocalityName":"PRINCE EDWARD COUNTY","LocalityCode":"147"},"Races":[{"RaceName":"President and Vice President","PrecinctsReporting":11,"PrecinctsParticipating":11,"NumberOfSeats":1,"Candidates":[{"BallotName":"Joseph R. Biden","BallotOrder":1,"Votes":4973,"Percentage":"51.94%","PoliticalParty":"Democratic"},{"BallotName":"Donald J. Trump","BallotOrder":2,"Votes":4434,"Percentage":"46.31%","PoliticalParty":"Republican"},{"BallotName":"Jo Jorgensen","BallotOrder":3,"Votes":136,"Percentage":"1.42%","PoliticalParty":"Libertarian"},{"BallotName":"Write In","BallotOrder":2147483647,"Votes":31,"Percentage":"0.32%","PoliticalParty":"Write-In"}]},{"RaceName":"Member United States Senate","PrecinctsReporting":11,"PrecinctsParticipating":11,"NumberOfSeats":1,"Candidates":[{"BallotName":"Mark R. Warner","BallotOrder":1,"Votes":5195,"Percentage":"54.68%","PoliticalParty":"Democratic"},{"BallotName":"Daniel M. Gade","BallotOrder":2,"Votes":4291,"Percentage":"45.17%","PoliticalParty":"Republican"},{"BallotName":"Write In","BallotOrder":2147483647,"Votes":14,"Percentage":"0.15%","PoliticalParty":"Write-In"}]},{"RaceName":"Member House of Representatives (05)","PrecinctsReporting":11,"PrecinctsParticipating":11,"NumberOfSeats":1,"Candidates":[{"BallotName":"B. Cameron Webb","BallotOrder":1,"Votes":5066,"Percentage":"53.68%","PoliticalParty":"Democratic"},{"BallotName":"Robert G. \"Bob\" Good","BallotOrder":2,"Votes":4350,"Percentage":"46.09%","PoliticalParty":"Republican"},{"BallotName":"Write In","BallotOrder":2147483647,"Votes":22,"Percentage":"0.23%","PoliticalParty":"Write-In"}]},{"RaceName":"Constitutional Amendment #1","PrecinctsReporting":11,"PrecinctsParticipating":11,"NumberOfSeats":1,"Candidates":[{"BallotName":"Yes","BallotOrder":1,"Votes":6303,"Percentage":"70.09%","PoliticalParty":null},{"BallotName":"No","BallotOrder":2,"Votes":2690,"Percentage":"29.91%","PoliticalParty":null}]},{"RaceName":"Constitutional Amendment #2","PrecinctsReporting":11,"PrecinctsParticipating":11,"NumberOfSeats":1,"Candidates":[{"BallotName":"Yes","BallotOrder":1,"Votes":7867,"Percentage":"85.21%","PoliticalParty":null},{"BallotName":"No","BallotOrder":2,"Votes":1366,"Percentage":"14.79%","PoliticalParty":null}]}]}