{"ElectionName":"2020 November General","ElectionDate":"2020-11-03T00:00:00","CreateDate":"2020-11-24T11:20:49.6990057-05:00","Locality":{"LocalityName":"PULASKI COUNTY","LocalityCode":"155"},"Races":[{"RaceName":"President and Vice President","PrecinctsReporting":13,"PrecinctsParticipating":13,"NumberOfSeats":1,"Candidates":[{"BallotName":"Joseph R. Biden","BallotOrder":1,"Votes":4925,"Percentage":"28.34%","PoliticalParty":"Democratic"},{"BallotName":"Donald J. Trump","BallotOrder":2,"Votes":12127,"Percentage":"69.79%","PoliticalParty":"Republican"},{"BallotName":"Jo Jorgensen","BallotOrder":3,"Votes":275,"Percentage":"1.58%","PoliticalParty":"Libertarian"},{"BallotName":"Write In","BallotOrder":2147483647,"Votes":49,"Percentage":"0.28%","PoliticalParty":"Write-In"}]},{"RaceName":"Member United States Senate","PrecinctsReporting":13,"PrecinctsParticipating":13,"NumberOfSeats":1,"Candidates":[{"BallotName":"Mark R. Warner","BallotOrder":1,"Votes":5941,"Percentage":"34.63%","PoliticalParty":"Democratic"},{"BallotName":"Daniel M. Gade","BallotOrder":2,"Votes":11203,"Percentage":"65.29%","PoliticalParty":"Republican"},{"BallotName":"Write In","BallotOrder":2147483647,"Votes":14,"Percentage":"0.08%","PoliticalParty":"Write-In"}]},{"RaceName":"Member House of Representatives (09)","PrecinctsReporting":13,"PrecinctsParticipating":13,"NumberOfSeats":1,"Candidates":[{"BallotName":"H. Morgan Griffith","BallotOrder":1,"Votes":13869,"Percentage":"94.71%","PoliticalParty":"Republican"},{"BallotName":"Write In","BallotOrder":2147483647,"Votes":774,"Percentage":"5.29%","PoliticalParty":"Write-In"}]},{"RaceName":"Commonwealth's Attorney (PULASKI COUNTY)","PrecinctsReporting":13,"PrecinctsParticipating":13,"NumberOfSeats":1,"Candidates":[{"BallotName":"Justin L. Griffith","BallotOrder":1,"Votes":13159,"Percentage":"93.83%","PoliticalParty":""},{"BallotName":"Write In","BallotOrder":2147483647,"Votes":865,"Percentage":"6.17%","PoliticalParty":""}]},{"RaceName":"Constitutional Amendment #1","PrecinctsReporting":13,"PrecinctsParticipating":13,"NumberOfSeats":1,"Candidates":[{"BallotName":"Yes","BallotOrder":1,"Votes":11458,"Percentage":"69.63%","PoliticalParty":null},{"BallotName":"No","BallotOrder":2,"Votes":4998,"Percentage":"30.37%","PoliticalParty":null}]},{"RaceName":"Constitutional Amendment #2","PrecinctsReporting":13,"PrecinctsParticipating":13,"NumberOfSeats":1,"Candidates":[{"BallotName":"Yes","BallotOrder":1,"Votes":15475,"Percentage":"90.65%","PoliticalParty":null},{"BallotName":"No","BallotOrder":2,"Votes":1597,"Percentage":"9.35%","PoliticalParty":null}]}]}