{"ElectionName":"2020 November General","ElectionDate":"2020-11-03T00:00:00","CreateDate":"2020-11-24T11:20:49.7680118-05:00","Locality":{"LocalityName":"RAPPAHANNOCK COUNTY","LocalityCode":"157"},"Races":[{"RaceName":"President and Vice President","PrecinctsReporting":7,"PrecinctsParticipating":7,"NumberOfSeats":1,"Candidates":[{"BallotName":"Joseph R. Biden","BallotOrder":1,"Votes":2096,"Percentage":"42.11%","PoliticalParty":"Democratic"},{"BallotName":"Donald J. Trump","BallotOrder":2,"Votes":2812,"Percentage":"56.49%","PoliticalParty":"Republican"},{"BallotName":"Jo Jorgensen","BallotOrder":3,"Votes":56,"Percentage":"1.12%","PoliticalParty":"Libertarian"},{"BallotName":"Write In","BallotOrder":2147483647,"Votes":14,"Percentage":"0.28%","PoliticalParty":"Write-In"}]},{"RaceName":"Member United States Senate","PrecinctsReporting":7,"PrecinctsParticipating":7,"NumberOfSeats":1,"Candidates":[{"BallotName":"Mark R. Warner","BallotOrder":1,"Votes":2219,"Percentage":"44.76%","PoliticalParty":"Democratic"},{"BallotName":"Daniel M. Gade","BallotOrder":2,"Votes":2734,"Percentage":"55.15%","PoliticalParty":"Republican"},{"BallotName":"Write In","BallotOrder":2147483647,"Votes":4,"Percentage":"0.08%","PoliticalParty":"Write-In"}]},{"RaceName":"Member House of Representatives (05)","PrecinctsReporting":7,"PrecinctsParticipating":7,"NumberOfSeats":1,"Candidates":[{"BallotName":"B. Cameron Webb","BallotOrder":1,"Votes":2157,"Percentage":"43.58%","PoliticalParty":"Democratic"},{"BallotName":"Robert G. \"Bob\" Good","BallotOrder":2,"Votes":2775,"Percentage":"56.07%","PoliticalParty":"Republican"},{"BallotName":"Write In","BallotOrder":2147483647,"Votes":17,"Percentage":"0.34%","PoliticalParty":"Write-In"}]},{"RaceName":"Constitutional Amendment #1","PrecinctsReporting":7,"PrecinctsParticipating":7,"NumberOfSeats":1,"Candidates":[{"BallotName":"Yes","BallotOrder":1,"Votes":3148,"Percentage":"67.74%","PoliticalParty":null},{"BallotName":"No","BallotOrder":2,"Votes":1499,"Percentage":"32.26%","PoliticalParty":null}]},{"RaceName":"Constitutional Amendment #2","PrecinctsReporting":7,"PrecinctsParticipating":7,"NumberOfSeats":1,"Candidates":[{"BallotName":"Yes","BallotOrder":1,"Votes":4130,"Percentage":"86.33%","PoliticalParty":null},{"BallotName":"No","BallotOrder":2,"Votes":654,"Percentage":"13.67%","PoliticalParty":null}]}]}