{"ElectionName":"2020 November General","ElectionDate":"2020-11-03T00:00:00","CreateDate":"2020-11-24T11:20:49.7970127-05:00","Locality":{"LocalityName":"RICHMOND CITY","LocalityCode":"760"},"Races":[{"RaceName":"President and Vice President","PrecinctsReporting":70,"PrecinctsParticipating":70,"NumberOfSeats":1,"Candidates":[{"BallotName":"Joseph R. Biden","BallotOrder":1,"Votes":92175,"Percentage":"82.92%","PoliticalParty":"Democratic"},{"BallotName":"Donald J. Trump","BallotOrder":2,"Votes":16603,"Percentage":"14.94%","PoliticalParty":"Republican"},{"BallotName":"Jo Jorgensen","BallotOrder":3,"Votes":1691,"Percentage":"1.52%","PoliticalParty":"Libertarian"},{"BallotName":"Write In","BallotOrder":2147483647,"Votes":690,"Percentage":"0.62%","PoliticalParty":"Write-In"}]},{"RaceName":"Member United States Senate","PrecinctsReporting":70,"PrecinctsParticipating":70,"NumberOfSeats":1,"Candidates":[{"BallotName":"Mark R. Warner","BallotOrder":1,"Votes":91222,"Percentage":"83.27%","PoliticalParty":"Democratic"},{"BallotName":"Daniel M. Gade","BallotOrder":2,"Votes":18205,"Percentage":"16.62%","PoliticalParty":"Republican"},{"BallotName":"Write In","BallotOrder":2147483647,"Votes":124,"Percentage":"0.11%","PoliticalParty":"Write-In"}]},{"RaceName":"Member House of Representatives (04)","PrecinctsReporting":70,"PrecinctsParticipating":70,"NumberOfSeats":1,"Candidates":[{"BallotName":"A. Donald McEachin","BallotOrder":1,"Votes":89273,"Percentage":"82.04%","PoliticalParty":"Democratic"},{"BallotName":"Leon Benjamin Sr.","BallotOrder":2,"Votes":19368,"Percentage":"17.80%","PoliticalParty":"Republican"},{"BallotName":"Write In","BallotOrder":2147483647,"Votes":169,"Percentage":"0.16%","PoliticalParty":"Write-In"}]},{"RaceName":"Mayor (RICHMOND CITY)","PrecinctsReporting":70,"PrecinctsParticipating":70,"NumberOfSeats":1,"Candidates":[{"BallotName":"Kimberly B. \"Kim\" Gray","BallotOrder":1,"Votes":28478,"Percentage":"26.11%","PoliticalParty":""},{"BallotName":"Levar M. Stoney","BallotOrder":2,"Votes":41145,"Percentage":"37.72%","PoliticalParty":""},{"BallotName":"M. Justin Griffin","BallotOrder":3,"Votes":7786,"Percentage":"7.14%","PoliticalParty":""},{"BallotName":"Alexsis E. Rodgers","BallotOrder":4,"Votes":28885,"Percentage":"26.48%","PoliticalParty":""},{"BallotName":"Tracey V. McLean","BallotOrder":5,"Votes":1099,"Percentage":"1.01%","PoliticalParty":""},{"BallotName":"Michael J. Gilbert","BallotOrder":6,"Votes":1473,"Percentage":"1.35%","PoliticalParty":""},{"BallotName":"Write In","BallotOrder":2147483647,"Votes":220,"Percentage":"0.20%","PoliticalParty":""}]},{"RaceName":"Member City Council (DISTRICT 1)","PrecinctsReporting":11,"PrecinctsParticipating":11,"NumberOfSeats":1,"Candidates":[{"BallotName":"Michael R. Dickinson","BallotOrder":1,"Votes":1842,"Percentage":"12.71%","PoliticalParty":""},{"BallotName":"Andreas D. Addison","BallotOrder":2,"Votes":7001,"Percentage":"48.30%","PoliticalParty":""},{"BallotName":"Michael C. \"Mike\" Gray","BallotOrder":3,"Votes":5538,"Percentage":"38.20%","PoliticalParty":""},{"BallotName":"Write In","BallotOrder":2147483647,"Votes":115,"Percentage":"0.79%","PoliticalParty":""}]},{"RaceName":"Member City Council (DISTRICT 2)","PrecinctsReporting":9,"PrecinctsParticipating":9,"NumberOfSeats":1,"Candidates":[{"BallotName":"Katherine L. Jordan","BallotOrder":1,"Votes":7236,"Percentage":"54.28%","PoliticalParty":""},{"BallotName":"Tavarris J. Spinks","BallotOrder":2,"Votes":5992,"Percentage":"44.94%","PoliticalParty":""},{"BallotName":"Write In","BallotOrder":2147483647,"Votes":104,"Percentage":"0.78%","PoliticalParty":""}]},{"RaceName":"Member City Council (DISTRICT 3)","PrecinctsReporting":11,"PrecinctsParticipating":11,"NumberOfSeats":1,"Candidates":[{"BallotName":"Elaine T. Summerfield","BallotOrder":1,"Votes":3708,"Percentage":"35.23%","PoliticalParty":""},{"BallotName":"Willie Edward Hilliard, J","BallotOrder":2,"Votes":2850,"Percentage":"27.08%","PoliticalParty":""},{"BallotName":"Ann-Frances Lambert","BallotOrder":3,"Votes":3908,"Percentage":"37.13%","PoliticalParty":""},{"BallotName":"Write In","BallotOrder":2147483647,"Votes":59,"Percentage":"0.56%","PoliticalParty":""}]},{"RaceName":"Member City Council (DISTRICT 4)","PrecinctsReporting":9,"PrecinctsParticipating":9,"NumberOfSeats":1,"Candidates":[{"BallotName":"Kristen Nye Larson","BallotOrder":1,"Votes":12760,"Percentage":"97.33%","PoliticalParty":""},{"BallotName":"Write In","BallotOrder":2147483647,"Votes":350,"Percentage":"2.67%","PoliticalParty":""}]},{"RaceName":"Member City Council (DISTRICT 5)","PrecinctsReporting":8,"PrecinctsParticipating":8,"NumberOfSeats":1,"Candidates":[{"BallotName":"Jer'mykeal D. McCoy","BallotOrder":1,"Votes":2686,"Percentage":"21.83%","PoliticalParty":""},{"BallotName":"Stephanie A. Lynch","BallotOrder":2,"Votes":7077,"Percentage":"57.53%","PoliticalParty":""},{"BallotName":"Nicholas S. Da Silva","BallotOrder":3,"Votes":1096,"Percentage":"8.91%","PoliticalParty":""},{"BallotName":"Mamie L. Taylor","BallotOrder":4,"Votes":1315,"Percentage":"10.69%","PoliticalParty":""},{"BallotName":"Write In","BallotOrder":2147483647,"Votes":128,"Percentage":"1.04%","PoliticalParty":""}]},{"RaceName":"Member City Council (DISTRICT 6)","PrecinctsReporting":8,"PrecinctsParticipating":8,"NumberOfSeats":1,"Candidates":[{"BallotName":"Ellen F. Robertson","BallotOrder":1,"Votes":6530,"Percentage":"63.15%","PoliticalParty":""},{"BallotName":"Allan-Charles R. Chipman","BallotOrder":2,"Votes":3762,"Percentage":"36.38%","PoliticalParty":""},{"BallotName":"Write In","BallotOrder":2147483647,"Votes":49,"Percentage":"0.47%","PoliticalParty":""}]},{"RaceName":"Member City Council (DISTRICT 7)","PrecinctsReporting":8,"PrecinctsParticipating":8,"NumberOfSeats":1,"Candidates":[{"BallotName":"Cynthia I. Newbille","BallotOrder":1,"Votes":7613,"Percentage":"61.15%","PoliticalParty":""},{"BallotName":"Joseph S.H. Rogers","BallotOrder":2,"Votes":4764,"Percentage":"38.27%","PoliticalParty":""},{"BallotName":"Write In","BallotOrder":2147483647,"Votes":72,"Percentage":"0.58%","PoliticalParty":""}]},{"RaceName":"Member City Council (DISTRICT 8)","PrecinctsReporting":7,"PrecinctsParticipating":7,"NumberOfSeats":1,"Candidates":[{"BallotName":"Reva M. Trammell","BallotOrder":1,"Votes":4262,"Percentage":"51.49%","PoliticalParty":""},{"BallotName":"Amy C. Wentz","BallotOrder":2,"Votes":3385,"Percentage":"40.89%","PoliticalParty":""},{"BallotName":"Regie D. Ford","BallotOrder":3,"Votes":619,"Percentage":"7.48%","PoliticalParty":""},{"BallotName":"Write In","BallotOrder":2147483647,"Votes":12,"Percentage":"0.14%","PoliticalParty":""}]},{"RaceName":"Member City Council (DISTRICT 9)","PrecinctsReporting":7,"PrecinctsParticipating":7,"NumberOfSeats":1,"Candidates":[{"BallotName":"Michael J. Jones","BallotOrder":1,"Votes":7221,"Percentage":"98.43%","PoliticalParty":""},{"BallotName":"Write In","BallotOrder":2147483647,"Votes":115,"Percentage":"1.57%","PoliticalParty":""}]},{"RaceName":"Member School Board (DISTRICT 1)","PrecinctsReporting":11,"PrecinctsParticipating":11,"NumberOfSeats":1,"Candidates":[{"BallotName":"Liz B. Doerr","BallotOrder":1,"Votes":12964,"Percentage":"97.65%","PoliticalParty":""},{"BallotName":"Write In","BallotOrder":2147483647,"Votes":312,"Percentage":"2.35%","PoliticalParty":""}]},{"RaceName":"Member School Board (DISTRICT 2)","PrecinctsReporting":9,"PrecinctsParticipating":9,"NumberOfSeats":1,"Candidates":[{"BallotName":"Mariah L. White","BallotOrder":1,"Votes":7454,"Percentage":"58.02%","PoliticalParty":""},{"BallotName":"J. Scott Barlow","BallotOrder":2,"Votes":5282,"Percentage":"41.11%","PoliticalParty":""},{"BallotName":"Write In","BallotOrder":2147483647,"Votes":111,"Percentage":"0.86%","PoliticalParty":""}]},{"RaceName":"Member School Board (DISTRICT 3)","PrecinctsReporting":11,"PrecinctsParticipating":11,"NumberOfSeats":1,"Candidates":[{"BallotName":"Sabrina J. Gross ","BallotOrder":1,"Votes":3858,"Percentage":"37.28%","PoliticalParty":""},{"BallotName":"Kenya J. Gibson","BallotOrder":2,"Votes":6426,"Percentage":"62.10%","PoliticalParty":""},{"BallotName":"Write In","BallotOrder":2147483647,"Votes":64,"Percentage":"0.62%","PoliticalParty":""}]},{"RaceName":"Member School Board (DISTRICT 4)","PrecinctsReporting":9,"PrecinctsParticipating":9,"NumberOfSeats":1,"Candidates":[{"BallotName":"Deanna Fierro","BallotOrder":1,"Votes":6188,"Percentage":"42.75%","PoliticalParty":""},{"BallotName":"Jonathan M. Young","BallotOrder":2,"Votes":8219,"Percentage":"56.78%","PoliticalParty":""},{"BallotName":"Write In","BallotOrder":2147483647,"Votes":67,"Percentage":"0.46%","PoliticalParty":""}]},{"RaceName":"Member School Board (DISTRICT 5)","PrecinctsReporting":8,"PrecinctsParticipating":8,"NumberOfSeats":1,"Candidates":[{"BallotName":"Stephanie M. Rizzi","BallotOrder":1,"Votes":6390,"Percentage":"54.31%","PoliticalParty":""},{"BallotName":"David F. Jones Sr.","BallotOrder":2,"Votes":1164,"Percentage":"9.89%","PoliticalParty":""},{"BallotName":"Jenny A. Aghomo","BallotOrder":3,"Votes":818,"Percentage":"6.95%","PoliticalParty":""},{"BallotName":"Decardra L. Jackson","BallotOrder":4,"Votes":3305,"Percentage":"28.09%","PoliticalParty":""},{"BallotName":"Write In","BallotOrder":2147483647,"Votes":89,"Percentage":"0.76%","PoliticalParty":""}]},{"RaceName":"Member School Board (DISTRICT 6)","PrecinctsReporting":8,"PrecinctsParticipating":8,"NumberOfSeats":1,"Candidates":[{"BallotName":"Lynette R. Plummer","BallotOrder":1,"Votes":2380,"Percentage":"23.67%","PoliticalParty":""},{"BallotName":"Timika S. Vincent","BallotOrder":2,"Votes":3612,"Percentage":"35.92%","PoliticalParty":""},{"BallotName":"Shonda Matia Harris-Muham","BallotOrder":3,"Votes":4009,"Percentage":"39.87%","PoliticalParty":""},{"BallotName":"Write In","BallotOrder":2147483647,"Votes":54,"Percentage":"0.54%","PoliticalParty":""}]},{"RaceName":"Member School Board (DISTRICT 7)","PrecinctsReporting":8,"PrecinctsParticipating":8,"NumberOfSeats":1,"Candidates":[{"BallotName":"Cheryl L. Burke","BallotOrder":1,"Votes":11383,"Percentage":"97.89%","PoliticalParty":""},{"BallotName":"Write In","BallotOrder":2147483647,"Votes":245,"Percentage":"2.11%","PoliticalParty":""}]},{"RaceName":"Member School Board (DISTRICT 8)","PrecinctsReporting":7,"PrecinctsParticipating":7,"NumberOfSeats":1,"Candidates":[{"BallotName":"Dana C. Sally-Allen","BallotOrder":1,"Votes":2799,"Percentage":"34.80%","PoliticalParty":""},{"BallotName":"Dawn C. Page","BallotOrder":2,"Votes":5212,"Percentage":"64.81%","PoliticalParty":""},{"BallotName":"Write In","BallotOrder":2147483647,"Votes":31,"Percentage":"0.39%","PoliticalParty":""}]},{"RaceName":"Member School Board (DISTRICT 9)","PrecinctsReporting":7,"PrecinctsParticipating":7,"NumberOfSeats":1,"Candidates":[{"BallotName":"Nicole Jones","BallotOrder":1,"Votes":6986,"Percentage":"98.69%","PoliticalParty":""},{"BallotName":"Write In","BallotOrder":2147483647,"Votes":93,"Percentage":"1.31%","PoliticalParty":""}]},{"RaceName":"Constitutional Amendment #1","PrecinctsReporting":70,"PrecinctsParticipating":70,"NumberOfSeats":1,"Candidates":[{"BallotName":"Yes","BallotOrder":1,"Votes":73561,"Percentage":"69.43%","PoliticalParty":null},{"BallotName":"No","BallotOrder":2,"Votes":32389,"Percentage":"30.57%","PoliticalParty":null}]},{"RaceName":"Constitutional Amendment #2","PrecinctsReporting":70,"PrecinctsParticipating":70,"NumberOfSeats":1,"Candidates":[{"BallotName":"Yes","BallotOrder":1,"Votes":85245,"Percentage":"79.38%","PoliticalParty":null},{"BallotName":"No","BallotOrder":2,"Votes":22138,"Percentage":"20.62%","PoliticalParty":null}]}]}