{"ElectionName":"2020 November General","ElectionDate":"2020-11-03T00:00:00","CreateDate":"2020-11-24T11:20:49.8160147-05:00","Locality":{"LocalityName":"RICHMOND COUNTY","LocalityCode":"159"},"Races":[{"RaceName":"President and Vice President","PrecinctsReporting":6,"PrecinctsParticipating":6,"NumberOfSeats":1,"Candidates":[{"BallotName":"Joseph R. Biden","BallotOrder":1,"Votes":1513,"Percentage":"36.88%","PoliticalParty":"Democratic"},{"BallotName":"Donald J. Trump","BallotOrder":2,"Votes":2547,"Percentage":"62.09%","PoliticalParty":"Republican"},{"BallotName":"Jo Jorgensen","BallotOrder":3,"Votes":31,"Percentage":"0.76%","PoliticalParty":"Libertarian"},{"BallotName":"Write In","BallotOrder":2147483647,"Votes":11,"Percentage":"0.27%","PoliticalParty":"Write-In"}]},{"RaceName":"Member United States Senate","PrecinctsReporting":6,"PrecinctsParticipating":6,"NumberOfSeats":1,"Candidates":[{"BallotName":"Mark R. Warner","BallotOrder":1,"Votes":1687,"Percentage":"41.79%","PoliticalParty":"Democratic"},{"BallotName":"Daniel M. Gade","BallotOrder":2,"Votes":2347,"Percentage":"58.14%","PoliticalParty":"Republican"},{"BallotName":"Write In","BallotOrder":2147483647,"Votes":3,"Percentage":"0.07%","PoliticalParty":"Write-In"}]},{"RaceName":"Member House of Representatives (01)","PrecinctsReporting":6,"PrecinctsParticipating":6,"NumberOfSeats":1,"Candidates":[{"BallotName":"Qasim Rashid","BallotOrder":1,"Votes":1216,"Percentage":"30.10%","PoliticalParty":"Democratic"},{"BallotName":"Robert J. Wittman","BallotOrder":2,"Votes":2820,"Percentage":"69.80%","PoliticalParty":"Republican"},{"BallotName":"Write In","BallotOrder":2147483647,"Votes":4,"Percentage":"0.10%","PoliticalParty":"Write-In"}]},{"RaceName":"Member Town Council (WARSAW)","PrecinctsReporting":4,"PrecinctsParticipating":4,"NumberOfSeats":4,"Candidates":[{"BallotName":"Roger R. Lee","BallotOrder":1,"Votes":241,"Percentage":"15.75%","PoliticalParty":""},{"BallotName":"Ralph W. Self","BallotOrder":2,"Votes":339,"Percentage":"22.16%","PoliticalParty":""},{"BallotName":"Ogle E. Forrest, Sr.","BallotOrder":3,"Votes":272,"Percentage":"17.78%","PoliticalParty":""},{"BallotName":"Faron H. Hamblin","BallotOrder":4,"Votes":367,"Percentage":"23.99%","PoliticalParty":""},{"BallotName":"Mary E. Bryant","BallotOrder":5,"Votes":293,"Percentage":"19.15%","PoliticalParty":""},{"BallotName":"Write In","BallotOrder":2147483647,"Votes":18,"Percentage":"1.18%","PoliticalParty":""}]},{"RaceName":"Constitutional Amendment #1","PrecinctsReporting":6,"PrecinctsParticipating":6,"NumberOfSeats":1,"Candidates":[{"BallotName":"Yes","BallotOrder":1,"Votes":2560,"Percentage":"67.10%","PoliticalParty":null},{"BallotName":"No","BallotOrder":2,"Votes":1255,"Percentage":"32.90%","PoliticalParty":null}]},{"RaceName":"Constitutional Amendment #2","PrecinctsReporting":6,"PrecinctsParticipating":6,"NumberOfSeats":1,"Candidates":[{"BallotName":"Yes","BallotOrder":1,"Votes":3496,"Percentage":"88.02%","PoliticalParty":null},{"BallotName":"No","BallotOrder":2,"Votes":476,"Percentage":"11.98%","PoliticalParty":null}]}]}