{"ElectionName":"2020 November General","ElectionDate":"2020-11-03T00:00:00","CreateDate":"2020-11-24T11:20:49.8450193-05:00","Locality":{"LocalityName":"ROANOKE CITY","LocalityCode":"770"},"Races":[{"RaceName":"President and Vice President","PrecinctsReporting":21,"PrecinctsParticipating":21,"NumberOfSeats":1,"Candidates":[{"BallotName":"Joseph R. Biden","BallotOrder":1,"Votes":26773,"Percentage":"61.80%","PoliticalParty":"Democratic"},{"BallotName":"Donald J. Trump","BallotOrder":2,"Votes":15607,"Percentage":"36.02%","PoliticalParty":"Republican"},{"BallotName":"Jo Jorgensen","BallotOrder":3,"Votes":777,"Percentage":"1.79%","PoliticalParty":"Libertarian"},{"BallotName":"Write In","BallotOrder":2147483647,"Votes":166,"Percentage":"0.38%","PoliticalParty":"Write-In"}]},{"RaceName":"Member United States Senate","PrecinctsReporting":21,"PrecinctsParticipating":21,"NumberOfSeats":1,"Candidates":[{"BallotName":"Mark R. Warner","BallotOrder":1,"Votes":28345,"Percentage":"66.08%","PoliticalParty":"Democratic"},{"BallotName":"Daniel M. Gade","BallotOrder":2,"Votes":14499,"Percentage":"33.80%","PoliticalParty":"Republican"},{"BallotName":"Write In","BallotOrder":2147483647,"Votes":50,"Percentage":"0.12%","PoliticalParty":"Write-In"}]},{"RaceName":"Member House of Representatives (06)","PrecinctsReporting":21,"PrecinctsParticipating":21,"NumberOfSeats":1,"Candidates":[{"BallotName":"Nicholas A. Betts","BallotOrder":1,"Votes":24673,"Percentage":"58.63%","PoliticalParty":"Democratic"},{"BallotName":"Ben L. Cline","BallotOrder":2,"Votes":17348,"Percentage":"41.22%","PoliticalParty":"Republican"},{"BallotName":"Write In","BallotOrder":2147483647,"Votes":61,"Percentage":"0.14%","PoliticalParty":"Write-In"}]},{"RaceName":"Mayor (ROANOKE CITY)","PrecinctsReporting":21,"PrecinctsParticipating":21,"NumberOfSeats":1,"Candidates":[{"BallotName":"Sherman P. Lea Sr.","BallotOrder":1,"Votes":21552,"Percentage":"52.34%","PoliticalParty":""},{"BallotName":"David A. Bowers","BallotOrder":2,"Votes":19247,"Percentage":"46.74%","PoliticalParty":""},{"BallotName":"Write In","BallotOrder":2147483647,"Votes":379,"Percentage":"0.92%","PoliticalParty":""}]},{"RaceName":"Member City Council (ROANOKE CITY)","PrecinctsReporting":21,"PrecinctsParticipating":21,"NumberOfSeats":3,"Candidates":[{"BallotName":"Robert L. Jeffrey Jr.","BallotOrder":1,"Votes":13188,"Percentage":"14.15%","PoliticalParty":""},{"BallotName":"Peter J. Volosin","BallotOrder":2,"Votes":10547,"Percentage":"11.32%","PoliticalParty":""},{"BallotName":"Trish A. White-Boyd","BallotOrder":3,"Votes":21892,"Percentage":"23.49%","PoliticalParty":""},{"BallotName":"Maynard L. Keller Jr.","BallotOrder":4,"Votes":9127,"Percentage":"9.79%","PoliticalParty":""},{"BallotName":"M. E. \"Peg\" McGuire","BallotOrder":5,"Votes":11268,"Percentage":"12.09%","PoliticalParty":""},{"BallotName":"Cesar J. Alberto","BallotOrder":6,"Votes":3900,"Percentage":"4.18%","PoliticalParty":""},{"BallotName":"Kiesha N. Preston","BallotOrder":7,"Votes":9953,"Percentage":"10.68%","PoliticalParty":""},{"BallotName":"Stephanie M. Moon","BallotOrder":8,"Votes":12857,"Percentage":"13.80%","PoliticalParty":""},{"BallotName":"Write In","BallotOrder":2147483647,"Votes":458,"Percentage":"0.49%","PoliticalParty":""}]},{"RaceName":"Constitutional Amendment #1","PrecinctsReporting":21,"PrecinctsParticipating":21,"NumberOfSeats":1,"Candidates":[{"BallotName":"Yes","BallotOrder":1,"Votes":27514,"Percentage":"68.89%","PoliticalParty":null},{"BallotName":"No","BallotOrder":2,"Votes":12425,"Percentage":"31.11%","PoliticalParty":null}]},{"RaceName":"Constitutional Amendment #2","PrecinctsReporting":21,"PrecinctsParticipating":21,"NumberOfSeats":1,"Candidates":[{"BallotName":"Yes","BallotOrder":1,"Votes":35081,"Percentage":"84.72%","PoliticalParty":null},{"BallotName":"No","BallotOrder":2,"Votes":6325,"Percentage":"15.28%","PoliticalParty":null}]}]}