{"ElectionName":"2020 November General","ElectionDate":"2020-11-03T00:00:00","CreateDate":"2020-11-24T11:20:49.8620226-05:00","Locality":{"LocalityName":"ROANOKE COUNTY","LocalityCode":"161"},"Races":[{"RaceName":"President and Vice President","PrecinctsReporting":34,"PrecinctsParticipating":34,"NumberOfSeats":1,"Candidates":[{"BallotName":"Joseph R. Biden","BallotOrder":1,"Votes":21801,"Percentage":"38.12%","PoliticalParty":"Democratic"},{"BallotName":"Donald J. Trump","BallotOrder":2,"Votes":34268,"Percentage":"59.93%","PoliticalParty":"Republican"},{"BallotName":"Jo Jorgensen","BallotOrder":3,"Votes":910,"Percentage":"1.59%","PoliticalParty":"Libertarian"},{"BallotName":"Write In","BallotOrder":2147483647,"Votes":205,"Percentage":"0.36%","PoliticalParty":"Write-In"}]},{"RaceName":"Member United States Senate","PrecinctsReporting":34,"PrecinctsParticipating":34,"NumberOfSeats":1,"Candidates":[{"BallotName":"Mark R. Warner","BallotOrder":1,"Votes":24043,"Percentage":"42.38%","PoliticalParty":"Democratic"},{"BallotName":"Daniel M. Gade","BallotOrder":2,"Votes":32642,"Percentage":"57.54%","PoliticalParty":"Republican"},{"BallotName":"Write In","BallotOrder":2147483647,"Votes":48,"Percentage":"0.08%","PoliticalParty":"Write-In"}]},{"RaceName":"Member House of Representatives (06)","PrecinctsReporting":24,"PrecinctsParticipating":24,"NumberOfSeats":1,"Candidates":[{"BallotName":"Nicholas A. Betts","BallotOrder":1,"Votes":14990,"Percentage":"35.66%","PoliticalParty":"Democratic"},{"BallotName":"Ben L. Cline","BallotOrder":2,"Votes":26985,"Percentage":"64.19%","PoliticalParty":"Republican"},{"BallotName":"Write In","BallotOrder":2147483647,"Votes":62,"Percentage":"0.15%","PoliticalParty":"Write-In"}]},{"RaceName":"Member House of Representatives (09)","PrecinctsReporting":11,"PrecinctsParticipating":11,"NumberOfSeats":1,"Candidates":[{"BallotName":"H. Morgan Griffith","BallotOrder":1,"Votes":10832,"Percentage":"92.37%","PoliticalParty":"Republican"},{"BallotName":"Write In","BallotOrder":2147483647,"Votes":895,"Percentage":"7.63%","PoliticalParty":"Write-In"}]},{"RaceName":"Constitutional Amendment #1","PrecinctsReporting":34,"PrecinctsParticipating":34,"NumberOfSeats":1,"Candidates":[{"BallotName":"Yes","BallotOrder":1,"Votes":40320,"Percentage":"74.07%","PoliticalParty":null},{"BallotName":"No","BallotOrder":2,"Votes":14117,"Percentage":"25.93%","PoliticalParty":null}]},{"RaceName":"Constitutional Amendment #2","PrecinctsReporting":34,"PrecinctsParticipating":34,"NumberOfSeats":1,"Candidates":[{"BallotName":"Yes","BallotOrder":1,"Votes":48121,"Percentage":"88.90%","PoliticalParty":null},{"BallotName":"No","BallotOrder":2,"Votes":6010,"Percentage":"11.10%","PoliticalParty":null}]}]}