{"ElectionName":"2020 November General","ElectionDate":"2020-11-03T00:00:00","CreateDate":"2020-11-24T11:20:49.8980207-05:00","Locality":{"LocalityName":"ROCKBRIDGE COUNTY","LocalityCode":"163"},"Races":[{"RaceName":"President and Vice President","PrecinctsReporting":18,"PrecinctsParticipating":18,"NumberOfSeats":1,"Candidates":[{"BallotName":"Joseph R. Biden","BallotOrder":1,"Votes":4086,"Percentage":"33.02%","PoliticalParty":"Democratic"},{"BallotName":"Donald J. Trump","BallotOrder":2,"Votes":8088,"Percentage":"65.37%","PoliticalParty":"Republican"},{"BallotName":"Jo Jorgensen","BallotOrder":3,"Votes":165,"Percentage":"1.33%","PoliticalParty":"Libertarian"},{"BallotName":"Write In","BallotOrder":2147483647,"Votes":34,"Percentage":"0.27%","PoliticalParty":"Write-In"}]},{"RaceName":"Member United States Senate","PrecinctsReporting":18,"PrecinctsParticipating":18,"NumberOfSeats":1,"Candidates":[{"BallotName":"Mark R. Warner","BallotOrder":1,"Votes":4631,"Percentage":"37.73%","PoliticalParty":"Democratic"},{"BallotName":"Daniel M. Gade","BallotOrder":2,"Votes":7637,"Percentage":"62.22%","PoliticalParty":"Republican"},{"BallotName":"Write In","BallotOrder":2147483647,"Votes":6,"Percentage":"0.05%","PoliticalParty":"Write-In"}]},{"RaceName":"Member House of Representatives (06)","PrecinctsReporting":18,"PrecinctsParticipating":18,"NumberOfSeats":1,"Candidates":[{"BallotName":"Nicholas A. Betts","BallotOrder":1,"Votes":3612,"Percentage":"29.46%","PoliticalParty":"Democratic"},{"BallotName":"Ben L. Cline","BallotOrder":2,"Votes":8637,"Percentage":"70.44%","PoliticalParty":"Republican"},{"BallotName":"Write In","BallotOrder":2147483647,"Votes":12,"Percentage":"0.10%","PoliticalParty":"Write-In"}]},{"RaceName":"Member Town Council - Glasgow (GLASGOW)","PrecinctsReporting":2,"PrecinctsParticipating":2,"NumberOfSeats":3,"Candidates":[{"BallotName":"James E. \"Sonny\" Williams","BallotOrder":1,"Votes":269,"Percentage":"36.30%","PoliticalParty":""},{"BallotName":"Aaron W. Britton","BallotOrder":2,"Votes":214,"Percentage":"28.88%","PoliticalParty":""},{"BallotName":"Andrew J. Ryan","BallotOrder":3,"Votes":200,"Percentage":"26.99%","PoliticalParty":""},{"BallotName":"Write In","BallotOrder":2147483647,"Votes":58,"Percentage":"7.83%","PoliticalParty":""}]},{"RaceName":"Member Town Council - Goshen (GOSHEN)","PrecinctsReporting":2,"PrecinctsParticipating":2,"NumberOfSeats":2,"Candidates":[{"BallotName":"Stephen C. Bickley Sr.","BallotOrder":1,"Votes":75,"Percentage":"32.75%","PoliticalParty":""},{"BallotName":"Robert L.\"Bobby\" Burke","BallotOrder":2,"Votes":70,"Percentage":"30.57%","PoliticalParty":""},{"BallotName":"Deborah B. Bowden","BallotOrder":3,"Votes":75,"Percentage":"32.75%","PoliticalParty":""},{"BallotName":"Write In","BallotOrder":2147483647,"Votes":9,"Percentage":"3.93%","PoliticalParty":""}]},{"RaceName":"Member Town Council - SPECIAL (GOSHEN)","PrecinctsReporting":2,"PrecinctsParticipating":2,"NumberOfSeats":1,"Candidates":[{"BallotName":"Sandra L. Shaffer","BallotOrder":1,"Votes":112,"Percentage":"91.06%","PoliticalParty":""},{"BallotName":"Write In","BallotOrder":2147483647,"Votes":11,"Percentage":"8.94%","PoliticalParty":""}]},{"RaceName":"Member Town Council - Special (GLASGOW)","PrecinctsReporting":2,"PrecinctsParticipating":2,"NumberOfSeats":1,"Candidates":[{"BallotName":"Thomas E.\"Tom\" Camden","BallotOrder":1,"Votes":324,"Percentage":"95.86%","PoliticalParty":""},{"BallotName":"Write In","BallotOrder":2147483647,"Votes":14,"Percentage":"4.14%","PoliticalParty":""}]},{"RaceName":"Constitutional Amendment #1","PrecinctsReporting":18,"PrecinctsParticipating":18,"NumberOfSeats":1,"Candidates":[{"BallotName":"Yes","BallotOrder":1,"Votes":8784,"Percentage":"74.38%","PoliticalParty":null},{"BallotName":"No","BallotOrder":2,"Votes":3025,"Percentage":"25.62%","PoliticalParty":null}]},{"RaceName":"Constitutional Amendment #2","PrecinctsReporting":18,"PrecinctsParticipating":18,"NumberOfSeats":1,"Candidates":[{"BallotName":"Yes","BallotOrder":1,"Votes":10667,"Percentage":"88.39%","PoliticalParty":null},{"BallotName":"No","BallotOrder":2,"Votes":1401,"Percentage":"11.61%","PoliticalParty":null}]}]}