{"ElectionName":"2020 November General","ElectionDate":"2020-11-03T00:00:00","CreateDate":"2020-11-24T11:20:49.9150219-05:00","Locality":{"LocalityName":"ROCKINGHAM COUNTY","LocalityCode":"165"},"Races":[{"RaceName":"President and Vice President","PrecinctsReporting":32,"PrecinctsParticipating":32,"NumberOfSeats":1,"Candidates":[{"BallotName":"Joseph R. Biden","BallotOrder":1,"Votes":12644,"Percentage":"28.86%","PoliticalParty":"Democratic"},{"BallotName":"Donald J. Trump","BallotOrder":2,"Votes":30349,"Percentage":"69.27%","PoliticalParty":"Republican"},{"BallotName":"Jo Jorgensen","BallotOrder":3,"Votes":653,"Percentage":"1.49%","PoliticalParty":"Libertarian"},{"BallotName":"Write In","BallotOrder":2147483647,"Votes":165,"Percentage":"0.38%","PoliticalParty":"Write-In"}]},{"RaceName":"Member United States Senate","PrecinctsReporting":32,"PrecinctsParticipating":32,"NumberOfSeats":1,"Candidates":[{"BallotName":"Mark R. Warner","BallotOrder":1,"Votes":13739,"Percentage":"31.61%","PoliticalParty":"Democratic"},{"BallotName":"Daniel M. Gade","BallotOrder":2,"Votes":29700,"Percentage":"68.33%","PoliticalParty":"Republican"},{"BallotName":"Write In","BallotOrder":2147483647,"Votes":29,"Percentage":"0.07%","PoliticalParty":"Write-In"}]},{"RaceName":"Member House of Representatives (06)","PrecinctsReporting":32,"PrecinctsParticipating":32,"NumberOfSeats":1,"Candidates":[{"BallotName":"Nicholas A. Betts","BallotOrder":1,"Votes":10986,"Percentage":"25.34%","PoliticalParty":"Democratic"},{"BallotName":"Ben L. Cline","BallotOrder":2,"Votes":32318,"Percentage":"74.55%","PoliticalParty":"Republican"},{"BallotName":"Write In","BallotOrder":2147483647,"Votes":47,"Percentage":"0.11%","PoliticalParty":"Write-In"}]},{"RaceName":"Member Board of Supervisors (DISTRICT 1)","PrecinctsReporting":9,"PrecinctsParticipating":9,"NumberOfSeats":1,"Candidates":[{"BallotName":"Dewey L. Ritchie","BallotOrder":1,"Votes":7196,"Percentage":"97.89%","PoliticalParty":""},{"BallotName":"Write In","BallotOrder":2147483647,"Votes":155,"Percentage":"2.11%","PoliticalParty":""}]},{"RaceName":"Mayor - Dayton (DAYTON)","PrecinctsReporting":2,"PrecinctsParticipating":2,"NumberOfSeats":1,"Candidates":[{"BallotName":"Jeffrey S. Daly","BallotOrder":1,"Votes":339,"Percentage":"38.35%","PoliticalParty":""},{"BallotName":"Cary A. Jackson","BallotOrder":2,"Votes":536,"Percentage":"60.63%","PoliticalParty":""},{"BallotName":"Write In","BallotOrder":2147483647,"Votes":9,"Percentage":"1.02%","PoliticalParty":""}]},{"RaceName":"Mayor - Elkton (ELKTON)","PrecinctsReporting":2,"PrecinctsParticipating":2,"NumberOfSeats":1,"Candidates":[{"BallotName":"Joshua J. Gooden","BallotOrder":1,"Votes":898,"Percentage":"55.26%","PoliticalParty":""},{"BallotName":"Wayne E. Printz","BallotOrder":2,"Votes":724,"Percentage":"44.55%","PoliticalParty":""},{"BallotName":"Write In","BallotOrder":2147483647,"Votes":3,"Percentage":"0.18%","PoliticalParty":""}]},{"RaceName":"Mayor - Grottoes (GROTTOES)","PrecinctsReporting":2,"PrecinctsParticipating":2,"NumberOfSeats":1,"Candidates":[{"BallotName":"Joshua K. Bailey","BallotOrder":1,"Votes":500,"Percentage":"32.96%","PoliticalParty":""},{"BallotName":"Joanne L. \"Jo\" Plaster","BallotOrder":2,"Votes":1009,"Percentage":"66.51%","PoliticalParty":""},{"BallotName":"Write In","BallotOrder":2147483647,"Votes":8,"Percentage":"0.53%","PoliticalParty":""}]},{"RaceName":"Mayor - Mt Crawford (MT CRAWFORD)","PrecinctsReporting":2,"PrecinctsParticipating":2,"NumberOfSeats":1,"Candidates":[{"BallotName":"Dennis S. Driver","BallotOrder":1,"Votes":123,"Percentage":"50.41%","PoliticalParty":""},{"BallotName":"Alfred L. Cook","BallotOrder":2,"Votes":120,"Percentage":"49.18%","PoliticalParty":""},{"BallotName":"Write In","BallotOrder":2147483647,"Votes":1,"Percentage":"0.41%","PoliticalParty":""}]},{"RaceName":"Mayor - Timberville (TIMBERVILLE)","PrecinctsReporting":2,"PrecinctsParticipating":2,"NumberOfSeats":1,"Candidates":[{"BallotName":"Don P. Delaughter Jr.","BallotOrder":1,"Votes":1035,"Percentage":"96.91%","PoliticalParty":""},{"BallotName":"Write In","BallotOrder":2147483647,"Votes":33,"Percentage":"3.09%","PoliticalParty":""}]},{"RaceName":"Member Town Council - Bridgewater (BRIDGEWATER)","PrecinctsReporting":3,"PrecinctsParticipating":3,"NumberOfSeats":3,"Candidates":[{"BallotName":"Steven A. Schofield","BallotOrder":1,"Votes":1900,"Percentage":"31.80%","PoliticalParty":""},{"BallotName":"Travis L. Bowman","BallotOrder":2,"Votes":2112,"Percentage":"35.35%","PoliticalParty":""},{"BallotName":"Bill D. Miracle","BallotOrder":3,"Votes":1875,"Percentage":"31.39%","PoliticalParty":""},{"BallotName":"Write In","BallotOrder":2147483647,"Votes":87,"Percentage":"1.46%","PoliticalParty":""}]},{"RaceName":"Member Town Council - Dayton (DAYTON)","PrecinctsReporting":2,"PrecinctsParticipating":2,"NumberOfSeats":4,"Candidates":[{"BallotName":"Heidi M. Hoover","BallotOrder":1,"Votes":523,"Percentage":"22.10%","PoliticalParty":""},{"BallotName":"Bradford R. R. Dyjak","BallotOrder":2,"Votes":552,"Percentage":"23.32%","PoliticalParty":""},{"BallotName":"Philip F. Way","BallotOrder":3,"Votes":353,"Percentage":"14.91%","PoliticalParty":""},{"BallotName":"Robert R. Seward","BallotOrder":4,"Votes":462,"Percentage":"19.52%","PoliticalParty":""},{"BallotName":"Emily D. Estes","BallotOrder":5,"Votes":448,"Percentage":"18.93%","PoliticalParty":""},{"BallotName":"Write In","BallotOrder":2147483647,"Votes":29,"Percentage":"1.23%","PoliticalParty":""}]},{"RaceName":"Member Town Council - Elkton (ELKTON)","PrecinctsReporting":2,"PrecinctsParticipating":2,"NumberOfSeats":4,"Candidates":[{"BallotName":"Louis W. Heidel","BallotOrder":1,"Votes":677,"Percentage":"12.80%","PoliticalParty":""},{"BallotName":"Heidi A. Zander","BallotOrder":2,"Votes":708,"Percentage":"13.38%","PoliticalParty":""},{"BallotName":"Jodi M. Gooden","BallotOrder":3,"Votes":216,"Percentage":"4.08%","PoliticalParty":""},{"BallotName":"Steve T. America","BallotOrder":4,"Votes":761,"Percentage":"14.39%","PoliticalParty":""},{"BallotName":"Margaretta D. Isom","BallotOrder":5,"Votes":665,"Percentage":"12.57%","PoliticalParty":""},{"BallotName":"Troy S. Eppard","BallotOrder":6,"Votes":755,"Percentage":"14.27%","PoliticalParty":""},{"BallotName":"David S. Smith","BallotOrder":7,"Votes":646,"Percentage":"12.21%","PoliticalParty":""},{"BallotName":"Jessica A. \"Jessy\" Moubray","BallotOrder":8,"Votes":830,"Percentage":"15.69%","PoliticalParty":""},{"BallotName":"Write In","BallotOrder":2147483647,"Votes":32,"Percentage":"0.60%","PoliticalParty":""}]},{"RaceName":"Member Town Council - Grottoes (GROTTOES)","PrecinctsReporting":2,"PrecinctsParticipating":2,"NumberOfSeats":3,"Candidates":[{"BallotName":"Charles K. Lawhorne","BallotOrder":1,"Votes":671,"Percentage":"22.43%","PoliticalParty":""},{"BallotName":"Michael W. Kohl","BallotOrder":2,"Votes":873,"Percentage":"29.18%","PoliticalParty":""},{"BallotName":"Tim Y. Leeth","BallotOrder":3,"Votes":722,"Percentage":"24.13%","PoliticalParty":""},{"BallotName":"Mark Alan Sterling","BallotOrder":4,"Votes":685,"Percentage":"22.89%","PoliticalParty":""},{"BallotName":"Write In","BallotOrder":2147483647,"Votes":41,"Percentage":"1.37%","PoliticalParty":""}]},{"RaceName":"Member Town Council - Mt Crawford (MT CRAWFORD)","PrecinctsReporting":2,"PrecinctsParticipating":2,"NumberOfSeats":3,"Candidates":[{"BallotName":"J. C. Smythers Sr.","BallotOrder":1,"Votes":129,"Percentage":"22.55%","PoliticalParty":""},{"BallotName":"John M. Crigler","BallotOrder":2,"Votes":119,"Percentage":"20.80%","PoliticalParty":""},{"BallotName":"James N. Dillard Jr.","BallotOrder":3,"Votes":139,"Percentage":"24.30%","PoliticalParty":""},{"BallotName":"Shane D. Stevens","BallotOrder":4,"Votes":175,"Percentage":"30.59%","PoliticalParty":""},{"BallotName":"Write In","BallotOrder":2147483647,"Votes":10,"Percentage":"1.75%","PoliticalParty":""}]},{"RaceName":"Member Town Council - Timberville (TIMBERVILLE)","PrecinctsReporting":2,"PrecinctsParticipating":2,"NumberOfSeats":3,"Candidates":[{"BallotName":"Carl H. Turner Jr.","BallotOrder":1,"Votes":894,"Percentage":"43.38%","PoliticalParty":""},{"BallotName":"Clarence L. Fox","BallotOrder":2,"Votes":249,"Percentage":"12.08%","PoliticalParty":""},{"BallotName":"Debra J. Jessup","BallotOrder":3,"Votes":244,"Percentage":"11.84%","PoliticalParty":""},{"BallotName":"Write In","BallotOrder":2147483647,"Votes":674,"Percentage":"32.70%","PoliticalParty":""}]},{"RaceName":"Member Town Council - Special (DAYTON)","PrecinctsReporting":2,"PrecinctsParticipating":2,"NumberOfSeats":1,"Candidates":[{"BallotName":"Dale L. Rodgers","BallotOrder":1,"Votes":758,"Percentage":"98.83%","PoliticalParty":""},{"BallotName":"Write In","BallotOrder":2147483647,"Votes":9,"Percentage":"1.17%","PoliticalParty":""}]},{"RaceName":"Constitutional Amendment #1","PrecinctsReporting":32,"PrecinctsParticipating":32,"NumberOfSeats":1,"Candidates":[{"BallotName":"Yes","BallotOrder":1,"Votes":28882,"Percentage":"70.86%","PoliticalParty":null},{"BallotName":"No","BallotOrder":2,"Votes":11880,"Percentage":"29.14%","PoliticalParty":null}]},{"RaceName":"Constitutional Amendment #2","PrecinctsReporting":32,"PrecinctsParticipating":32,"NumberOfSeats":1,"Candidates":[{"BallotName":"Yes","BallotOrder":1,"Votes":37838,"Percentage":"89.18%","PoliticalParty":null},{"BallotName":"No","BallotOrder":2,"Votes":4592,"Percentage":"10.82%","PoliticalParty":null}]}]}