{"ElectionName":"2020 November General","ElectionDate":"2020-11-03T00:00:00","CreateDate":"2020-11-24T11:20:49.946025-05:00","Locality":{"LocalityName":"RUSSELL COUNTY","LocalityCode":"167"},"Races":[{"RaceName":"President and Vice President","PrecinctsReporting":16,"PrecinctsParticipating":16,"NumberOfSeats":1,"Candidates":[{"BallotName":"Joseph R. Biden","BallotOrder":1,"Votes":2373,"Percentage":"17.73%","PoliticalParty":"Democratic"},{"BallotName":"Donald J. Trump","BallotOrder":2,"Votes":10879,"Percentage":"81.27%","PoliticalParty":"Republican"},{"BallotName":"Jo Jorgensen","BallotOrder":3,"Votes":116,"Percentage":"0.87%","PoliticalParty":"Libertarian"},{"BallotName":"Write In","BallotOrder":2147483647,"Votes":18,"Percentage":"0.13%","PoliticalParty":"Write-In"}]},{"RaceName":"Member United States Senate","PrecinctsReporting":16,"PrecinctsParticipating":16,"NumberOfSeats":1,"Candidates":[{"BallotName":"Mark R. Warner","BallotOrder":1,"Votes":3288,"Percentage":"24.79%","PoliticalParty":"Democratic"},{"BallotName":"Daniel M. Gade","BallotOrder":2,"Votes":9962,"Percentage":"75.11%","PoliticalParty":"Republican"},{"BallotName":"Write In","BallotOrder":2147483647,"Votes":13,"Percentage":"0.10%","PoliticalParty":"Write-In"}]},{"RaceName":"Member House of Representatives (09)","PrecinctsReporting":16,"PrecinctsParticipating":16,"NumberOfSeats":1,"Candidates":[{"BallotName":"H. Morgan Griffith","BallotOrder":1,"Votes":11129,"Percentage":"96.46%","PoliticalParty":"Republican"},{"BallotName":"Write In","BallotOrder":2147483647,"Votes":409,"Percentage":"3.54%","PoliticalParty":"Write-In"}]},{"RaceName":"Mayor  (CLEVELAND)","PrecinctsReporting":2,"PrecinctsParticipating":2,"NumberOfSeats":1,"Candidates":[{"BallotName":"Jennifer Carter Chumbley","BallotOrder":1,"Votes":47,"Percentage":"100.00%","PoliticalParty":""},{"BallotName":"Write In","BallotOrder":2147483647,"Votes":0,"Percentage":"0.00%","PoliticalParty":""}]},{"RaceName":"Member Town Council  (CLEVELAND)","PrecinctsReporting":2,"PrecinctsParticipating":2,"NumberOfSeats":5,"Candidates":[{"BallotName":"Linda I. Couch","BallotOrder":1,"Votes":45,"Percentage":"22.28%","PoliticalParty":""},{"BallotName":"Marcus A. Combs","BallotOrder":2,"Votes":36,"Percentage":"17.82%","PoliticalParty":""},{"BallotName":"Flora Couch \"Judy\" Farmer","BallotOrder":3,"Votes":38,"Percentage":"18.81%","PoliticalParty":""},{"BallotName":"W.D. \"Jake\" Chumbley, III","BallotOrder":4,"Votes":40,"Percentage":"19.80%","PoliticalParty":""},{"BallotName":"Jeremiah W. \"Tiny\" Neal","BallotOrder":5,"Votes":41,"Percentage":"20.30%","PoliticalParty":""},{"BallotName":"Write In","BallotOrder":2147483647,"Votes":2,"Percentage":"0.99%","PoliticalParty":""}]},{"RaceName":"Member Town Council  (HONAKER)","PrecinctsReporting":2,"PrecinctsParticipating":2,"NumberOfSeats":3,"Candidates":[{"BallotName":"Timothy Ryan Hart","BallotOrder":1,"Votes":342,"Percentage":"35.77%","PoliticalParty":""},{"BallotName":"Richard D. Vandyke","BallotOrder":2,"Votes":276,"Percentage":"28.87%","PoliticalParty":""},{"BallotName":"Connie M. Harris","BallotOrder":3,"Votes":320,"Percentage":"33.47%","PoliticalParty":""},{"BallotName":"Write In","BallotOrder":2147483647,"Votes":18,"Percentage":"1.88%","PoliticalParty":""}]},{"RaceName":"Constitutional Amendment #1","PrecinctsReporting":16,"PrecinctsParticipating":16,"NumberOfSeats":1,"Candidates":[{"BallotName":"Yes","BallotOrder":1,"Votes":8463,"Percentage":"71.74%","PoliticalParty":null},{"BallotName":"No","BallotOrder":2,"Votes":3334,"Percentage":"28.26%","PoliticalParty":null}]},{"RaceName":"Constitutional Amendment #2","PrecinctsReporting":16,"PrecinctsParticipating":16,"NumberOfSeats":1,"Candidates":[{"BallotName":"Yes","BallotOrder":1,"Votes":11544,"Percentage":"91.29%","PoliticalParty":null},{"BallotName":"No","BallotOrder":2,"Votes":1102,"Percentage":"8.71%","PoliticalParty":null}]}]}