{"ElectionName":"2020 November General","ElectionDate":"2020-11-03T00:00:00","CreateDate":"2020-11-24T11:20:50.0230323-05:00","Locality":{"LocalityName":"SCOTT COUNTY","LocalityCode":"169"},"Races":[{"RaceName":"President and Vice President","PrecinctsReporting":18,"PrecinctsParticipating":18,"NumberOfSeats":1,"Candidates":[{"BallotName":"Joseph R. Biden","BallotOrder":1,"Votes":1692,"Percentage":"15.57%","PoliticalParty":"Democratic"},{"BallotName":"Donald J. Trump","BallotOrder":2,"Votes":9063,"Percentage":"83.38%","PoliticalParty":"Republican"},{"BallotName":"Jo Jorgensen","BallotOrder":3,"Votes":90,"Percentage":"0.83%","PoliticalParty":"Libertarian"},{"BallotName":"Write In","BallotOrder":2147483647,"Votes":24,"Percentage":"0.22%","PoliticalParty":"Write-In"}]},{"RaceName":"Member United States Senate","PrecinctsReporting":18,"PrecinctsParticipating":18,"NumberOfSeats":1,"Candidates":[{"BallotName":"Mark R. Warner","BallotOrder":1,"Votes":2191,"Percentage":"20.38%","PoliticalParty":"Democratic"},{"BallotName":"Daniel M. Gade","BallotOrder":2,"Votes":8543,"Percentage":"79.46%","PoliticalParty":"Republican"},{"BallotName":"Write In","BallotOrder":2147483647,"Votes":17,"Percentage":"0.16%","PoliticalParty":"Write-In"}]},{"RaceName":"Member House of Representatives (09)","PrecinctsReporting":18,"PrecinctsParticipating":18,"NumberOfSeats":1,"Candidates":[{"BallotName":"H. Morgan Griffith","BallotOrder":1,"Votes":9354,"Percentage":"97.27%","PoliticalParty":"Republican"},{"BallotName":"Write In","BallotOrder":2147483647,"Votes":263,"Percentage":"2.73%","PoliticalParty":"Write-In"}]},{"RaceName":"Constitutional Amendment #1","PrecinctsReporting":18,"PrecinctsParticipating":18,"NumberOfSeats":1,"Candidates":[{"BallotName":"Yes","BallotOrder":1,"Votes":6580,"Percentage":"69.38%","PoliticalParty":null},{"BallotName":"No","BallotOrder":2,"Votes":2904,"Percentage":"30.62%","PoliticalParty":null}]},{"RaceName":"Constitutional Amendment #2","PrecinctsReporting":18,"PrecinctsParticipating":18,"NumberOfSeats":1,"Candidates":[{"BallotName":"Yes","BallotOrder":1,"Votes":9404,"Percentage":"91.55%","PoliticalParty":null},{"BallotName":"No","BallotOrder":2,"Votes":868,"Percentage":"8.45%","PoliticalParty":null}]}]}