{"ElectionName":"2020 November General","ElectionDate":"2020-11-03T00:00:00","CreateDate":"2020-11-24T11:20:50.0580329-05:00","Locality":{"LocalityName":"SMYTH COUNTY","LocalityCode":"173"},"Races":[{"RaceName":"President and Vice President","PrecinctsReporting":15,"PrecinctsParticipating":15,"NumberOfSeats":1,"Candidates":[{"BallotName":"Joseph R. Biden","BallotOrder":1,"Votes":3008,"Percentage":"21.28%","PoliticalParty":"Democratic"},{"BallotName":"Donald J. Trump","BallotOrder":2,"Votes":10963,"Percentage":"77.55%","PoliticalParty":"Republican"},{"BallotName":"Jo Jorgensen","BallotOrder":3,"Votes":133,"Percentage":"0.94%","PoliticalParty":"Libertarian"},{"BallotName":"Write In","BallotOrder":2147483647,"Votes":32,"Percentage":"0.23%","PoliticalParty":"Write-In"}]},{"RaceName":"Member United States Senate","PrecinctsReporting":15,"PrecinctsParticipating":15,"NumberOfSeats":1,"Candidates":[{"BallotName":"Mark R. Warner","BallotOrder":1,"Votes":3973,"Percentage":"28.38%","PoliticalParty":"Democratic"},{"BallotName":"Daniel M. Gade","BallotOrder":2,"Votes":10013,"Percentage":"71.52%","PoliticalParty":"Republican"},{"BallotName":"Write In","BallotOrder":2147483647,"Votes":15,"Percentage":"0.11%","PoliticalParty":"Write-In"}]},{"RaceName":"Member House of Representatives (09)","PrecinctsReporting":15,"PrecinctsParticipating":15,"NumberOfSeats":1,"Candidates":[{"BallotName":"H. Morgan Griffith","BallotOrder":1,"Votes":11946,"Percentage":"95.42%","PoliticalParty":"Republican"},{"BallotName":"Write In","BallotOrder":2147483647,"Votes":574,"Percentage":"4.58%","PoliticalParty":"Write-In"}]},{"RaceName":"Constitutional Amendment #1","PrecinctsReporting":15,"PrecinctsParticipating":15,"NumberOfSeats":1,"Candidates":[{"BallotName":"Yes","BallotOrder":1,"Votes":8949,"Percentage":"69.90%","PoliticalParty":null},{"BallotName":"No","BallotOrder":2,"Votes":3853,"Percentage":"30.10%","PoliticalParty":null}]},{"RaceName":"Constitutional Amendment #2","PrecinctsReporting":15,"PrecinctsParticipating":15,"NumberOfSeats":1,"Candidates":[{"BallotName":"Yes","BallotOrder":1,"Votes":12176,"Percentage":"91.12%","PoliticalParty":null},{"BallotName":"No","BallotOrder":2,"Votes":1186,"Percentage":"8.88%","PoliticalParty":null}]}]}