{"ElectionName":"2020 November General","ElectionDate":"2020-11-03T00:00:00","CreateDate":"2020-11-24T11:20:50.0740338-05:00","Locality":{"LocalityName":"SOUTHAMPTON COUNTY","LocalityCode":"175"},"Races":[{"RaceName":"President and Vice President","PrecinctsReporting":14,"PrecinctsParticipating":14,"NumberOfSeats":1,"Candidates":[{"BallotName":"Joseph R. Biden","BallotOrder":1,"Votes":3969,"Percentage":"40.56%","PoliticalParty":"Democratic"},{"BallotName":"Donald J. Trump","BallotOrder":2,"Votes":5730,"Percentage":"58.55%","PoliticalParty":"Republican"},{"BallotName":"Jo Jorgensen","BallotOrder":3,"Votes":87,"Percentage":"0.89%","PoliticalParty":"Libertarian"},{"BallotName":"Write In","BallotOrder":2147483647,"Votes":0,"Percentage":"0.00%","PoliticalParty":"Write-In"}]},{"RaceName":"Member United States Senate","PrecinctsReporting":14,"PrecinctsParticipating":14,"NumberOfSeats":1,"Candidates":[{"BallotName":"Mark R. Warner","BallotOrder":1,"Votes":4123,"Percentage":"42.88%","PoliticalParty":"Democratic"},{"BallotName":"Daniel M. Gade","BallotOrder":2,"Votes":5492,"Percentage":"57.12%","PoliticalParty":"Republican"},{"BallotName":"Write In","BallotOrder":2147483647,"Votes":0,"Percentage":"0.00%","PoliticalParty":"Write-In"}]},{"RaceName":"Member House of Representatives (04)","PrecinctsReporting":14,"PrecinctsParticipating":14,"NumberOfSeats":1,"Candidates":[{"BallotName":"A. Donald McEachin","BallotOrder":1,"Votes":3864,"Percentage":"40.91%","PoliticalParty":"Democratic"},{"BallotName":"Leon Benjamin Sr.","BallotOrder":2,"Votes":5582,"Percentage":"59.09%","PoliticalParty":"Republican"},{"BallotName":"Write In","BallotOrder":2147483647,"Votes":0,"Percentage":"0.00%","PoliticalParty":"Write-In"}]},{"RaceName":"Member Town Council - Boykins (BOYKINS)","PrecinctsReporting":2,"PrecinctsParticipating":2,"NumberOfSeats":1,"Candidates":[{"BallotName":"James \"Hank\" Fuller","BallotOrder":1,"Votes":182,"Percentage":"89.66%","PoliticalParty":""},{"BallotName":"Write In","BallotOrder":2147483647,"Votes":21,"Percentage":"10.34%","PoliticalParty":""}]},{"RaceName":"Member Town Council - Newsoms (NEWSOMS)","PrecinctsReporting":2,"PrecinctsParticipating":2,"NumberOfSeats":2,"Candidates":[{"BallotName":"Pete T. Twisdale II","BallotOrder":1,"Votes":58,"Percentage":"43.61%","PoliticalParty":""},{"BallotName":"John Barham Carter","BallotOrder":2,"Votes":68,"Percentage":"51.13%","PoliticalParty":""},{"BallotName":"Write In","BallotOrder":2147483647,"Votes":7,"Percentage":"5.26%","PoliticalParty":""}]},{"RaceName":"Constitutional Amendment #1","PrecinctsReporting":14,"PrecinctsParticipating":14,"NumberOfSeats":1,"Candidates":[{"BallotName":"Yes","BallotOrder":1,"Votes":6396,"Percentage":"69.03%","PoliticalParty":null},{"BallotName":"No","BallotOrder":2,"Votes":2869,"Percentage":"30.97%","PoliticalParty":null}]},{"RaceName":"Constitutional Amendment #2","PrecinctsReporting":14,"PrecinctsParticipating":14,"NumberOfSeats":1,"Candidates":[{"BallotName":"Yes","BallotOrder":1,"Votes":8225,"Percentage":"86.31%","PoliticalParty":null},{"BallotName":"No","BallotOrder":2,"Votes":1305,"Percentage":"13.69%","PoliticalParty":null}]}]}