{"ElectionName":"2020 November General","ElectionDate":"2020-11-03T00:00:00","CreateDate":"2020-11-24T11:20:50.1240379-05:00","Locality":{"LocalityName":"SPOTSYLVANIA COUNTY","LocalityCode":"177"},"Races":[{"RaceName":"President and Vice President","PrecinctsReporting":27,"PrecinctsParticipating":27,"NumberOfSeats":1,"Candidates":[{"BallotName":"Joseph R. Biden","BallotOrder":1,"Votes":34307,"Percentage":"45.55%","PoliticalParty":"Democratic"},{"BallotName":"Donald J. Trump","BallotOrder":2,"Votes":39411,"Percentage":"52.33%","PoliticalParty":"Republican"},{"BallotName":"Jo Jorgensen","BallotOrder":3,"Votes":1301,"Percentage":"1.73%","PoliticalParty":"Libertarian"},{"BallotName":"Write In","BallotOrder":2147483647,"Votes":298,"Percentage":"0.40%","PoliticalParty":"Write-In"}]},{"RaceName":"Member United States Senate","PrecinctsReporting":27,"PrecinctsParticipating":27,"NumberOfSeats":1,"Candidates":[{"BallotName":"Mark R. Warner","BallotOrder":1,"Votes":35485,"Percentage":"47.50%","PoliticalParty":"Democratic"},{"BallotName":"Daniel M. Gade","BallotOrder":2,"Votes":39120,"Percentage":"52.37%","PoliticalParty":"Republican"},{"BallotName":"Write In","BallotOrder":2147483647,"Votes":98,"Percentage":"0.13%","PoliticalParty":"Write-In"}]},{"RaceName":"Member House of Representatives (01)","PrecinctsReporting":10,"PrecinctsParticipating":10,"NumberOfSeats":1,"Candidates":[{"BallotName":"Qasim Rashid","BallotOrder":1,"Votes":9027,"Percentage":"48.20%","PoliticalParty":"Democratic"},{"BallotName":"Robert J. Wittman","BallotOrder":2,"Votes":9658,"Percentage":"51.57%","PoliticalParty":"Republican"},{"BallotName":"Write In","BallotOrder":2147483647,"Votes":44,"Percentage":"0.23%","PoliticalParty":"Write-In"}]},{"RaceName":"Member House of Representatives (07)","PrecinctsReporting":23,"PrecinctsParticipating":23,"NumberOfSeats":1,"Candidates":[{"BallotName":"Abigail A. Spanberger","BallotOrder":1,"Votes":24484,"Percentage":"43.88%","PoliticalParty":"Democratic"},{"BallotName":"Nick J. Freitas","BallotOrder":2,"Votes":31201,"Percentage":"55.92%","PoliticalParty":"Republican"},{"BallotName":"Write In","BallotOrder":2147483647,"Votes":109,"Percentage":"0.20%","PoliticalParty":"Write-In"}]},{"RaceName":"Constitutional Amendment #1","PrecinctsReporting":27,"PrecinctsParticipating":27,"NumberOfSeats":1,"Candidates":[{"BallotName":"Yes","BallotOrder":1,"Votes":51239,"Percentage":"70.47%","PoliticalParty":null},{"BallotName":"No","BallotOrder":2,"Votes":21467,"Percentage":"29.53%","PoliticalParty":null}]},{"RaceName":"Constitutional Amendment #2","PrecinctsReporting":27,"PrecinctsParticipating":27,"NumberOfSeats":1,"Candidates":[{"BallotName":"Yes","BallotOrder":1,"Votes":65644,"Percentage":"87.86%","PoliticalParty":null},{"BallotName":"No","BallotOrder":2,"Votes":9070,"Percentage":"12.14%","PoliticalParty":null}]}]}