{"ElectionName":"2020 November General","ElectionDate":"2020-11-03T00:00:00","CreateDate":"2020-11-24T11:20:50.2000436-05:00","Locality":{"LocalityName":"STAFFORD COUNTY","LocalityCode":"179"},"Races":[{"RaceName":"President and Vice President","PrecinctsReporting":28,"PrecinctsParticipating":28,"NumberOfSeats":1,"Candidates":[{"BallotName":"Joseph R. Biden","BallotOrder":1,"Votes":40245,"Percentage":"50.54%","PoliticalParty":"Democratic"},{"BallotName":"Donald J. Trump","BallotOrder":2,"Votes":37636,"Percentage":"47.27%","PoliticalParty":"Republican"},{"BallotName":"Jo Jorgensen","BallotOrder":3,"Votes":1376,"Percentage":"1.73%","PoliticalParty":"Libertarian"},{"BallotName":"Write In","BallotOrder":2147483647,"Votes":368,"Percentage":"0.46%","PoliticalParty":"Write-In"}]},{"RaceName":"Member United States Senate","PrecinctsReporting":28,"PrecinctsParticipating":28,"NumberOfSeats":1,"Candidates":[{"BallotName":"Mark R. Warner","BallotOrder":1,"Votes":40566,"Percentage":"51.97%","PoliticalParty":"Democratic"},{"BallotName":"Daniel M. Gade","BallotOrder":2,"Votes":37389,"Percentage":"47.90%","PoliticalParty":"Republican"},{"BallotName":"Write In","BallotOrder":2147483647,"Votes":100,"Percentage":"0.13%","PoliticalParty":"Write-In"}]},{"RaceName":"Member House of Representatives (01)","PrecinctsReporting":28,"PrecinctsParticipating":28,"NumberOfSeats":1,"Candidates":[{"BallotName":"Qasim Rashid","BallotOrder":1,"Votes":35240,"Percentage":"45.31%","PoliticalParty":"Democratic"},{"BallotName":"Robert J. Wittman","BallotOrder":2,"Votes":42392,"Percentage":"54.51%","PoliticalParty":"Republican"},{"BallotName":"Write In","BallotOrder":2147483647,"Votes":135,"Percentage":"0.17%","PoliticalParty":"Write-In"}]},{"RaceName":"Constitutional Amendment #1","PrecinctsReporting":28,"PrecinctsParticipating":28,"NumberOfSeats":1,"Candidates":[{"BallotName":"Yes","BallotOrder":1,"Votes":51575,"Percentage":"67.89%","PoliticalParty":null},{"BallotName":"No","BallotOrder":2,"Votes":24393,"Percentage":"32.11%","PoliticalParty":null}]},{"RaceName":"Constitutional Amendment #2","PrecinctsReporting":28,"PrecinctsParticipating":28,"NumberOfSeats":1,"Candidates":[{"BallotName":"Yes","BallotOrder":1,"Votes":67369,"Percentage":"86.16%","PoliticalParty":null},{"BallotName":"No","BallotOrder":2,"Votes":10820,"Percentage":"13.84%","PoliticalParty":null}]}]}