{"ElectionName":"2020 November General","ElectionDate":"2020-11-03T00:00:00","CreateDate":"2020-11-24T11:20:50.2180464-05:00","Locality":{"LocalityName":"STAUNTON CITY","LocalityCode":"790"},"Races":[{"RaceName":"President and Vice President","PrecinctsReporting":6,"PrecinctsParticipating":6,"NumberOfSeats":1,"Candidates":[{"BallotName":"Joseph R. Biden","BallotOrder":1,"Votes":6981,"Percentage":"53.74%","PoliticalParty":"Democratic"},{"BallotName":"Donald J. Trump","BallotOrder":2,"Votes":5695,"Percentage":"43.84%","PoliticalParty":"Republican"},{"BallotName":"Jo Jorgensen","BallotOrder":3,"Votes":249,"Percentage":"1.92%","PoliticalParty":"Libertarian"},{"BallotName":"Write In","BallotOrder":2147483647,"Votes":65,"Percentage":"0.50%","PoliticalParty":"Write-In"}]},{"RaceName":"Member United States Senate","PrecinctsReporting":6,"PrecinctsParticipating":6,"NumberOfSeats":1,"Candidates":[{"BallotName":"Mark R. Warner","BallotOrder":1,"Votes":7289,"Percentage":"56.72%","PoliticalParty":"Democratic"},{"BallotName":"Daniel M. Gade","BallotOrder":2,"Votes":5546,"Percentage":"43.16%","PoliticalParty":"Republican"},{"BallotName":"Write In","BallotOrder":2147483647,"Votes":15,"Percentage":"0.12%","PoliticalParty":"Write-In"}]},{"RaceName":"Member House of Representatives (06)","PrecinctsReporting":6,"PrecinctsParticipating":6,"NumberOfSeats":1,"Candidates":[{"BallotName":"Nicholas A. Betts","BallotOrder":1,"Votes":6495,"Percentage":"50.93%","PoliticalParty":"Democratic"},{"BallotName":"Ben L. Cline","BallotOrder":2,"Votes":6238,"Percentage":"48.92%","PoliticalParty":"Republican"},{"BallotName":"Write In","BallotOrder":2147483647,"Votes":19,"Percentage":"0.15%","PoliticalParty":"Write-In"}]},{"RaceName":"Constitutional Amendment #1","PrecinctsReporting":6,"PrecinctsParticipating":6,"NumberOfSeats":1,"Candidates":[{"BallotName":"Yes","BallotOrder":1,"Votes":8706,"Percentage":"71.17%","PoliticalParty":null},{"BallotName":"No","BallotOrder":2,"Votes":3526,"Percentage":"28.83%","PoliticalParty":null}]},{"RaceName":"Constitutional Amendment #2","PrecinctsReporting":6,"PrecinctsParticipating":6,"NumberOfSeats":1,"Candidates":[{"BallotName":"Yes","BallotOrder":1,"Votes":10915,"Percentage":"86.95%","PoliticalParty":null},{"BallotName":"No","BallotOrder":2,"Votes":1638,"Percentage":"13.05%","PoliticalParty":null}]}]}