{"ElectionName":"2020 November General","ElectionDate":"2020-11-03T00:00:00","CreateDate":"2020-11-24T11:20:50.2420472-05:00","Locality":{"LocalityName":"SUFFOLK CITY","LocalityCode":"800"},"Races":[{"RaceName":"President and Vice President","PrecinctsReporting":28,"PrecinctsParticipating":28,"NumberOfSeats":1,"Candidates":[{"BallotName":"Joseph R. Biden","BallotOrder":1,"Votes":28676,"Percentage":"57.77%","PoliticalParty":"Democratic"},{"BallotName":"Donald J. Trump","BallotOrder":2,"Votes":20082,"Percentage":"40.45%","PoliticalParty":"Republican"},{"BallotName":"Jo Jorgensen","BallotOrder":3,"Votes":724,"Percentage":"1.46%","PoliticalParty":"Libertarian"},{"BallotName":"Write In","BallotOrder":2147483647,"Votes":160,"Percentage":"0.32%","PoliticalParty":"Write-In"}]},{"RaceName":"Member United States Senate","PrecinctsReporting":28,"PrecinctsParticipating":28,"NumberOfSeats":1,"Candidates":[{"BallotName":"Mark R. Warner","BallotOrder":1,"Votes":29275,"Percentage":"59.41%","PoliticalParty":"Democratic"},{"BallotName":"Daniel M. Gade","BallotOrder":2,"Votes":19955,"Percentage":"40.50%","PoliticalParty":"Republican"},{"BallotName":"Write In","BallotOrder":2147483647,"Votes":45,"Percentage":"0.09%","PoliticalParty":"Write-In"}]},{"RaceName":"Member House of Representatives (03)","PrecinctsReporting":19,"PrecinctsParticipating":19,"NumberOfSeats":1,"Candidates":[{"BallotName":"Robert C. \"Bobby\" Scott","BallotOrder":1,"Votes":19473,"Percentage":"60.74%","PoliticalParty":"Democratic"},{"BallotName":"John W. Collick Jr.","BallotOrder":2,"Votes":12527,"Percentage":"39.07%","PoliticalParty":"Republican"},{"BallotName":"Write In","BallotOrder":2147483647,"Votes":62,"Percentage":"0.19%","PoliticalParty":"Write-In"}]},{"RaceName":"Member House of Representatives (04)","PrecinctsReporting":14,"PrecinctsParticipating":14,"NumberOfSeats":1,"Candidates":[{"BallotName":"A. Donald McEachin","BallotOrder":1,"Votes":8325,"Percentage":"51.21%","PoliticalParty":"Democratic"},{"BallotName":"Leon Benjamin Sr.","BallotOrder":2,"Votes":7895,"Percentage":"48.57%","PoliticalParty":"Republican"},{"BallotName":"Write In","BallotOrder":2147483647,"Votes":36,"Percentage":"0.22%","PoliticalParty":"Write-In"}]},{"RaceName":"Mayor (SUFFOLK CITY)","PrecinctsReporting":28,"PrecinctsParticipating":28,"NumberOfSeats":1,"Candidates":[{"BallotName":"Michael D. \"Mike\" Duman","BallotOrder":1,"Votes":20038,"Percentage":"41.64%","PoliticalParty":""},{"BallotName":"Brian Bass","BallotOrder":2,"Votes":8208,"Percentage":"17.06%","PoliticalParty":""},{"BallotName":"Linda T. Johnson","BallotOrder":3,"Votes":14090,"Percentage":"29.28%","PoliticalParty":""},{"BallotName":"Vanessa L. \"Van\" Harris","BallotOrder":4,"Votes":5634,"Percentage":"11.71%","PoliticalParty":""},{"BallotName":"Write In","BallotOrder":2147483647,"Votes":148,"Percentage":"0.31%","PoliticalParty":""}]},{"RaceName":"Member City Council (NANSEMOND BOROUGH)","PrecinctsReporting":4,"PrecinctsParticipating":4,"NumberOfSeats":1,"Candidates":[{"BallotName":"Lue R. Ward Jr. ","BallotOrder":1,"Votes":3829,"Percentage":"51.99%","PoliticalParty":""},{"BallotName":"Courtney R. Wolfe","BallotOrder":2,"Votes":3504,"Percentage":"47.58%","PoliticalParty":""},{"BallotName":"Write In","BallotOrder":2147483647,"Votes":32,"Percentage":"0.43%","PoliticalParty":""}]},{"RaceName":"Member City Council (SLEEPY HOLE BOROUGH)","PrecinctsReporting":4,"PrecinctsParticipating":4,"NumberOfSeats":1,"Candidates":[{"BallotName":"Roger William Fawcett","BallotOrder":1,"Votes":6333,"Percentage":"96.51%","PoliticalParty":""},{"BallotName":"Write In","BallotOrder":2147483647,"Votes":229,"Percentage":"3.49%","PoliticalParty":""}]},{"RaceName":"Member City Council (WHALEYVILLE BOROUGH)","PrecinctsReporting":6,"PrecinctsParticipating":6,"NumberOfSeats":1,"Candidates":[{"BallotName":"LeOtis L. \"Turkey Man\" Williams","BallotOrder":1,"Votes":2913,"Percentage":"52.19%","PoliticalParty":""},{"BallotName":"Curtis R. Milteer Sr.","BallotOrder":2,"Votes":1296,"Percentage":"23.22%","PoliticalParty":""},{"BallotName":"Michael Z. Britt","BallotOrder":3,"Votes":1339,"Percentage":"23.99%","PoliticalParty":""},{"BallotName":"Write In","BallotOrder":2147483647,"Votes":34,"Percentage":"0.61%","PoliticalParty":""}]},{"RaceName":"Member School Board (NANSEMOND BOROUGH)","PrecinctsReporting":4,"PrecinctsParticipating":4,"NumberOfSeats":1,"Candidates":[{"BallotName":"Judith Brooks-Buck","BallotOrder":1,"Votes":4159,"Percentage":"58.71%","PoliticalParty":""},{"BallotName":"Andrew D. \"Andy\" Hilton","BallotOrder":2,"Votes":2863,"Percentage":"40.42%","PoliticalParty":""},{"BallotName":"Write In","BallotOrder":2147483647,"Votes":62,"Percentage":"0.88%","PoliticalParty":""}]},{"RaceName":"Member School Board (SLEEPY HOLE BOROUGH)","PrecinctsReporting":4,"PrecinctsParticipating":4,"NumberOfSeats":1,"Candidates":[{"BallotName":"David P. Mitnick","BallotOrder":1,"Votes":6239,"Percentage":"97.87%","PoliticalParty":""},{"BallotName":"Write In","BallotOrder":2147483647,"Votes":136,"Percentage":"2.13%","PoliticalParty":""}]},{"RaceName":"Member School Board (WHALEYVILLE BOROUGH)","PrecinctsReporting":6,"PrecinctsParticipating":6,"NumberOfSeats":1,"Candidates":[{"BallotName":"Phyllis Collier Byrum","BallotOrder":1,"Votes":4273,"Percentage":"88.10%","PoliticalParty":""},{"BallotName":"Write In","BallotOrder":2147483647,"Votes":577,"Percentage":"11.90%","PoliticalParty":""}]},{"RaceName":"Constitutional Amendment #1","PrecinctsReporting":28,"PrecinctsParticipating":28,"NumberOfSeats":1,"Candidates":[{"BallotName":"Yes","BallotOrder":1,"Votes":33377,"Percentage":"71.33%","PoliticalParty":null},{"BallotName":"No","BallotOrder":2,"Votes":13417,"Percentage":"28.67%","PoliticalParty":null}]},{"RaceName":"Constitutional Amendment #2","PrecinctsReporting":28,"PrecinctsParticipating":28,"NumberOfSeats":1,"Candidates":[{"BallotName":"Yes","BallotOrder":1,"Votes":40919,"Percentage":"85.43%","PoliticalParty":null},{"BallotName":"No","BallotOrder":2,"Votes":6978,"Percentage":"14.57%","PoliticalParty":null}]}]}