{"ElectionName":"2020 November General","ElectionDate":"2020-11-03T00:00:00","CreateDate":"2020-11-24T11:20:50.3210542-05:00","Locality":{"LocalityName":"SUSSEX COUNTY","LocalityCode":"183"},"Races":[{"RaceName":"President and Vice President","PrecinctsReporting":12,"PrecinctsParticipating":12,"NumberOfSeats":1,"Candidates":[{"BallotName":"Joseph R. Biden","BallotOrder":1,"Votes":2827,"Percentage":"55.56%","PoliticalParty":"Democratic"},{"BallotName":"Donald J. Trump","BallotOrder":2,"Votes":2219,"Percentage":"43.61%","PoliticalParty":"Republican"},{"BallotName":"Jo Jorgensen","BallotOrder":3,"Votes":35,"Percentage":"0.69%","PoliticalParty":"Libertarian"},{"BallotName":"Write In","BallotOrder":2147483647,"Votes":7,"Percentage":"0.14%","PoliticalParty":"Write-In"}]},{"RaceName":"Member United States Senate","PrecinctsReporting":12,"PrecinctsParticipating":12,"NumberOfSeats":1,"Candidates":[{"BallotName":"Mark R. Warner","BallotOrder":1,"Votes":2924,"Percentage":"57.62%","PoliticalParty":"Democratic"},{"BallotName":"Daniel M. Gade","BallotOrder":2,"Votes":2146,"Percentage":"42.29%","PoliticalParty":"Republican"},{"BallotName":"Write In","BallotOrder":2147483647,"Votes":5,"Percentage":"0.10%","PoliticalParty":"Write-In"}]},{"RaceName":"Member House of Representatives (04)","PrecinctsReporting":12,"PrecinctsParticipating":12,"NumberOfSeats":1,"Candidates":[{"BallotName":"A. Donald McEachin","BallotOrder":1,"Votes":2822,"Percentage":"56.56%","PoliticalParty":"Democratic"},{"BallotName":"Leon Benjamin Sr.","BallotOrder":2,"Votes":2160,"Percentage":"43.30%","PoliticalParty":"Republican"},{"BallotName":"Write In","BallotOrder":2147483647,"Votes":7,"Percentage":"0.14%","PoliticalParty":"Write-In"}]},{"RaceName":"Commonwealth's Attorney (SUSSEX COUNTY)","PrecinctsReporting":12,"PrecinctsParticipating":12,"NumberOfSeats":1,"Candidates":[{"BallotName":"Vincent L. Robertson","BallotOrder":1,"Votes":2508,"Percentage":"50.95%","PoliticalParty":""},{"BallotName":"Lindsay R. Hartz","BallotOrder":2,"Votes":2393,"Percentage":"48.62%","PoliticalParty":""},{"BallotName":"Write In","BallotOrder":2147483647,"Votes":21,"Percentage":"0.43%","PoliticalParty":""}]},{"RaceName":"Constitutional Amendment #1","PrecinctsReporting":12,"PrecinctsParticipating":12,"NumberOfSeats":1,"Candidates":[{"BallotName":"Yes","BallotOrder":1,"Votes":3269,"Percentage":"71.67%","PoliticalParty":null},{"BallotName":"No","BallotOrder":2,"Votes":1292,"Percentage":"28.33%","PoliticalParty":null}]},{"RaceName":"Constitutional Amendment #2","PrecinctsReporting":12,"PrecinctsParticipating":12,"NumberOfSeats":1,"Candidates":[{"BallotName":"Yes","BallotOrder":1,"Votes":4055,"Percentage":"87.41%","PoliticalParty":null},{"BallotName":"No","BallotOrder":2,"Votes":584,"Percentage":"12.59%","PoliticalParty":null}]}]}