{"ElectionName":"2020 November General","ElectionDate":"2020-11-03T00:00:00","CreateDate":"2020-11-24T11:20:50.3440551-05:00","Locality":{"LocalityName":"TAZEWELL COUNTY","LocalityCode":"185"},"Races":[{"RaceName":"President and Vice President","PrecinctsReporting":21,"PrecinctsParticipating":21,"NumberOfSeats":1,"Candidates":[{"BallotName":"Joseph R. Biden","BallotOrder":1,"Votes":3205,"Percentage":"15.92%","PoliticalParty":"Democratic"},{"BallotName":"Donald J. Trump","BallotOrder":2,"Votes":16731,"Percentage":"83.10%","PoliticalParty":"Republican"},{"BallotName":"Jo Jorgensen","BallotOrder":3,"Votes":159,"Percentage":"0.79%","PoliticalParty":"Libertarian"},{"BallotName":"Write In","BallotOrder":2147483647,"Votes":39,"Percentage":"0.19%","PoliticalParty":"Write-In"}]},{"RaceName":"Member United States Senate","PrecinctsReporting":21,"PrecinctsParticipating":21,"NumberOfSeats":1,"Candidates":[{"BallotName":"Mark R. Warner","BallotOrder":1,"Votes":4504,"Percentage":"23.03%","PoliticalParty":"Democratic"},{"BallotName":"Daniel M. Gade","BallotOrder":2,"Votes":15033,"Percentage":"76.87%","PoliticalParty":"Republican"},{"BallotName":"Write In","BallotOrder":2147483647,"Votes":20,"Percentage":"0.10%","PoliticalParty":"Write-In"}]},{"RaceName":"Member House of Representatives (09)","PrecinctsReporting":21,"PrecinctsParticipating":21,"NumberOfSeats":1,"Candidates":[{"BallotName":"H. Morgan Griffith","BallotOrder":1,"Votes":17059,"Percentage":"97.49%","PoliticalParty":"Republican"},{"BallotName":"Write In","BallotOrder":2147483647,"Votes":440,"Percentage":"2.51%","PoliticalParty":"Write-In"}]},{"RaceName":"Mayor - Bluefield (BLUEFIELD)","PrecinctsReporting":2,"PrecinctsParticipating":2,"NumberOfSeats":1,"Candidates":[{"BallotName":"Donald Scott Linkous","BallotOrder":1,"Votes":1359,"Percentage":"57.58%","PoliticalParty":""},{"BallotName":"James Jarrod Bailey","BallotOrder":2,"Votes":977,"Percentage":"41.40%","PoliticalParty":""},{"BallotName":"Write In","BallotOrder":2147483647,"Votes":24,"Percentage":"1.02%","PoliticalParty":""}]},{"RaceName":"Mayor - Cedar Bluff (CEDAR BLUFF)","PrecinctsReporting":2,"PrecinctsParticipating":2,"NumberOfSeats":1,"Candidates":[{"BallotName":"Tonya V. Wicks","BallotOrder":1,"Votes":159,"Percentage":"33.54%","PoliticalParty":""},{"BallotName":"Lukas J. Phillips","BallotOrder":2,"Votes":204,"Percentage":"43.04%","PoliticalParty":""},{"BallotName":"Write In","BallotOrder":2147483647,"Votes":111,"Percentage":"23.42%","PoliticalParty":""}]},{"RaceName":"Mayor - Pocahontas (POCAHONTAS)","PrecinctsReporting":2,"PrecinctsParticipating":2,"NumberOfSeats":1,"Candidates":[{"BallotName":"Charles T. Helmandollar","BallotOrder":1,"Votes":73,"Percentage":"47.40%","PoliticalParty":""},{"BallotName":"Benjamin A. Gibson","BallotOrder":2,"Votes":79,"Percentage":"51.30%","PoliticalParty":""},{"BallotName":"Write In","BallotOrder":2147483647,"Votes":2,"Percentage":"1.30%","PoliticalParty":""}]},{"RaceName":"Mayor - Richlands (RICHLANDS)","PrecinctsReporting":2,"PrecinctsParticipating":2,"NumberOfSeats":1,"Candidates":[{"BallotName":"Paul D. Crawford","BallotOrder":1,"Votes":1185,"Percentage":"50.49%","PoliticalParty":""},{"BallotName":"Jannis R. \"Jan\" White","BallotOrder":2,"Votes":1148,"Percentage":"48.91%","PoliticalParty":""},{"BallotName":"Write In","BallotOrder":2147483647,"Votes":14,"Percentage":"0.60%","PoliticalParty":""}]},{"RaceName":"Mayor - Tazewell (TAZEWELL)","PrecinctsReporting":2,"PrecinctsParticipating":2,"NumberOfSeats":1,"Candidates":[{"BallotName":"Michael F. Hoops","BallotOrder":1,"Votes":1768,"Percentage":"97.09%","PoliticalParty":""},{"BallotName":"Write In","BallotOrder":2147483647,"Votes":53,"Percentage":"2.91%","PoliticalParty":""}]},{"RaceName":"Member Town Council - Bluefield (BLUEFIELD)","PrecinctsReporting":2,"PrecinctsParticipating":2,"NumberOfSeats":3,"Candidates":[{"BallotName":"Charles E. \"Chuck\" Presley, Jr.","BallotOrder":1,"Votes":1803,"Percentage":"39.27%","PoliticalParty":""},{"BallotName":"Richard A. \"Rick\" Holman, Jr.","BallotOrder":2,"Votes":1291,"Percentage":"28.12%","PoliticalParty":""},{"BallotName":"Ron D. Holt II","BallotOrder":3,"Votes":1369,"Percentage":"29.82%","PoliticalParty":""},{"BallotName":"Write In","BallotOrder":2147483647,"Votes":128,"Percentage":"2.79%","PoliticalParty":""}]},{"RaceName":"Member Town Council - Cedar Bluff (CEDAR BLUFF)","PrecinctsReporting":2,"PrecinctsParticipating":2,"NumberOfSeats":3,"Candidates":[{"BallotName":"Kenneth M. Shepard","BallotOrder":1,"Votes":174,"Percentage":"14.01%","PoliticalParty":""},{"BallotName":"Brian J. Sword","BallotOrder":2,"Votes":178,"Percentage":"14.33%","PoliticalParty":""},{"BallotName":"C. Jerry Herron","BallotOrder":3,"Votes":141,"Percentage":"11.35%","PoliticalParty":""},{"BallotName":"Tressia L. Boyd","BallotOrder":4,"Votes":216,"Percentage":"17.39%","PoliticalParty":""},{"BallotName":"John York Lindsey","BallotOrder":5,"Votes":271,"Percentage":"21.82%","PoliticalParty":""},{"BallotName":"Jaimie G. Tuggle","BallotOrder":6,"Votes":246,"Percentage":"19.81%","PoliticalParty":""},{"BallotName":"Write In","BallotOrder":2147483647,"Votes":16,"Percentage":"1.29%","PoliticalParty":""}]},{"RaceName":"Member Town Council - Pocahontas (POCAHONTAS)","PrecinctsReporting":2,"PrecinctsParticipating":2,"NumberOfSeats":4,"Candidates":[{"BallotName":"Jack R. Mullins","BallotOrder":1,"Votes":64,"Percentage":"13.97%","PoliticalParty":""},{"BallotName":"Ted M. Sluss","BallotOrder":2,"Votes":89,"Percentage":"19.43%","PoliticalParty":""},{"BallotName":"Mike H. Gibson","BallotOrder":3,"Votes":67,"Percentage":"14.63%","PoliticalParty":""},{"BallotName":"J. Suzanne Brinegar","BallotOrder":4,"Votes":99,"Percentage":"21.62%","PoliticalParty":""},{"BallotName":"A. Brad Belcher","BallotOrder":5,"Votes":64,"Percentage":"13.97%","PoliticalParty":""},{"BallotName":"Don E. Cates II","BallotOrder":6,"Votes":70,"Percentage":"15.28%","PoliticalParty":""},{"BallotName":"Write In","BallotOrder":2147483647,"Votes":5,"Percentage":"1.09%","PoliticalParty":""}]},{"RaceName":"Member Town Council - Richlands (RICHLANDS)","PrecinctsReporting":2,"PrecinctsParticipating":2,"NumberOfSeats":3,"Candidates":[{"BallotName":"Rick L. Wood II","BallotOrder":1,"Votes":707,"Percentage":"11.56%","PoliticalParty":""},{"BallotName":"Bonnie S. Cook","BallotOrder":2,"Votes":424,"Percentage":"6.93%","PoliticalParty":""},{"BallotName":"Douglas R. Ratliff","BallotOrder":3,"Votes":894,"Percentage":"14.61%","PoliticalParty":""},{"BallotName":"C. Logan Plaster","BallotOrder":4,"Votes":845,"Percentage":"13.81%","PoliticalParty":""},{"BallotName":"Eric K. Phipps","BallotOrder":5,"Votes":590,"Percentage":"9.64%","PoliticalParty":""},{"BallotName":"B. Elliott Joyce","BallotOrder":6,"Votes":704,"Percentage":"11.51%","PoliticalParty":""},{"BallotName":"Mike J. Street, Jr.","BallotOrder":7,"Votes":1377,"Percentage":"22.51%","PoliticalParty":""},{"BallotName":"Frances D. Meadows","BallotOrder":8,"Votes":538,"Percentage":"8.79%","PoliticalParty":""},{"BallotName":"Write In","BallotOrder":2147483647,"Votes":39,"Percentage":"0.64%","PoliticalParty":""}]},{"RaceName":"Member Town Council - Tazewell (TAZEWELL)","PrecinctsReporting":2,"PrecinctsParticipating":2,"NumberOfSeats":3,"Candidates":[{"BallotName":"David H. Fox","BallotOrder":1,"Votes":1357,"Percentage":"34.91%","PoliticalParty":""},{"BallotName":"Joe R. Beasley","BallotOrder":2,"Votes":1158,"Percentage":"29.79%","PoliticalParty":""},{"BallotName":"Glenn L. Catron","BallotOrder":3,"Votes":1313,"Percentage":"33.78%","PoliticalParty":""},{"BallotName":"Write In","BallotOrder":2147483647,"Votes":59,"Percentage":"1.52%","PoliticalParty":""}]},{"RaceName":"Constitutional Amendment #1","PrecinctsReporting":21,"PrecinctsParticipating":21,"NumberOfSeats":1,"Candidates":[{"BallotName":"Yes","BallotOrder":1,"Votes":12030,"Percentage":"63.65%","PoliticalParty":null},{"BallotName":"No","BallotOrder":2,"Votes":6869,"Percentage":"36.35%","PoliticalParty":null}]},{"RaceName":"Constitutional Amendment #2","PrecinctsReporting":21,"PrecinctsParticipating":21,"NumberOfSeats":1,"Candidates":[{"BallotName":"Yes","BallotOrder":1,"Votes":17830,"Percentage":"90.00%","PoliticalParty":null},{"BallotName":"No","BallotOrder":2,"Votes":1982,"Percentage":"10.00%","PoliticalParty":null}]},{"RaceName":"Advisory Referendum on Relocation of Confederate Soldier Monument (TAZEWELL COUNTY)","PrecinctsReporting":21,"PrecinctsParticipating":21,"NumberOfSeats":1,"Candidates":[{"BallotName":"Yes","BallotOrder":1,"Votes":2503,"Percentage":"12.62%","PoliticalParty":null},{"BallotName":"No","BallotOrder":2,"Votes":17335,"Percentage":"87.38%","PoliticalParty":null}]}]}