{"ElectionName":"2020 November General","ElectionDate":"2020-11-03T00:00:00","CreateDate":"2020-11-24T11:20:50.3910596-05:00","Locality":{"LocalityName":"VIRGINIA BEACH CITY","LocalityCode":"810"},"Races":[{"RaceName":"President and Vice President","PrecinctsReporting":101,"PrecinctsParticipating":101,"NumberOfSeats":1,"Candidates":[{"BallotName":"Joseph R. Biden","BallotOrder":1,"Votes":117393,"Percentage":"51.59%","PoliticalParty":"Democratic"},{"BallotName":"Donald J. Trump","BallotOrder":2,"Votes":105087,"Percentage":"46.18%","PoliticalParty":"Republican"},{"BallotName":"Jo Jorgensen","BallotOrder":3,"Votes":4208,"Percentage":"1.85%","PoliticalParty":"Libertarian"},{"BallotName":"Write In","BallotOrder":2147483647,"Votes":873,"Percentage":"0.38%","PoliticalParty":"Write-In"}]},{"RaceName":"Member United States Senate","PrecinctsReporting":101,"PrecinctsParticipating":101,"NumberOfSeats":1,"Candidates":[{"BallotName":"Mark R. Warner","BallotOrder":1,"Votes":120753,"Percentage":"53.91%","PoliticalParty":"Democratic"},{"BallotName":"Daniel M. Gade","BallotOrder":2,"Votes":103037,"Percentage":"46.00%","PoliticalParty":"Republican"},{"BallotName":"Write In","BallotOrder":2147483647,"Votes":202,"Percentage":"0.09%","PoliticalParty":"Write-In"}]},{"RaceName":"Member House of Representatives (02)","PrecinctsReporting":101,"PrecinctsParticipating":101,"NumberOfSeats":1,"Candidates":[{"BallotName":"Elaine G. Luria","BallotOrder":1,"Votes":116623,"Percentage":"51.80%","PoliticalParty":"Democratic"},{"BallotName":"Scott W. Taylor","BallotOrder":2,"Votes":102838,"Percentage":"45.68%","PoliticalParty":"Republican"},{"BallotName":"David Bruce Foster","BallotOrder":3,"Votes":5451,"Percentage":"2.42%","PoliticalParty":"Independent"},{"BallotName":"Write In","BallotOrder":2147483647,"Votes":222,"Percentage":"0.10%","PoliticalParty":"Write-In"}]},{"RaceName":"Mayor (VIRGINIA BEACH CITY)","PrecinctsReporting":101,"PrecinctsParticipating":101,"NumberOfSeats":1,"Candidates":[{"BallotName":"Robert M. \"Bobby\" Dyer","BallotOrder":1,"Votes":113567,"Percentage":"51.64%","PoliticalParty":""},{"BallotName":"Jody M. Wagner","BallotOrder":2,"Votes":96400,"Percentage":"43.83%","PoliticalParty":""},{"BallotName":"Richard W. \"RK\" Kowalewitch","BallotOrder":3,"Votes":9570,"Percentage":"4.35%","PoliticalParty":""},{"BallotName":"Write In","BallotOrder":2147483647,"Votes":387,"Percentage":"0.18%","PoliticalParty":""}]},{"RaceName":"Member City Council - At Large (VIRGINIA BEACH CITY)","PrecinctsReporting":101,"PrecinctsParticipating":101,"NumberOfSeats":1,"Candidates":[{"BallotName":"Rosemary A. Wilson","BallotOrder":1,"Votes":111131,"Percentage":"53.60%","PoliticalParty":""},{"BallotName":"Brandon C. Hutchins","BallotOrder":2,"Votes":73786,"Percentage":"35.59%","PoliticalParty":""},{"BallotName":"Nadine Marie Paniccia","BallotOrder":3,"Votes":21609,"Percentage":"10.42%","PoliticalParty":""},{"BallotName":"Write In","BallotOrder":2147483647,"Votes":814,"Percentage":"0.39%","PoliticalParty":""}]},{"RaceName":"Member School Board - At Large (VIRGINIA BEACH CITY)","PrecinctsReporting":101,"PrecinctsParticipating":101,"NumberOfSeats":2,"Candidates":[{"BallotName":"Beverly M. Anderson","BallotOrder":1,"Votes":94666,"Percentage":"31.08%","PoliticalParty":""},{"BallotName":"Victoria C. Manning","BallotOrder":2,"Votes":89094,"Percentage":"29.25%","PoliticalParty":""},{"BallotName":"Matthias Paul Telkamp","BallotOrder":3,"Votes":45201,"Percentage":"14.84%","PoliticalParty":""},{"BallotName":"Jeffrey A. \"Doc\" Feld","BallotOrder":4,"Votes":36279,"Percentage":"11.91%","PoliticalParty":""},{"BallotName":"Lauren L. Logan","BallotOrder":5,"Votes":36870,"Percentage":"12.10%","PoliticalParty":""},{"BallotName":"Write In","BallotOrder":2147483647,"Votes":2488,"Percentage":"0.82%","PoliticalParty":""}]},{"RaceName":"Member City Council - Centerville District (VIRGINIA BEACH CITY)","PrecinctsReporting":101,"PrecinctsParticipating":101,"NumberOfSeats":1,"Candidates":[{"BallotName":"Eric V. Wray II","BallotOrder":1,"Votes":85781,"Percentage":"44.58%","PoliticalParty":""},{"BallotName":"Sabrina D. Wooten","BallotOrder":2,"Votes":105967,"Percentage":"55.07%","PoliticalParty":""},{"BallotName":"Write In","BallotOrder":2147483647,"Votes":681,"Percentage":"0.35%","PoliticalParty":""}]},{"RaceName":"Member City Council - Kempsville District (VIRGINIA BEACH CITY)","PrecinctsReporting":101,"PrecinctsParticipating":101,"NumberOfSeats":1,"Candidates":[{"BallotName":"Jessica P. Abbott","BallotOrder":1,"Votes":120136,"Percentage":"62.25%","PoliticalParty":""},{"BallotName":"William J. \"Bill\" Dale","BallotOrder":2,"Votes":72238,"Percentage":"37.43%","PoliticalParty":""},{"BallotName":"Write In","BallotOrder":2147483647,"Votes":611,"Percentage":"0.32%","PoliticalParty":""}]},{"RaceName":"Member City Council - Rose Hall District (VIRGINIA BEACH CITY)","PrecinctsReporting":101,"PrecinctsParticipating":101,"NumberOfSeats":1,"Candidates":[{"BallotName":"Michael F. Berlucchi","BallotOrder":1,"Votes":108629,"Percentage":"57.31%","PoliticalParty":""},{"BallotName":"C. Conrad Schesventer II","BallotOrder":2,"Votes":52500,"Percentage":"27.70%","PoliticalParty":""},{"BallotName":"Garry B. Hubbard","BallotOrder":3,"Votes":27513,"Percentage":"14.51%","PoliticalParty":""},{"BallotName":"Write In","BallotOrder":2147483647,"Votes":912,"Percentage":"0.48%","PoliticalParty":""}]},{"RaceName":"Member School Board - Centerville District (VIRGINIA BEACH CITY)","PrecinctsReporting":101,"PrecinctsParticipating":101,"NumberOfSeats":1,"Candidates":[{"BallotName":"Trenace Basnight Riggs","BallotOrder":1,"Votes":101374,"Percentage":"54.25%","PoliticalParty":""},{"BallotName":"Luis M. Cortes III","BallotOrder":2,"Votes":84793,"Percentage":"45.38%","PoliticalParty":""},{"BallotName":"Write In","BallotOrder":2147483647,"Votes":682,"Percentage":"0.37%","PoliticalParty":""}]},{"RaceName":"Member School Board - Kempsville District (VIRGINIA BEACH CITY)","PrecinctsReporting":101,"PrecinctsParticipating":101,"NumberOfSeats":1,"Candidates":[{"BallotName":"Jennifer S. Franklin","BallotOrder":1,"Votes":102432,"Percentage":"54.06%","PoliticalParty":""},{"BallotName":"Daniel D. \"Dan\" Edwards","BallotOrder":2,"Votes":86417,"Percentage":"45.61%","PoliticalParty":""},{"BallotName":"Write In","BallotOrder":2147483647,"Votes":640,"Percentage":"0.34%","PoliticalParty":""}]},{"RaceName":"Member School Board - Rose Hall District (VIRGINIA BEACH CITY)","PrecinctsReporting":101,"PrecinctsParticipating":101,"NumberOfSeats":1,"Candidates":[{"BallotName":"Joanna L. Moran","BallotOrder":1,"Votes":81732,"Percentage":"43.69%","PoliticalParty":""},{"BallotName":"Jessica L. Owens","BallotOrder":2,"Votes":104602,"Percentage":"55.91%","PoliticalParty":""},{"BallotName":"Write In","BallotOrder":2147483647,"Votes":757,"Percentage":"0.40%","PoliticalParty":""}]},{"RaceName":"Constitutional Amendment #1","PrecinctsReporting":101,"PrecinctsParticipating":101,"NumberOfSeats":1,"Candidates":[{"BallotName":"Yes","BallotOrder":1,"Votes":147214,"Percentage":"69.30%","PoliticalParty":null},{"BallotName":"No","BallotOrder":2,"Votes":65212,"Percentage":"30.70%","PoliticalParty":null}]},{"RaceName":"Constitutional Amendment #2","PrecinctsReporting":101,"PrecinctsParticipating":101,"NumberOfSeats":1,"Candidates":[{"BallotName":"Yes","BallotOrder":1,"Votes":187192,"Percentage":"85.10%","PoliticalParty":null},{"BallotName":"No","BallotOrder":2,"Votes":32766,"Percentage":"14.90%","PoliticalParty":null}]}]}