{"ElectionName":"2020 November General","ElectionDate":"2020-11-03T00:00:00","CreateDate":"2020-11-24T11:20:50.4100599-05:00","Locality":{"LocalityName":"WARREN COUNTY","LocalityCode":"187"},"Races":[{"RaceName":"President and Vice President","PrecinctsReporting":12,"PrecinctsParticipating":12,"NumberOfSeats":1,"Candidates":[{"BallotName":"Joseph R. Biden","BallotOrder":1,"Votes":6603,"Percentage":"31.22%","PoliticalParty":"Democratic"},{"BallotName":"Donald J. Trump","BallotOrder":2,"Votes":14069,"Percentage":"66.53%","PoliticalParty":"Republican"},{"BallotName":"Jo Jorgensen","BallotOrder":3,"Votes":365,"Percentage":"1.73%","PoliticalParty":"Libertarian"},{"BallotName":"Write In","BallotOrder":2147483647,"Votes":110,"Percentage":"0.52%","PoliticalParty":"Write-In"}]},{"RaceName":"Member United States Senate","PrecinctsReporting":12,"PrecinctsParticipating":12,"NumberOfSeats":1,"Candidates":[{"BallotName":"Mark R. Warner","BallotOrder":1,"Votes":7075,"Percentage":"33.73%","PoliticalParty":"Democratic"},{"BallotName":"Daniel M. Gade","BallotOrder":2,"Votes":13874,"Percentage":"66.15%","PoliticalParty":"Republican"},{"BallotName":"Write In","BallotOrder":2147483647,"Votes":24,"Percentage":"0.11%","PoliticalParty":"Write-In"}]},{"RaceName":"Member House of Representatives (06)","PrecinctsReporting":12,"PrecinctsParticipating":12,"NumberOfSeats":1,"Candidates":[{"BallotName":"Nicholas A. Betts","BallotOrder":1,"Votes":6319,"Percentage":"30.34%","PoliticalParty":"Democratic"},{"BallotName":"Ben L. Cline","BallotOrder":2,"Votes":14479,"Percentage":"69.51%","PoliticalParty":"Republican"},{"BallotName":"Write In","BallotOrder":2147483647,"Votes":31,"Percentage":"0.15%","PoliticalParty":"Write-In"}]},{"RaceName":"Member House of Delegates (029)","PrecinctsReporting":5,"PrecinctsParticipating":5,"NumberOfSeats":1,"Candidates":[{"BallotName":"Irina B. Khanin","BallotOrder":1,"Votes":1680,"Percentage":"31.45%","PoliticalParty":"Democratic"},{"BallotName":"William D. \"Bill\" Wiley","BallotOrder":2,"Votes":3652,"Percentage":"68.38%","PoliticalParty":"Republican"},{"BallotName":"Write In","BallotOrder":2147483647,"Votes":9,"Percentage":"0.17%","PoliticalParty":"Write-In"}]},{"RaceName":"Mayor (FRONT ROYAL)","PrecinctsReporting":6,"PrecinctsParticipating":6,"NumberOfSeats":1,"Candidates":[{"BallotName":"Michael D. McCool","BallotOrder":1,"Votes":2295,"Percentage":"37.15%","PoliticalParty":""},{"BallotName":"James P. \"Jim\" Favors","BallotOrder":2,"Votes":585,"Percentage":"9.47%","PoliticalParty":""},{"BallotName":"Chris W. Holloway","BallotOrder":3,"Votes":2874,"Percentage":"46.53%","PoliticalParty":""},{"BallotName":"Write In","BallotOrder":2147483647,"Votes":423,"Percentage":"6.85%","PoliticalParty":""}]},{"RaceName":"Member Town Council (FRONT ROYAL)","PrecinctsReporting":6,"PrecinctsParticipating":6,"NumberOfSeats":3,"Candidates":[{"BallotName":"Eugene R. Tewalt","BallotOrder":1,"Votes":1806,"Percentage":"11.89%","PoliticalParty":""},{"BallotName":"Lori Athey Cockrell","BallotOrder":2,"Votes":3474,"Percentage":"22.87%","PoliticalParty":""},{"BallotName":"Darryl G. Merchant","BallotOrder":3,"Votes":1309,"Percentage":"8.62%","PoliticalParty":""},{"BallotName":"H. Bruce Rappaport","BallotOrder":4,"Votes":1035,"Percentage":"6.81%","PoliticalParty":""},{"BallotName":"Betty McIlwee Showers","BallotOrder":5,"Votes":1712,"Percentage":"11.27%","PoliticalParty":""},{"BallotName":"Joseph E. Mcfadden","BallotOrder":6,"Votes":2588,"Percentage":"17.04%","PoliticalParty":""},{"BallotName":"Josh L. Ingram","BallotOrder":7,"Votes":1072,"Percentage":"7.06%","PoliticalParty":""},{"BallotName":"E. Scott Lloyd","BallotOrder":8,"Votes":2092,"Percentage":"13.77%","PoliticalParty":""},{"BallotName":"Write In","BallotOrder":2147483647,"Votes":104,"Percentage":"0.68%","PoliticalParty":""}]},{"RaceName":"Constitutional Amendment #1","PrecinctsReporting":12,"PrecinctsParticipating":12,"NumberOfSeats":1,"Candidates":[{"BallotName":"Yes","BallotOrder":1,"Votes":13924,"Percentage":"69.83%","PoliticalParty":null},{"BallotName":"No","BallotOrder":2,"Votes":6015,"Percentage":"30.17%","PoliticalParty":null}]},{"RaceName":"Constitutional Amendment #2","PrecinctsReporting":12,"PrecinctsParticipating":12,"NumberOfSeats":1,"Candidates":[{"BallotName":"Yes","BallotOrder":1,"Votes":18878,"Percentage":"91.01%","PoliticalParty":null},{"BallotName":"No","BallotOrder":2,"Votes":1865,"Percentage":"8.99%","PoliticalParty":null}]},{"RaceName":"Relocation of a Confederate Monument from the Courthouse Lawn (WARREN COUNTY)","PrecinctsReporting":12,"PrecinctsParticipating":12,"NumberOfSeats":1,"Candidates":[{"BallotName":"Yes","BallotOrder":1,"Votes":4915,"Percentage":"23.68%","PoliticalParty":null},{"BallotName":"No","BallotOrder":2,"Votes":15845,"Percentage":"76.32%","PoliticalParty":null}]}]}