{"ElectionName":"2020 November General","ElectionDate":"2020-11-03T00:00:00","CreateDate":"2020-11-24T11:20:50.4730729-05:00","Locality":{"LocalityName":"WASHINGTON COUNTY","LocalityCode":"191"},"Races":[{"RaceName":"President and Vice President","PrecinctsReporting":20,"PrecinctsParticipating":20,"NumberOfSeats":1,"Candidates":[{"BallotName":"Joseph R. Biden","BallotOrder":1,"Votes":6617,"Percentage":"23.07%","PoliticalParty":"Democratic"},{"BallotName":"Donald J. Trump","BallotOrder":2,"Votes":21679,"Percentage":"75.58%","PoliticalParty":"Republican"},{"BallotName":"Jo Jorgensen","BallotOrder":3,"Votes":304,"Percentage":"1.06%","PoliticalParty":"Libertarian"},{"BallotName":"Write In","BallotOrder":2147483647,"Votes":85,"Percentage":"0.30%","PoliticalParty":"Write-In"}]},{"RaceName":"Member United States Senate","PrecinctsReporting":20,"PrecinctsParticipating":20,"NumberOfSeats":1,"Candidates":[{"BallotName":"Mark R. Warner","BallotOrder":1,"Votes":7744,"Percentage":"27.24%","PoliticalParty":"Democratic"},{"BallotName":"Daniel M. Gade","BallotOrder":2,"Votes":20656,"Percentage":"72.66%","PoliticalParty":"Republican"},{"BallotName":"Write In","BallotOrder":2147483647,"Votes":27,"Percentage":"0.09%","PoliticalParty":"Write-In"}]},{"RaceName":"Member House of Representatives (09)","PrecinctsReporting":20,"PrecinctsParticipating":20,"NumberOfSeats":1,"Candidates":[{"BallotName":"H. Morgan Griffith","BallotOrder":1,"Votes":23583,"Percentage":"93.77%","PoliticalParty":"Republican"},{"BallotName":"Write In","BallotOrder":2147483647,"Votes":1566,"Percentage":"6.23%","PoliticalParty":"Write-In"}]},{"RaceName":"Mayor - Damascus (DAMASCUS)","PrecinctsReporting":2,"PrecinctsParticipating":2,"NumberOfSeats":1,"Candidates":[{"BallotName":"Jack R. McCrady, Jr.","BallotOrder":1,"Votes":155,"Percentage":"42.12%","PoliticalParty":""},{"BallotName":"Katie M. Lamb","BallotOrder":2,"Votes":210,"Percentage":"57.07%","PoliticalParty":""},{"BallotName":"Write In","BallotOrder":2147483647,"Votes":3,"Percentage":"0.82%","PoliticalParty":""}]},{"RaceName":"Member Town Council - Damascus (DAMASCUS)","PrecinctsReporting":2,"PrecinctsParticipating":2,"NumberOfSeats":3,"Candidates":[{"BallotName":"Tommy D. Hayes","BallotOrder":1,"Votes":192,"Percentage":"26.48%","PoliticalParty":""},{"BallotName":"W. Beaty Jackson","BallotOrder":2,"Votes":155,"Percentage":"21.38%","PoliticalParty":""},{"BallotName":"Susan M. Coleman","BallotOrder":3,"Votes":216,"Percentage":"29.79%","PoliticalParty":""},{"BallotName":"Larry W. Riddle","BallotOrder":4,"Votes":126,"Percentage":"17.38%","PoliticalParty":""},{"BallotName":"Write In","BallotOrder":2147483647,"Votes":36,"Percentage":"4.97%","PoliticalParty":""}]},{"RaceName":"Member Town Council - Glade Spring (GLADE SPRING)","PrecinctsReporting":2,"PrecinctsParticipating":2,"NumberOfSeats":3,"Candidates":[{"BallotName":"Ricky R. Call","BallotOrder":1,"Votes":395,"Percentage":"32.54%","PoliticalParty":""},{"BallotName":"Ricky L. Stumbo, Jr.","BallotOrder":2,"Votes":473,"Percentage":"38.96%","PoliticalParty":""},{"BallotName":"Kyle L. Sensabaugh","BallotOrder":3,"Votes":309,"Percentage":"25.45%","PoliticalParty":""},{"BallotName":"Write In","BallotOrder":2147483647,"Votes":37,"Percentage":"3.05%","PoliticalParty":""}]},{"RaceName":"Member Town Council - Special (DAMASCUS)","PrecinctsReporting":2,"PrecinctsParticipating":2,"NumberOfSeats":1,"Candidates":[{"BallotName":"Shannon D. Barrett","BallotOrder":1,"Votes":59,"Percentage":"16.67%","PoliticalParty":""},{"BallotName":"Gerald A. \"Tony\" Doss","BallotOrder":2,"Votes":128,"Percentage":"36.16%","PoliticalParty":""},{"BallotName":"Lindsey B. Fleming","BallotOrder":3,"Votes":34,"Percentage":"9.60%","PoliticalParty":""},{"BallotName":"Charles E. Fields","BallotOrder":4,"Votes":89,"Percentage":"25.14%","PoliticalParty":""},{"BallotName":"Jim L. Harrison III","BallotOrder":5,"Votes":28,"Percentage":"7.91%","PoliticalParty":""},{"BallotName":"Whitney O. Peters","BallotOrder":6,"Votes":15,"Percentage":"4.24%","PoliticalParty":""},{"BallotName":"Write In","BallotOrder":2147483647,"Votes":1,"Percentage":"0.28%","PoliticalParty":""}]},{"RaceName":"Constitutional Amendment #1","PrecinctsReporting":20,"PrecinctsParticipating":20,"NumberOfSeats":1,"Candidates":[{"BallotName":"Yes","BallotOrder":1,"Votes":19498,"Percentage":"72.44%","PoliticalParty":null},{"BallotName":"No","BallotOrder":2,"Votes":7417,"Percentage":"27.56%","PoliticalParty":null}]},{"RaceName":"Constitutional Amendment #2","PrecinctsReporting":20,"PrecinctsParticipating":20,"NumberOfSeats":1,"Candidates":[{"BallotName":"Yes","BallotOrder":1,"Votes":25328,"Percentage":"90.46%","PoliticalParty":null},{"BallotName":"No","BallotOrder":2,"Votes":2672,"Percentage":"9.54%","PoliticalParty":null}]}]}