{"ElectionName":"2020 November General","ElectionDate":"2020-11-03T00:00:00","CreateDate":"2020-11-24T11:20:50.5080679-05:00","Locality":{"LocalityName":"WAYNESBORO CITY","LocalityCode":"820"},"Races":[{"RaceName":"President and Vice President","PrecinctsReporting":5,"PrecinctsParticipating":5,"NumberOfSeats":1,"Candidates":[{"BallotName":"Joseph R. Biden","BallotOrder":1,"Votes":4961,"Percentage":"46.29%","PoliticalParty":"Democratic"},{"BallotName":"Donald J. Trump","BallotOrder":2,"Votes":5507,"Percentage":"51.39%","PoliticalParty":"Republican"},{"BallotName":"Jo Jorgensen","BallotOrder":3,"Votes":209,"Percentage":"1.95%","PoliticalParty":"Libertarian"},{"BallotName":"Write In","BallotOrder":2147483647,"Votes":40,"Percentage":"0.37%","PoliticalParty":"Write-In"}]},{"RaceName":"Member United States Senate","PrecinctsReporting":5,"PrecinctsParticipating":5,"NumberOfSeats":1,"Candidates":[{"BallotName":"Mark R. Warner","BallotOrder":1,"Votes":5275,"Percentage":"49.71%","PoliticalParty":"Democratic"},{"BallotName":"Daniel M. Gade","BallotOrder":2,"Votes":5324,"Percentage":"50.17%","PoliticalParty":"Republican"},{"BallotName":"Write In","BallotOrder":2147483647,"Votes":12,"Percentage":"0.11%","PoliticalParty":"Write-In"}]},{"RaceName":"Member House of Representatives (06)","PrecinctsReporting":5,"PrecinctsParticipating":5,"NumberOfSeats":1,"Candidates":[{"BallotName":"Nicholas A. Betts","BallotOrder":1,"Votes":4574,"Percentage":"43.45%","PoliticalParty":"Democratic"},{"BallotName":"Ben L. Cline","BallotOrder":2,"Votes":5938,"Percentage":"56.40%","PoliticalParty":"Republican"},{"BallotName":"Write In","BallotOrder":2147483647,"Votes":16,"Percentage":"0.15%","PoliticalParty":"Write-In"}]},{"RaceName":"Constitutional Amendment #1","PrecinctsReporting":5,"PrecinctsParticipating":5,"NumberOfSeats":1,"Candidates":[{"BallotName":"Yes","BallotOrder":1,"Votes":7027,"Percentage":"71.67%","PoliticalParty":null},{"BallotName":"No","BallotOrder":2,"Votes":2778,"Percentage":"28.33%","PoliticalParty":null}]},{"RaceName":"Constitutional Amendment #2","PrecinctsReporting":5,"PrecinctsParticipating":5,"NumberOfSeats":1,"Candidates":[{"BallotName":"Yes","BallotOrder":1,"Votes":8916,"Percentage":"88.31%","PoliticalParty":null},{"BallotName":"No","BallotOrder":2,"Votes":1180,"Percentage":"11.69%","PoliticalParty":null}]}]}