{"ElectionName":"2020 November General","ElectionDate":"2020-11-03T00:00:00","CreateDate":"2020-11-24T11:20:50.5250748-05:00","Locality":{"LocalityName":"WESTMORELAND COUNTY","LocalityCode":"193"},"Races":[{"RaceName":"President and Vice President","PrecinctsReporting":9,"PrecinctsParticipating":9,"NumberOfSeats":1,"Candidates":[{"BallotName":"Joseph R. Biden","BallotOrder":1,"Votes":4501,"Percentage":"45.31%","PoliticalParty":"Democratic"},{"BallotName":"Donald J. Trump","BallotOrder":2,"Votes":5318,"Percentage":"53.54%","PoliticalParty":"Republican"},{"BallotName":"Jo Jorgensen","BallotOrder":3,"Votes":90,"Percentage":"0.91%","PoliticalParty":"Libertarian"},{"BallotName":"Write In","BallotOrder":2147483647,"Votes":24,"Percentage":"0.24%","PoliticalParty":"Write-In"}]},{"RaceName":"Member United States Senate","PrecinctsReporting":9,"PrecinctsParticipating":9,"NumberOfSeats":1,"Candidates":[{"BallotName":"Mark R. Warner","BallotOrder":1,"Votes":4821,"Percentage":"49.02%","PoliticalParty":"Democratic"},{"BallotName":"Daniel M. Gade","BallotOrder":2,"Votes":5009,"Percentage":"50.94%","PoliticalParty":"Republican"},{"BallotName":"Write In","BallotOrder":2147483647,"Votes":4,"Percentage":"0.04%","PoliticalParty":"Write-In"}]},{"RaceName":"Member House of Representatives (01)","PrecinctsReporting":9,"PrecinctsParticipating":9,"NumberOfSeats":1,"Candidates":[{"BallotName":"Qasim Rashid","BallotOrder":1,"Votes":3853,"Percentage":"39.28%","PoliticalParty":"Democratic"},{"BallotName":"Robert J. Wittman","BallotOrder":2,"Votes":5950,"Percentage":"60.65%","PoliticalParty":"Republican"},{"BallotName":"Write In","BallotOrder":2147483647,"Votes":7,"Percentage":"0.07%","PoliticalParty":"Write-In"}]},{"RaceName":"Mayor - Colonial Beach (COLONIAL BEACH)","PrecinctsReporting":2,"PrecinctsParticipating":2,"NumberOfSeats":1,"Candidates":[{"BallotName":"Michael J. Fitzpatrick","BallotOrder":1,"Votes":962,"Percentage":"49.49%","PoliticalParty":""},{"BallotName":"Robin Schick","BallotOrder":2,"Votes":979,"Percentage":"50.36%","PoliticalParty":""},{"BallotName":"Write In","BallotOrder":2147483647,"Votes":3,"Percentage":"0.15%","PoliticalParty":""}]},{"RaceName":"Member Town Council - Colonial Beach (COLONIAL BEACH)","PrecinctsReporting":2,"PrecinctsParticipating":2,"NumberOfSeats":3,"Candidates":[{"BallotName":"Thomas M. Moncure Jr.","BallotOrder":1,"Votes":926,"Percentage":"20.79%","PoliticalParty":""},{"BallotName":"Richard M. \"Mike\" Cabrey","BallotOrder":2,"Votes":974,"Percentage":"21.87%","PoliticalParty":""},{"BallotName":"Wayne DiRosario","BallotOrder":3,"Votes":585,"Percentage":"13.14%","PoliticalParty":""},{"BallotName":"Alan Darlington","BallotOrder":4,"Votes":421,"Percentage":"9.45%","PoliticalParty":""},{"BallotName":"Caryn Self Sullivan","BallotOrder":5,"Votes":921,"Percentage":"20.68%","PoliticalParty":""},{"BallotName":"Dallas W. Leamon","BallotOrder":6,"Votes":602,"Percentage":"13.52%","PoliticalParty":""},{"BallotName":"Write In","BallotOrder":2147483647,"Votes":24,"Percentage":"0.54%","PoliticalParty":""}]},{"RaceName":"Member Town Council - Montross (MONTROSS)","PrecinctsReporting":2,"PrecinctsParticipating":2,"NumberOfSeats":4,"Candidates":[{"BallotName":"Joseph \"Joey\" Paul King","BallotOrder":1,"Votes":128,"Percentage":"24.52%","PoliticalParty":""},{"BallotName":"Kathryn S. Wittman","BallotOrder":2,"Votes":139,"Percentage":"26.63%","PoliticalParty":""},{"BallotName":"Bobby D. Greene","BallotOrder":3,"Votes":126,"Percentage":"24.14%","PoliticalParty":""},{"BallotName":"Terry A. Cosgrove","BallotOrder":4,"Votes":118,"Percentage":"22.61%","PoliticalParty":""},{"BallotName":"Write In","BallotOrder":2147483647,"Votes":11,"Percentage":"2.11%","PoliticalParty":""}]},{"RaceName":"Member School Board - Colonial Beach (COLONIAL BEACH)","PrecinctsReporting":2,"PrecinctsParticipating":2,"NumberOfSeats":3,"Candidates":[{"BallotName":"Audra Lucas-Peyton","BallotOrder":1,"Votes":923,"Percentage":"24.53%","PoliticalParty":""},{"BallotName":"Michelle \"Shelly\" Payne","BallotOrder":2,"Votes":996,"Percentage":"26.47%","PoliticalParty":""},{"BallotName":"Theresa \"Terri\" McClure","BallotOrder":3,"Votes":913,"Percentage":"24.26%","PoliticalParty":""},{"BallotName":"Brent T. Steffey","BallotOrder":4,"Votes":901,"Percentage":"23.94%","PoliticalParty":""},{"BallotName":"Write In","BallotOrder":2147483647,"Votes":30,"Percentage":"0.80%","PoliticalParty":""}]},{"RaceName":"Constitutional Amendment #1","PrecinctsReporting":9,"PrecinctsParticipating":9,"NumberOfSeats":1,"Candidates":[{"BallotName":"Yes","BallotOrder":1,"Votes":6015,"Percentage":"65.04%","PoliticalParty":null},{"BallotName":"No","BallotOrder":2,"Votes":3233,"Percentage":"34.96%","PoliticalParty":null}]},{"RaceName":"Constitutional Amendment #2","PrecinctsReporting":9,"PrecinctsParticipating":9,"NumberOfSeats":1,"Candidates":[{"BallotName":"Yes","BallotOrder":1,"Votes":8561,"Percentage":"89.09%","PoliticalParty":null},{"BallotName":"No","BallotOrder":2,"Votes":1048,"Percentage":"10.91%","PoliticalParty":null}]}]}