{"ElectionName":"2020 November General","ElectionDate":"2020-11-03T00:00:00","CreateDate":"2020-11-24T11:20:50.5600725-05:00","Locality":{"LocalityName":"WILLIAMSBURG CITY","LocalityCode":"830"},"Races":[{"RaceName":"President and Vice President","PrecinctsReporting":3,"PrecinctsParticipating":3,"NumberOfSeats":1,"Candidates":[{"BallotName":"Joseph R. Biden","BallotOrder":1,"Votes":4790,"Percentage":"69.59%","PoliticalParty":"Democratic"},{"BallotName":"Donald J. Trump","BallotOrder":2,"Votes":1963,"Percentage":"28.52%","PoliticalParty":"Republican"},{"BallotName":"Jo Jorgensen","BallotOrder":3,"Votes":92,"Percentage":"1.34%","PoliticalParty":"Libertarian"},{"BallotName":"Write In","BallotOrder":2147483647,"Votes":38,"Percentage":"0.55%","PoliticalParty":"Write-In"}]},{"RaceName":"Member United States Senate","PrecinctsReporting":3,"PrecinctsParticipating":3,"NumberOfSeats":1,"Candidates":[{"BallotName":"Mark R. Warner","BallotOrder":1,"Votes":4811,"Percentage":"70.33%","PoliticalParty":"Democratic"},{"BallotName":"Daniel M. Gade","BallotOrder":2,"Votes":2020,"Percentage":"29.53%","PoliticalParty":"Republican"},{"BallotName":"Write In","BallotOrder":2147483647,"Votes":10,"Percentage":"0.15%","PoliticalParty":"Write-In"}]},{"RaceName":"Member House of Representatives (02)","PrecinctsReporting":3,"PrecinctsParticipating":3,"NumberOfSeats":1,"Candidates":[{"BallotName":"Elaine G. Luria","BallotOrder":1,"Votes":4712,"Percentage":"68.76%","PoliticalParty":"Democratic"},{"BallotName":"Scott W. Taylor","BallotOrder":2,"Votes":1968,"Percentage":"28.72%","PoliticalParty":"Republican"},{"BallotName":"David Bruce Foster","BallotOrder":3,"Votes":167,"Percentage":"2.44%","PoliticalParty":"Independent"},{"BallotName":"Write In","BallotOrder":2147483647,"Votes":6,"Percentage":"0.09%","PoliticalParty":"Write-In"}]},{"RaceName":"Constitutional Amendment #1","PrecinctsReporting":3,"PrecinctsParticipating":3,"NumberOfSeats":1,"Candidates":[{"BallotName":"Yes","BallotOrder":1,"Votes":4527,"Percentage":"69.46%","PoliticalParty":null},{"BallotName":"No","BallotOrder":2,"Votes":1990,"Percentage":"30.54%","PoliticalParty":null}]},{"RaceName":"Constitutional Amendment #2","PrecinctsReporting":3,"PrecinctsParticipating":3,"NumberOfSeats":1,"Candidates":[{"BallotName":"Yes","BallotOrder":1,"Votes":5343,"Percentage":"80.25%","PoliticalParty":null},{"BallotName":"No","BallotOrder":2,"Votes":1315,"Percentage":"19.75%","PoliticalParty":null}]}]}