{"ElectionName":"2020 November General","ElectionDate":"2020-11-03T00:00:00","CreateDate":"2020-11-24T11:20:50.5860731-05:00","Locality":{"LocalityName":"WINCHESTER CITY","LocalityCode":"840"},"Races":[{"RaceName":"President and Vice President","PrecinctsReporting":7,"PrecinctsParticipating":7,"NumberOfSeats":1,"Candidates":[{"BallotName":"Joseph R. Biden","BallotOrder":1,"Votes":6610,"Percentage":"54.60%","PoliticalParty":"Democratic"},{"BallotName":"Donald J. Trump","BallotOrder":2,"Votes":5221,"Percentage":"43.13%","PoliticalParty":"Republican"},{"BallotName":"Jo Jorgensen","BallotOrder":3,"Votes":213,"Percentage":"1.76%","PoliticalParty":"Libertarian"},{"BallotName":"Write In","BallotOrder":2147483647,"Votes":62,"Percentage":"0.51%","PoliticalParty":"Write-In"}]},{"RaceName":"Member United States Senate","PrecinctsReporting":7,"PrecinctsParticipating":7,"NumberOfSeats":1,"Candidates":[{"BallotName":"Mark R. Warner","BallotOrder":1,"Votes":6898,"Percentage":"57.58%","PoliticalParty":"Democratic"},{"BallotName":"Daniel M. Gade","BallotOrder":2,"Votes":5076,"Percentage":"42.37%","PoliticalParty":"Republican"},{"BallotName":"Write In","BallotOrder":2147483647,"Votes":6,"Percentage":"0.05%","PoliticalParty":"Write-In"}]},{"RaceName":"Member House of Representatives (10)","PrecinctsReporting":7,"PrecinctsParticipating":7,"NumberOfSeats":1,"Candidates":[{"BallotName":"Jennifer T. Wexton","BallotOrder":1,"Votes":6626,"Percentage":"55.48%","PoliticalParty":"Democratic"},{"BallotName":"Aliscia N. Andrews","BallotOrder":2,"Votes":5310,"Percentage":"44.46%","PoliticalParty":"Republican"},{"BallotName":"Write In","BallotOrder":2147483647,"Votes":7,"Percentage":"0.06%","PoliticalParty":"Write-In"}]},{"RaceName":"Member House of Delegates (029)","PrecinctsReporting":7,"PrecinctsParticipating":7,"NumberOfSeats":1,"Candidates":[{"BallotName":"Irina B. Khanin","BallotOrder":1,"Votes":6115,"Percentage":"51.73%","PoliticalParty":"Democratic"},{"BallotName":"William D. \"Bill\" Wiley","BallotOrder":2,"Votes":5690,"Percentage":"48.13%","PoliticalParty":"Republican"},{"BallotName":"Write In","BallotOrder":2147483647,"Votes":16,"Percentage":"0.14%","PoliticalParty":"Write-In"}]},{"RaceName":"Mayor (WINCHESTER CITY)","PrecinctsReporting":7,"PrecinctsParticipating":7,"NumberOfSeats":1,"Candidates":[{"BallotName":"John David Smith Jr.","BallotOrder":1,"Votes":6017,"Percentage":"52.34%","PoliticalParty":""},{"BallotName":"Danielle R. Bostick","BallotOrder":2,"Votes":5402,"Percentage":"46.99%","PoliticalParty":""},{"BallotName":"Write In","BallotOrder":2147483647,"Votes":77,"Percentage":"0.67%","PoliticalParty":""}]},{"RaceName":"Member School Board At-Large (WINCHESTER CITY)","PrecinctsReporting":7,"PrecinctsParticipating":7,"NumberOfSeats":1,"Candidates":[{"BallotName":"Lincoln W. Jones","BallotOrder":1,"Votes":5059,"Percentage":"47.16%","PoliticalParty":""},{"BallotName":"Marie S. Imoh","BallotOrder":2,"Votes":5530,"Percentage":"51.55%","PoliticalParty":""},{"BallotName":"Write In","BallotOrder":2147483647,"Votes":138,"Percentage":"1.29%","PoliticalParty":""}]},{"RaceName":"Member City Council (FIRST WARD)","PrecinctsReporting":3,"PrecinctsParticipating":3,"NumberOfSeats":1,"Candidates":[{"BallotName":"Richard S. Bell","BallotOrder":1,"Votes":1962,"Percentage":"45.42%","PoliticalParty":""},{"BallotName":"Les C. Veach","BallotOrder":2,"Votes":2347,"Percentage":"54.33%","PoliticalParty":""},{"BallotName":"Write In","BallotOrder":2147483647,"Votes":11,"Percentage":"0.25%","PoliticalParty":""}]},{"RaceName":"Member City Council (FOURTH WARD)","PrecinctsReporting":3,"PrecinctsParticipating":3,"NumberOfSeats":1,"Candidates":[{"BallotName":"Phillip \"Phil\" L. Milstead","BallotOrder":1,"Votes":1471,"Percentage":"51.11%","PoliticalParty":""},{"BallotName":"John A. Willingham","BallotOrder":2,"Votes":1393,"Percentage":"48.40%","PoliticalParty":""},{"BallotName":"Write In","BallotOrder":2147483647,"Votes":14,"Percentage":"0.49%","PoliticalParty":""}]},{"RaceName":"Member City Council (SECOND WARD)","PrecinctsReporting":2,"PrecinctsParticipating":2,"NumberOfSeats":1,"Candidates":[{"BallotName":"John W. Hill","BallotOrder":1,"Votes":1058,"Percentage":"55.13%","PoliticalParty":""},{"BallotName":"Tim M. Mondell","BallotOrder":2,"Votes":850,"Percentage":"44.29%","PoliticalParty":""},{"BallotName":"Write In","BallotOrder":2147483647,"Votes":11,"Percentage":"0.57%","PoliticalParty":""}]},{"RaceName":"Member City Council (THIRD WARD)","PrecinctsReporting":2,"PrecinctsParticipating":2,"NumberOfSeats":1,"Candidates":[{"BallotName":"Ryan C. Hall","BallotOrder":1,"Votes":811,"Percentage":"42.80%","PoliticalParty":""},{"BallotName":"Corey S. Sullivan","BallotOrder":2,"Votes":1077,"Percentage":"56.83%","PoliticalParty":""},{"BallotName":"Write In","BallotOrder":2147483647,"Votes":7,"Percentage":"0.37%","PoliticalParty":""}]},{"RaceName":"Member School Board (FIRST WARD)","PrecinctsReporting":3,"PrecinctsParticipating":3,"NumberOfSeats":1,"Candidates":[{"BallotName":"Michael K. Birchenough","BallotOrder":1,"Votes":3340,"Percentage":"97.18%","PoliticalParty":""},{"BallotName":"Write In","BallotOrder":2147483647,"Votes":97,"Percentage":"2.82%","PoliticalParty":""}]},{"RaceName":"Member School Board (SECOND WARD)","PrecinctsReporting":2,"PrecinctsParticipating":2,"NumberOfSeats":1,"Candidates":[{"BallotName":"Carmen A. Crawford","BallotOrder":1,"Votes":934,"Percentage":"50.00%","PoliticalParty":""},{"BallotName":"Melissa A. Harris","BallotOrder":2,"Votes":926,"Percentage":"49.57%","PoliticalParty":""},{"BallotName":"Write In","BallotOrder":2147483647,"Votes":8,"Percentage":"0.43%","PoliticalParty":""}]},{"RaceName":"Member School Board (THIRD WARD)","PrecinctsReporting":2,"PrecinctsParticipating":2,"NumberOfSeats":1,"Candidates":[{"BallotName":"Elyus A. Wallace","BallotOrder":1,"Votes":1657,"Percentage":"98.05%","PoliticalParty":""},{"BallotName":"Write In","BallotOrder":2147483647,"Votes":33,"Percentage":"1.95%","PoliticalParty":""}]},{"RaceName":"Constitutional Amendment #1","PrecinctsReporting":7,"PrecinctsParticipating":7,"NumberOfSeats":1,"Candidates":[{"BallotName":"Yes","BallotOrder":1,"Votes":7627,"Percentage":"68.26%","PoliticalParty":null},{"BallotName":"No","BallotOrder":2,"Votes":3547,"Percentage":"31.74%","PoliticalParty":null}]},{"RaceName":"Constitutional Amendment #2","PrecinctsReporting":7,"PrecinctsParticipating":7,"NumberOfSeats":1,"Candidates":[{"BallotName":"Yes","BallotOrder":1,"Votes":9931,"Percentage":"85.51%","PoliticalParty":null},{"BallotName":"No","BallotOrder":2,"Votes":1683,"Percentage":"14.49%","PoliticalParty":null}]}]}