{"ElectionName":"2020 November General","ElectionDate":"2020-11-03T00:00:00","CreateDate":"2020-11-24T11:20:50.6060751-05:00","Locality":{"LocalityName":"WISE COUNTY","LocalityCode":"195"},"Races":[{"RaceName":"President and Vice President","PrecinctsReporting":13,"PrecinctsParticipating":13,"NumberOfSeats":1,"Candidates":[{"BallotName":"Joseph R. Biden","BallotOrder":1,"Votes":3110,"Percentage":"18.72%","PoliticalParty":"Democratic"},{"BallotName":"Donald J. Trump","BallotOrder":2,"Votes":13366,"Percentage":"80.45%","PoliticalParty":"Republican"},{"BallotName":"Jo Jorgensen","BallotOrder":3,"Votes":108,"Percentage":"0.65%","PoliticalParty":"Libertarian"},{"BallotName":"Write In","BallotOrder":2147483647,"Votes":31,"Percentage":"0.19%","PoliticalParty":"Write-In"}]},{"RaceName":"Member United States Senate","PrecinctsReporting":13,"PrecinctsParticipating":13,"NumberOfSeats":1,"Candidates":[{"BallotName":"Mark R. Warner","BallotOrder":1,"Votes":4128,"Percentage":"25.41%","PoliticalParty":"Democratic"},{"BallotName":"Daniel M. Gade","BallotOrder":2,"Votes":12096,"Percentage":"74.46%","PoliticalParty":"Republican"},{"BallotName":"Write In","BallotOrder":2147483647,"Votes":21,"Percentage":"0.13%","PoliticalParty":"Write-In"}]},{"RaceName":"Member House of Representatives (09)","PrecinctsReporting":13,"PrecinctsParticipating":13,"NumberOfSeats":1,"Candidates":[{"BallotName":"H. Morgan Griffith","BallotOrder":1,"Votes":13623,"Percentage":"95.46%","PoliticalParty":"Republican"},{"BallotName":"Write In","BallotOrder":2147483647,"Votes":648,"Percentage":"4.54%","PoliticalParty":"Write-In"}]},{"RaceName":"Constitutional Amendment #1","PrecinctsReporting":13,"PrecinctsParticipating":13,"NumberOfSeats":1,"Candidates":[{"BallotName":"Yes","BallotOrder":1,"Votes":10143,"Percentage":"65.80%","PoliticalParty":null},{"BallotName":"No","BallotOrder":2,"Votes":5271,"Percentage":"34.20%","PoliticalParty":null}]},{"RaceName":"Constitutional Amendment #2","PrecinctsReporting":13,"PrecinctsParticipating":13,"NumberOfSeats":1,"Candidates":[{"BallotName":"Yes","BallotOrder":1,"Votes":15045,"Percentage":"92.48%","PoliticalParty":null},{"BallotName":"No","BallotOrder":2,"Votes":1223,"Percentage":"7.52%","PoliticalParty":null}]}]}