{"ElectionName":"2020 November General","ElectionDate":"2020-11-03T00:00:00","CreateDate":"2020-11-24T11:20:50.6210763-05:00","Locality":{"LocalityName":"WYTHE COUNTY","LocalityCode":"197"},"Races":[{"RaceName":"President and Vice President","PrecinctsReporting":12,"PrecinctsParticipating":12,"NumberOfSeats":1,"Candidates":[{"BallotName":"Joseph R. Biden","BallotOrder":1,"Votes":3143,"Percentage":"20.85%","PoliticalParty":"Democratic"},{"BallotName":"Donald J. Trump","BallotOrder":2,"Votes":11733,"Percentage":"77.85%","PoliticalParty":"Republican"},{"BallotName":"Jo Jorgensen","BallotOrder":3,"Votes":170,"Percentage":"1.13%","PoliticalParty":"Libertarian"},{"BallotName":"Write In","BallotOrder":2147483647,"Votes":26,"Percentage":"0.17%","PoliticalParty":"Write-In"}]},{"RaceName":"Member United States Senate","PrecinctsReporting":12,"PrecinctsParticipating":12,"NumberOfSeats":1,"Candidates":[{"BallotName":"Mark R. Warner","BallotOrder":1,"Votes":4043,"Percentage":"27.24%","PoliticalParty":"Democratic"},{"BallotName":"Daniel M. Gade","BallotOrder":2,"Votes":10787,"Percentage":"72.68%","PoliticalParty":"Republican"},{"BallotName":"Write In","BallotOrder":2147483647,"Votes":12,"Percentage":"0.08%","PoliticalParty":"Write-In"}]},{"RaceName":"Member House of Representatives (09)","PrecinctsReporting":12,"PrecinctsParticipating":12,"NumberOfSeats":1,"Candidates":[{"BallotName":"H. Morgan Griffith","BallotOrder":1,"Votes":12302,"Percentage":"95.90%","PoliticalParty":"Republican"},{"BallotName":"Write In","BallotOrder":2147483647,"Votes":526,"Percentage":"4.10%","PoliticalParty":"Write-In"}]},{"RaceName":"Constitutional Amendment #1","PrecinctsReporting":12,"PrecinctsParticipating":12,"NumberOfSeats":1,"Candidates":[{"BallotName":"Yes","BallotOrder":1,"Votes":10912,"Percentage":"76.52%","PoliticalParty":null},{"BallotName":"No","BallotOrder":2,"Votes":3349,"Percentage":"23.48%","PoliticalParty":null}]},{"RaceName":"Constitutional Amendment #2","PrecinctsReporting":12,"PrecinctsParticipating":12,"NumberOfSeats":1,"Candidates":[{"BallotName":"Yes","BallotOrder":1,"Votes":13485,"Percentage":"91.39%","PoliticalParty":null},{"BallotName":"No","BallotOrder":2,"Votes":1270,"Percentage":"8.61%","PoliticalParty":null}]}]}